/*
 Navicat Premium Data Transfer

 Source Server         : localhost
 Source Server Type    : MySQL
 Source Server Version : 50717
 Source Host           : localhost:3306
 Source Schema         : law-case

 Target Server Type    : MySQL
 Target Server Version : 50717
 File Encoding         : 65001

 Date: 15/07/2022 09:56:54
*/

SET NAMES utf8mb4;
SET FOREIGN_KEY_CHECKS = 0;

-- ----------------------------
-- Table structure for lc_case_execution
-- ----------------------------
DROP TABLE IF EXISTS `lc_case_execution`;
CREATE TABLE `lc_case_execution` (
  `id` bigint(20) NOT NULL AUTO_INCREMENT,
  `type_id` bigint(20) DEFAULT NULL,
  `name` varchar(500) DEFAULT NULL,
  `suspects` varchar(200) DEFAULT NULL,
  `status` tinyint(4) DEFAULT NULL,
  `created_by` bigint(20) DEFAULT NULL,
  `created_time` datetime DEFAULT NULL,
  `lastmodified_by` bigint(20) DEFAULT NULL,
  `lastmodified_time` datetime DEFAULT NULL,
  PRIMARY KEY (`id`) USING BTREE
) ENGINE=InnoDB AUTO_INCREMENT=13 DEFAULT CHARSET=utf8;

-- ----------------------------
-- Records of lc_case_execution
-- ----------------------------
BEGIN;
INSERT INTO `lc_case_execution` VALUES (10, 1, '行政202207031835', NULL, 1, 1, '2022-07-03 18:36:00', 1, '2022-07-03 20:18:52');
INSERT INTO `lc_case_execution` VALUES (11, 3, '刑事202207091933', NULL, 1, 1, '2022-07-09 19:33:43', 1, '2022-07-09 19:33:43');
INSERT INTO `lc_case_execution` VALUES (12, 1, '行政202207141857', NULL, 1, 1, '2022-07-14 18:58:56', 1, '2022-07-14 18:58:56');
COMMIT;

-- ----------------------------
-- Table structure for lc_case_execution_step
-- ----------------------------
DROP TABLE IF EXISTS `lc_case_execution_step`;
CREATE TABLE `lc_case_execution_step` (
  `id` bigint(20) NOT NULL AUTO_INCREMENT,
  `execution_id` bigint(20) DEFAULT NULL,
  `name` varchar(200) DEFAULT NULL,
  `suspect` varchar(100) DEFAULT NULL,
  `created_by` bigint(20) DEFAULT NULL,
  `created_time` datetime DEFAULT NULL,
  `lastmodified_by` bigint(20) DEFAULT NULL,
  `lastmodified_time` datetime DEFAULT NULL,
  PRIMARY KEY (`id`)
) ENGINE=InnoDB AUTO_INCREMENT=31 DEFAULT CHARSET=utf8;

-- ----------------------------
-- Records of lc_case_execution_step
-- ----------------------------
BEGIN;
INSERT INTO `lc_case_execution_step` VALUES (24, 10, '受案', '张三', 1, '2022-07-03 18:36:00', 1, '2022-07-03 18:36:00');
INSERT INTO `lc_case_execution_step` VALUES (25, 10, '受案', '李四', 1, '2022-07-03 18:36:00', 1, '2022-07-03 18:36:00');
INSERT INTO `lc_case_execution_step` VALUES (26, 10, '受案', '王五', 1, '2022-07-03 18:36:00', 1, '2022-07-03 18:36:00');
INSERT INTO `lc_case_execution_step` VALUES (27, 11, '立案', NULL, 1, '2022-07-09 19:33:43', 1, '2022-07-09 19:33:43');
INSERT INTO `lc_case_execution_step` VALUES (28, 11, '勘验', NULL, 1, '2022-07-09 19:33:43', 1, '2022-07-09 19:33:43');
INSERT INTO `lc_case_execution_step` VALUES (29, 12, '受案', '张三', 1, '2022-07-14 18:58:56', 1, '2022-07-14 18:58:56');
INSERT INTO `lc_case_execution_step` VALUES (30, 12, '先行登记保存', '张三', 1, '2022-07-14 18:58:56', 1, '2022-07-14 18:58:56');
COMMIT;

-- ----------------------------
-- Table structure for lc_case_execution_step_item
-- ----------------------------
DROP TABLE IF EXISTS `lc_case_execution_step_item`;
CREATE TABLE `lc_case_execution_step_item` (
  `id` bigint(20) NOT NULL AUTO_INCREMENT,
  `execution_id` bigint(20) DEFAULT NULL,
  `step_id` bigint(20) DEFAULT NULL,
  `name` varchar(200) DEFAULT NULL,
  `law_title` varchar(2000) DEFAULT NULL,
  `status` int(4) DEFAULT NULL,
  `created_by` bigint(20) DEFAULT NULL,
  `created_time` datetime DEFAULT NULL,
  `lastmodified_by` bigint(20) DEFAULT NULL,
  `lastmodified_time` datetime DEFAULT NULL,
  PRIMARY KEY (`id`)
) ENGINE=InnoDB AUTO_INCREMENT=140 DEFAULT CHARSET=utf8;

-- ----------------------------
-- Records of lc_case_execution_step_item
-- ----------------------------
BEGIN;
INSERT INTO `lc_case_execution_step_item` VALUES (126, 10, 24, '受案表', '依据', 1, 1, '2022-07-03 18:36:00', 1, '2022-07-03 18:36:00');
INSERT INTO `lc_case_execution_step_item` VALUES (127, 10, 24, '受案回执', '受案回执依据', 2, 1, '2022-07-03 18:36:00', 1, '2022-07-03 19:48:58');
INSERT INTO `lc_case_execution_step_item` VALUES (128, 10, 25, '受案表', '依据', 2, 1, '2022-07-03 18:36:00', 1, '2022-07-03 19:49:14');
INSERT INTO `lc_case_execution_step_item` VALUES (129, 10, 25, '受案回执', '受案回执依据', 1, 1, '2022-07-03 18:36:00', 1, '2022-07-03 18:36:00');
INSERT INTO `lc_case_execution_step_item` VALUES (130, 10, 26, '受案表', '依据', 1, 1, '2022-07-03 18:36:00', 1, '2022-07-03 18:36:00');
INSERT INTO `lc_case_execution_step_item` VALUES (131, 10, 26, '受案回执', '受案回执依据', 1, 1, '2022-07-03 18:36:00', 1, '2022-07-03 18:36:00');
INSERT INTO `lc_case_execution_step_item` VALUES (132, 11, 27, '立案决定书', '立案依据', 1, 1, '2022-07-09 19:33:43', 1, '2022-07-09 19:33:43');
INSERT INTO `lc_case_execution_step_item` VALUES (133, 11, 27, '立案告知书', '立案依据', 1, 1, '2022-07-09 19:33:43', 1, '2022-07-09 19:33:43');
INSERT INTO `lc_case_execution_step_item` VALUES (134, 11, 28, '勘验笔录', '勘验依据', 1, 1, '2022-07-09 19:33:43', 1, '2022-07-09 19:33:43');
INSERT INTO `lc_case_execution_step_item` VALUES (135, 11, 28, '现场照片', '勘验依据', 2, 1, '2022-07-09 19:33:43', 1, '2022-07-09 19:33:57');
INSERT INTO `lc_case_execution_step_item` VALUES (136, 12, 29, '受案表', '依据', 1, 1, '2022-07-14 18:58:56', 1, '2022-07-14 18:58:56');
INSERT INTO `lc_case_execution_step_item` VALUES (137, 12, 29, '受案回执', '受案回执依据', 1, 1, '2022-07-14 18:58:56', 1, '2022-07-14 18:58:56');
INSERT INTO `lc_case_execution_step_item` VALUES (138, 12, 30, '办案部门负责人批准', '登记保存依据', 1, 1, '2022-07-14 18:58:56', 1, '2022-07-14 18:58:56');
INSERT INTO `lc_case_execution_step_item` VALUES (139, 12, 30, '登记保存清单', '登记依据', 1, 1, '2022-07-14 18:58:56', 1, '2022-07-14 18:58:56');
COMMIT;

-- ----------------------------
-- Table structure for lc_case_execution_suspect
-- ----------------------------
DROP TABLE IF EXISTS `lc_case_execution_suspect`;
CREATE TABLE `lc_case_execution_suspect` (
  `id` bigint(20) NOT NULL AUTO_INCREMENT,
  `execution_id` bigint(20) DEFAULT NULL,
  `name` varchar(50) DEFAULT NULL,
  `created_by` bigint(20) DEFAULT NULL,
  `created_time` datetime DEFAULT NULL,
  `lastmodified_by` bigint(20) DEFAULT NULL,
  `lastmodified_time` datetime DEFAULT NULL,
  PRIMARY KEY (`id`)
) ENGINE=InnoDB AUTO_INCREMENT=8 DEFAULT CHARSET=utf8;

-- ----------------------------
-- Records of lc_case_execution_suspect
-- ----------------------------
BEGIN;
INSERT INTO `lc_case_execution_suspect` VALUES (1, 2, '张三', 1, '2022-06-26 11:39:52', 1, '2022-06-26 11:39:52');
INSERT INTO `lc_case_execution_suspect` VALUES (2, 2, '李四', 1, '2022-06-26 11:39:52', 1, '2022-06-26 11:39:52');
INSERT INTO `lc_case_execution_suspect` VALUES (3, 3, '小明', 1, '2022-06-26 23:35:06', 1, '2022-06-26 23:35:06');
INSERT INTO `lc_case_execution_suspect` VALUES (4, 3, '小王', 1, '2022-06-26 23:35:06', 1, '2022-06-26 23:35:06');
INSERT INTO `lc_case_execution_suspect` VALUES (5, 4, 'John', 1, '2022-06-26 23:50:07', 1, '2022-06-26 23:50:07');
INSERT INTO `lc_case_execution_suspect` VALUES (6, 4, 'Sam', 1, '2022-06-26 23:50:07', 1, '2022-06-26 23:50:07');
INSERT INTO `lc_case_execution_suspect` VALUES (7, 5, '流星', 1, '2022-06-26 23:50:47', 1, '2022-06-26 23:50:47');
COMMIT;

-- ----------------------------
-- Table structure for lc_case_type
-- ----------------------------
DROP TABLE IF EXISTS `lc_case_type`;
CREATE TABLE `lc_case_type` (
  `id` bigint(20) NOT NULL AUTO_INCREMENT,
  `code` varchar(50) DEFAULT NULL,
  `name` varchar(10) DEFAULT NULL,
  `memo` varchar(2000) DEFAULT NULL,
  `created_by` bigint(20) DEFAULT NULL,
  `created_time` datetime DEFAULT NULL,
  `lastmodified_by` bigint(20) DEFAULT NULL,
  `lastmodified_time` datetime DEFAULT NULL,
  PRIMARY KEY (`id`)
) ENGINE=InnoDB AUTO_INCREMENT=4 DEFAULT CHARSET=utf8;

-- ----------------------------
-- Records of lc_case_type
-- ----------------------------
BEGIN;
INSERT INTO `lc_case_type` VALUES (1, '100', '行政', '行政类别', 1, '2022-06-13 23:03:14', 1, '2022-07-01 17:55:15');
INSERT INTO `lc_case_type` VALUES (3, '200', '刑事', '刑事类别', 1, '2022-06-13 23:19:25', 1, '2022-07-01 18:02:25');
COMMIT;

-- ----------------------------
-- Table structure for lc_case_type_step
-- ----------------------------
DROP TABLE IF EXISTS `lc_case_type_step`;
CREATE TABLE `lc_case_type_step` (
  `id` bigint(20) NOT NULL AUTO_INCREMENT,
  `type_id` bigint(20) DEFAULT NULL,
  `code` varchar(50) DEFAULT NULL,
  `name` varchar(100) DEFAULT NULL,
  `order_value` int(11) DEFAULT NULL,
  `items` varchar(6000) DEFAULT NULL,
  `created_by` bigint(20) DEFAULT NULL,
  `created_time` datetime DEFAULT NULL,
  `lastmodified_by` bigint(20) DEFAULT NULL,
  `lastmodified_time` datetime DEFAULT NULL,
  PRIMARY KEY (`id`),
  KEY `FKl21qbfr7h6i14psc3fiywof40` (`type_id`),
  CONSTRAINT `FKl21qbfr7h6i14psc3fiywof40` FOREIGN KEY (`type_id`) REFERENCES `lc_case_type` (`id`)
) ENGINE=InnoDB AUTO_INCREMENT=56 DEFAULT CHARSET=utf8;

-- ----------------------------
-- Records of lc_case_type_step
-- ----------------------------
BEGIN;
INSERT INTO `lc_case_type_step` VALUES (3, NULL, NULL, '办案环节1', 1, '1,2,3', 1, '2022-06-22 14:11:22', 1, '2022-06-22 14:11:22');
INSERT INTO `lc_case_type_step` VALUES (4, NULL, NULL, '办案环节2', 2, '4,5,6', 1, '2022-06-22 14:11:22', 1, '2022-06-22 14:11:22');
INSERT INTO `lc_case_type_step` VALUES (5, NULL, NULL, '办案环节3', 3, 'q,w,e', 1, '2022-06-22 14:11:22', 1, '2022-06-22 14:11:22');
INSERT INTO `lc_case_type_step` VALUES (6, NULL, NULL, '办案环节1', 1, '', 1, '2022-06-22 14:17:20', 1, '2022-06-22 14:17:20');
INSERT INTO `lc_case_type_step` VALUES (7, NULL, NULL, '办案环节2', 2, '', 1, '2022-06-22 14:17:20', 1, '2022-06-22 14:17:20');
INSERT INTO `lc_case_type_step` VALUES (8, NULL, NULL, '办案环节1', 1, '', 1, '2022-06-22 14:19:41', 1, '2022-06-22 14:19:41');
INSERT INTO `lc_case_type_step` VALUES (9, NULL, NULL, '办案环节2', 2, '', 1, '2022-06-22 14:19:41', 1, '2022-06-22 14:19:41');
INSERT INTO `lc_case_type_step` VALUES (10, NULL, NULL, '办案环节1', 1, '', 1, '2022-06-22 14:21:29', 1, '2022-06-22 14:21:29');
INSERT INTO `lc_case_type_step` VALUES (11, NULL, NULL, '办案环节2', 2, '', 1, '2022-06-22 14:21:29', 1, '2022-06-22 14:21:29');
INSERT INTO `lc_case_type_step` VALUES (12, NULL, NULL, '办案环节3', 3, '', 1, '2022-06-22 14:21:29', 1, '2022-06-22 14:21:29');
INSERT INTO `lc_case_type_step` VALUES (15, 1, NULL, '受案', 1, '受案表,受案回执', 1, '2022-06-22 14:30:12', 1, '2022-06-25 22:06:48');
INSERT INTO `lc_case_type_step` VALUES (16, 1, NULL, '传唤', 2, '传唤审批,延长传唤审批,告知传唤的原因和依据,通知家属,注明在案时间,保证饮食和休息', 1, '2022-06-22 14:30:12', 1, '2022-06-25 22:06:48');
INSERT INTO `lc_case_type_step` VALUES (21, 3, NULL, '立案', 1, '立案决定书,立案告知书', 1, '2022-06-22 16:28:35', 1, '2022-06-26 08:15:50');
INSERT INTO `lc_case_type_step` VALUES (22, 3, NULL, '勘验', 2, '勘验笔录,现场照片,现场图,对照片应当有文字说明,勘察人、见证人签字,重大案件应当录像,现场勘查证', 1, '2022-06-22 16:28:35', 1, '2022-06-26 08:15:50');
INSERT INTO `lc_case_type_step` VALUES (34, 1, NULL, '询问嫌疑人', 3, '询问笔录,权利义务告知,三个规定告知,伤害案件权利义务告知,监护人在场,翻译人,办案区录像', 1, '2022-06-25 22:07:28', 1, '2022-06-25 22:11:41');
INSERT INTO `lc_case_type_step` VALUES (35, 1, NULL, '询问被害人', 4, '询问笔录,权利义务告知,三个规定告知,伤害案件权利义务告知,监护人在场,翻译人', 1, '2022-06-25 22:11:41', 1, '2022-06-25 22:11:41');
INSERT INTO `lc_case_type_step` VALUES (36, 1, NULL, '询问证人', 5, '询问通知书,权利义务告知,三个规定告知,伤害案件权利义务告知,监护人在场,翻译人', 1, '2022-06-25 22:11:41', 1, '2022-06-25 22:11:41');
INSERT INTO `lc_case_type_step` VALUES (37, 1, NULL, '扣押', 6, '证据保全决定书,公安机关负责人审批,扣押物品清单,制作现场笔录,办案人和持有人签字,县局审批延期,延期告知当事人', 1, '2022-06-25 22:13:34', 1, '2022-06-25 22:13:34');
INSERT INTO `lc_case_type_step` VALUES (38, 1, NULL, '勘验', 7, '勘验笔录,勘察人、见证人签字,现场照片,现场图,对照品文字说明,现场勘察证', 1, '2022-06-25 22:18:24', 1, '2022-06-25 22:18:24');
INSERT INTO `lc_case_type_step` VALUES (39, 1, NULL, '鉴定', 8, '鉴定聘请书,鉴定单位资质,鉴定人资质,5日内告知当事人,3日内答复重新鉴定申请', 1, '2022-06-25 22:18:24', 1, '2022-06-25 22:18:24');
INSERT INTO `lc_case_type_step` VALUES (40, 1, NULL, '吸毒检测', 9, '相关人员的资质,不配合可强制检测', 1, '2022-06-25 22:18:24', 1, '2022-06-25 22:18:24');
INSERT INTO `lc_case_type_step` VALUES (41, 1, NULL, '辨认', 10, '辨认笔录,人数7人以上,照片10张以上,物品5件以上,侦查人、辩认人、见证人签字,不重复陪衬', 1, '2022-06-25 22:18:24', 1, '2022-06-25 22:18:24');
INSERT INTO `lc_case_type_step` VALUES (42, 1, NULL, '检查', 11, '检查证,县级以上审批,检查女性身体由女工作人员进行,制作检查笔录、全程录像可不记录,办案人、检查人、被检查人、见证人签字,被检查人拒绝的注明', 1, '2022-06-25 22:20:44', 1, '2022-06-25 22:20:44');
INSERT INTO `lc_case_type_step` VALUES (43, 1, NULL, '抽样取证', 12, '办案人员负责人批准,全程录像,及时检查,减损应予补偿', 1, '2022-06-25 22:23:54', 1, '2022-06-25 22:23:54');
INSERT INTO `lc_case_type_step` VALUES (44, 1, NULL, '调取证据', 13, '调取证据通知书,办案部门负责人批准,办案人签字,调取时间,有制作过程、原件存放处以及核对无误的文字说明,持有人签字', 1, '2022-06-25 22:23:54', 1, '2022-06-25 22:23:54');
INSERT INTO `lc_case_type_step` VALUES (45, 1, NULL, '书证', 14, '来源说明,办案人签字,调取时间', 1, '2022-06-25 22:25:03', 1, '2022-06-25 22:25:03');
INSERT INTO `lc_case_type_step` VALUES (46, 1, NULL, '音视频', 15, '扣押时予以检查,扣押现场笔录,办案人签字,调取时间,记录案由、内容、录取和复制时间地点', 1, '2022-06-26 07:47:35', 1, '2022-06-26 07:47:35');
INSERT INTO `lc_case_type_step` VALUES (47, 1, NULL, '照片', 16, '文字说明,办案人签字,调取时间', 1, '2022-06-26 07:47:35', 1, '2022-06-26 07:47:35');
INSERT INTO `lc_case_type_step` VALUES (48, 1, NULL, '查封', 17, '证据保全决定书,公安机关负责人审批,制作现场笔录、全程录像可不记录,限专门用于违法场所设施,办案人和持有人签字、有见证人则签字、拒签注明,县局审批延期,延期告知当事人', 1, '2022-06-26 07:47:35', 1, '2022-06-26 07:47:35');
INSERT INTO `lc_case_type_step` VALUES (49, 1, NULL, '先行登记保存', 18, '办案部门负责人批准,登记保存清单,办案人、持有人、见证人签字,超7日自动解除', 1, '2022-06-26 08:01:26', 1, '2022-06-26 08:01:26');
INSERT INTO `lc_case_type_step` VALUES (50, 1, NULL, '处罚前告知', 19, '行政处罚告知笔录,办案人、被告人签字,具体处理意见、情节,区分听证案件范围,申辩的复核', 1, '2022-06-26 08:01:26', 1, '2022-06-26 08:01:26');
INSERT INTO `lc_case_type_step` VALUES (51, 1, NULL, '行政处罚决定', 20, '行政处罚决定书,无空项,二日内送当事人,拘留处罚通知家属,拘留回执,罚没票据', 1, '2022-06-26 08:01:26', 1, '2022-06-26 08:01:26');
INSERT INTO `lc_case_type_step` VALUES (52, 1, NULL, '其他处理决定', 21, '依法审批,形成处理决定文书,送达有关人员和单位', 1, '2022-06-26 08:01:26', 1, '2022-06-26 08:01:26');
INSERT INTO `lc_case_type_step` VALUES (53, 1, NULL, '执行', 22, '对依法做出的处理决定执行,执行证明', 1, '2022-06-26 08:01:26', 1, '2022-06-26 08:01:26');
INSERT INTO `lc_case_type_step` VALUES (54, 3, NULL, '立案', 3, '立案决定书,立案告知书', 1, '2022-06-26 08:15:50', 1, '2022-06-26 08:15:50');
INSERT INTO `lc_case_type_step` VALUES (55, 3, NULL, '扣押', 4, '扣押决定书,区分审批权限,扣押物品清单,拍照或者录音录像,办案人、持有人、见证人签字,持有人不在或者拒签注明', 1, '2022-06-26 08:15:50', 1, '2022-06-26 08:15:50');
COMMIT;

-- ----------------------------
-- Table structure for lc_case_type_step_item
-- ----------------------------
DROP TABLE IF EXISTS `lc_case_type_step_item`;
CREATE TABLE `lc_case_type_step_item` (
  `id` bigint(20) NOT NULL AUTO_INCREMENT,
  `step_id` bigint(20) DEFAULT NULL,
  `name` varchar(50) DEFAULT NULL,
  `law_title` varchar(2000) DEFAULT NULL,
  `created_by` bigint(20) DEFAULT NULL,
  `created_time` datetime DEFAULT NULL,
  `lastmodified_by` bigint(20) DEFAULT NULL,
  `lastmodified_time` datetime DEFAULT NULL,
  PRIMARY KEY (`id`) USING BTREE,
  KEY `FK3o4x4kb5wf51m1xju86qlo124` (`step_id`),
  CONSTRAINT `FK3o4x4kb5wf51m1xju86qlo124` FOREIGN KEY (`step_id`) REFERENCES `lc_case_type_step` (`id`)
) ENGINE=InnoDB AUTO_INCREMENT=60 DEFAULT CHARSET=utf8;

-- ----------------------------
-- Records of lc_case_type_step_item
-- ----------------------------
BEGIN;
INSERT INTO `lc_case_type_step_item` VALUES (8, 15, '受案表', '依据', 1, '2022-07-01 17:48:28', 1, '2022-07-01 17:48:28');
INSERT INTO `lc_case_type_step_item` VALUES (9, 15, '受案回执', '受案回执依据', 1, '2022-07-01 17:48:28', 1, '2022-07-01 17:48:28');
INSERT INTO `lc_case_type_step_item` VALUES (10, 16, '传唤审批', '传唤审批依据', 1, '2022-07-01 17:48:28', 1, '2022-07-01 17:48:28');
INSERT INTO `lc_case_type_step_item` VALUES (11, 16, '延长传唤审批', '延长传唤审批依据', 1, '2022-07-01 17:48:28', 1, '2022-07-01 17:48:28');
INSERT INTO `lc_case_type_step_item` VALUES (12, 16, '告知传唤的原因和依据', '告知依据', 1, '2022-07-01 17:48:28', 1, '2022-07-01 17:48:28');
INSERT INTO `lc_case_type_step_item` VALUES (13, 34, '讯问笔录', '询问笔录依据', 1, '2022-07-01 17:48:28', 1, '2022-07-01 17:48:28');
INSERT INTO `lc_case_type_step_item` VALUES (14, 34, '权利义务告知', '告知依据', 1, '2022-07-01 17:48:28', 1, '2022-07-01 17:48:28');
INSERT INTO `lc_case_type_step_item` VALUES (15, 35, '讯问笔录', '笔录依据', 1, '2022-07-01 17:48:28', 1, '2022-07-01 17:48:28');
INSERT INTO `lc_case_type_step_item` VALUES (16, 35, '权利义务告知', '告知依据', 1, '2022-07-01 17:48:28', 1, '2022-07-01 17:48:28');
INSERT INTO `lc_case_type_step_item` VALUES (17, 36, '询问通知书', '通知书依据', 1, '2022-07-01 17:48:28', 1, '2022-07-01 17:48:28');
INSERT INTO `lc_case_type_step_item` VALUES (18, 36, '权利义务告知', '告知依据', 1, '2022-07-01 17:48:28', 1, '2022-07-01 17:48:28');
INSERT INTO `lc_case_type_step_item` VALUES (19, 37, '证据保全决定书', '保全依据', 1, '2022-07-01 17:48:28', 1, '2022-07-01 17:48:28');
INSERT INTO `lc_case_type_step_item` VALUES (20, 37, '公安机关负责人审批', '审批依据', 1, '2022-07-01 17:48:28', 1, '2022-07-01 17:48:28');
INSERT INTO `lc_case_type_step_item` VALUES (21, 38, '勘验笔录', '勘验笔录依据', 1, '2022-07-01 17:48:28', 1, '2022-07-01 17:48:28');
INSERT INTO `lc_case_type_step_item` VALUES (22, 38, '现场照片', '照片依据', 1, '2022-07-01 17:48:28', 1, '2022-07-01 17:48:28');
INSERT INTO `lc_case_type_step_item` VALUES (23, 39, '鉴定聘请书', '聘请书依据', 1, '2022-07-01 17:48:28', 1, '2022-07-01 17:48:28');
INSERT INTO `lc_case_type_step_item` VALUES (24, 39, '鉴定单位资质', '资质依据', 1, '2022-07-01 17:48:28', 1, '2022-07-01 17:48:28');
INSERT INTO `lc_case_type_step_item` VALUES (25, 40, '相关人员资质', '资质依据', 1, '2022-07-01 17:48:28', 1, '2022-07-01 17:48:28');
INSERT INTO `lc_case_type_step_item` VALUES (26, 40, '不配合可强制检测', '不配合依据', 1, '2022-07-01 17:48:28', 1, '2022-07-01 17:48:28');
INSERT INTO `lc_case_type_step_item` VALUES (27, 41, '辨认笔录', '辨认笔录依据', 1, '2022-07-01 17:55:15', 1, '2022-07-01 17:55:15');
INSERT INTO `lc_case_type_step_item` VALUES (28, 41, '人数7人以上', '人数依据', 1, '2022-07-01 17:55:15', 1, '2022-07-01 17:55:15');
INSERT INTO `lc_case_type_step_item` VALUES (29, 42, '检查证', '检查证依据', 1, '2022-07-01 17:55:15', 1, '2022-07-01 17:55:15');
INSERT INTO `lc_case_type_step_item` VALUES (30, 42, '县级以上审批', '审批依据', 1, '2022-07-01 17:55:15', 1, '2022-07-01 17:55:15');
INSERT INTO `lc_case_type_step_item` VALUES (31, 43, '办案部门负责人批准', '办案依据', 1, '2022-07-01 17:55:15', 1, '2022-07-01 17:55:15');
INSERT INTO `lc_case_type_step_item` VALUES (32, 43, '全程录像', '办案依据', 1, '2022-07-01 17:55:15', 1, '2022-07-01 17:55:15');
INSERT INTO `lc_case_type_step_item` VALUES (33, 44, '调取证据通知书', '调取证据依据', 1, '2022-07-01 17:55:15', 1, '2022-07-01 17:55:15');
INSERT INTO `lc_case_type_step_item` VALUES (34, 44, '办案部门负责人批准', '办案部门负责人批准依据', 1, '2022-07-01 17:55:15', 1, '2022-07-01 17:55:15');
INSERT INTO `lc_case_type_step_item` VALUES (35, 45, '来源说明', '来源依据', 1, '2022-07-01 17:55:15', 1, '2022-07-01 17:55:15');
INSERT INTO `lc_case_type_step_item` VALUES (36, 45, '办案人签字', '办案人依据', 1, '2022-07-01 17:55:15', 1, '2022-07-01 17:55:15');
INSERT INTO `lc_case_type_step_item` VALUES (37, 46, '扣押时予以检查', '扣押依据', 1, '2022-07-01 17:55:15', 1, '2022-07-01 17:55:15');
INSERT INTO `lc_case_type_step_item` VALUES (38, 46, '扣押现场笔录', '扣押依据', 1, '2022-07-01 17:55:15', 1, '2022-07-01 17:55:15');
INSERT INTO `lc_case_type_step_item` VALUES (39, 47, '文字说明', '照片依据', 1, '2022-07-01 17:55:15', 1, '2022-07-01 17:55:15');
INSERT INTO `lc_case_type_step_item` VALUES (40, 47, '办案人签字', '照片依据', 1, '2022-07-01 17:55:15', 1, '2022-07-01 17:55:15');
INSERT INTO `lc_case_type_step_item` VALUES (41, 48, '证据保全决定书', '查封依据', 1, '2022-07-01 17:55:15', 1, '2022-07-01 17:55:15');
INSERT INTO `lc_case_type_step_item` VALUES (42, 48, '公安机关负责人审批', '查封依据', 1, '2022-07-01 17:55:15', 1, '2022-07-01 17:55:15');
INSERT INTO `lc_case_type_step_item` VALUES (43, 49, '办案部门负责人批准', '登记保存依据', 1, '2022-07-01 17:55:15', 1, '2022-07-01 17:55:15');
INSERT INTO `lc_case_type_step_item` VALUES (44, 49, '登记保存清单', '登记依据', 1, '2022-07-01 17:55:15', 1, '2022-07-01 17:55:15');
INSERT INTO `lc_case_type_step_item` VALUES (45, 50, '行政处罚告知笔录', '处罚前告知依据', 1, '2022-07-01 17:55:15', 1, '2022-07-01 17:55:15');
INSERT INTO `lc_case_type_step_item` VALUES (46, 50, '办案人、被告知人签字', '处罚告知依据', 1, '2022-07-01 17:55:15', 1, '2022-07-01 17:55:15');
INSERT INTO `lc_case_type_step_item` VALUES (47, 51, '行政处罚决定书', '行政处罚依据', 1, '2022-07-01 17:55:15', 1, '2022-07-01 17:55:15');
INSERT INTO `lc_case_type_step_item` VALUES (48, 51, '无空项', '行政处罚依据', 1, '2022-07-01 17:55:15', 1, '2022-07-01 17:55:15');
INSERT INTO `lc_case_type_step_item` VALUES (49, 52, '依法审批', '审批依据', 1, '2022-07-01 17:55:15', 1, '2022-07-01 17:55:15');
INSERT INTO `lc_case_type_step_item` VALUES (50, 52, '形成处理决定文书', '审批依据', 1, '2022-07-01 17:55:15', 1, '2022-07-01 17:55:15');
INSERT INTO `lc_case_type_step_item` VALUES (51, 53, '执行证明', '执行依据', 1, '2022-07-01 17:55:15', 1, '2022-07-01 17:55:15');
INSERT INTO `lc_case_type_step_item` VALUES (52, 21, '立案决定书', '立案依据', 1, '2022-07-01 17:56:23', 1, '2022-07-01 17:56:23');
INSERT INTO `lc_case_type_step_item` VALUES (53, 21, '立案告知书', '立案依据', 1, '2022-07-01 17:56:23', 1, '2022-07-01 17:56:23');
INSERT INTO `lc_case_type_step_item` VALUES (54, 22, '勘验笔录', '勘验依据', 1, '2022-07-01 17:56:23', 1, '2022-07-01 17:56:23');
INSERT INTO `lc_case_type_step_item` VALUES (55, 22, '现场照片', '勘验依据', 1, '2022-07-01 17:56:23', 1, '2022-07-01 17:56:23');
INSERT INTO `lc_case_type_step_item` VALUES (56, 54, '立案决定书', '立案依据', 1, '2022-07-01 18:02:11', 1, '2022-07-01 18:02:11');
INSERT INTO `lc_case_type_step_item` VALUES (57, 54, '立案告知书', '立案依据', 1, '2022-07-01 18:02:11', 1, '2022-07-01 18:02:11');
INSERT INTO `lc_case_type_step_item` VALUES (58, 55, '扣押决定书', '扣押依据', 1, '2022-07-01 18:02:11', 1, '2022-07-01 18:02:11');
INSERT INTO `lc_case_type_step_item` VALUES (59, 55, '扣押物品清单', '扣押物品清单依据', 1, '2022-07-01 18:02:11', 1, '2022-07-01 18:02:11');
COMMIT;

-- ----------------------------
-- Table structure for lc_law_article
-- ----------------------------
DROP TABLE IF EXISTS `lc_law_article`;
CREATE TABLE `lc_law_article` (
  `id` bigint(20) NOT NULL AUTO_INCREMENT,
  `order_value` int(11) DEFAULT NULL,
  `title` varchar(500) DEFAULT NULL,
  `content` longtext,
  `created_by` bigint(20) DEFAULT NULL,
  `created_time` datetime DEFAULT NULL,
  `lastmodified_by` bigint(20) DEFAULT NULL,
  `lastmodified_time` datetime DEFAULT NULL,
  PRIMARY KEY (`id`)
) ENGINE=InnoDB AUTO_INCREMENT=5 DEFAULT CHARSET=utf8;

-- ----------------------------
-- Records of lc_law_article
-- ----------------------------
BEGIN;
INSERT INTO `lc_law_article` VALUES (2, 100, '中华人民共和国刑法', '目录\n第一编　总则\n第一章　刑法的任务、基本原则和适用范围\n第二章　犯罪\n第一节　犯罪和刑事责任\n第二节　犯罪的预备、未遂和中止\n第三节　共同犯罪\n第四节　单位犯罪\n第三章　刑罚\n第一节　刑罚的种类\n第二节　管制\n第三节　拘役\n第四节　有期徒刑、无期徒刑\n第五节　死刑\n第六节　罚金\n第七节　剥夺政治权利\n第八节　没收财产\n第四章　刑罚的具体运用\n第一节　量刑\n第二节　累犯\n第三节　自首和立功\n第四节　数罪并罚\n第五节　缓刑\n第六节　减刑\n第七节　假释\n第八节　时效\n第五章　其他规定\n第二编　分则\n第一章　危害国家安全罪\n第二章　危害公共安全罪\n第三章　破坏社会主义市场经济秩序罪\n第一节　生产、销售伪劣商品罪\n第二节　走私罪\n第三节　妨害对公司、企业的管理秩序罪\n第四节　破坏金融管理秩序罪\n第五节　金融诈骗罪\n第六节　危害税收征管罪\n第七节　侵犯知识产权罪\n第八节　扰乱市场秩序罪\n第四章　侵犯公民人身权利、民主权利罪\n第五章　侵犯财产罪\n第六章　妨害社会管理秩序罪\n第一节　扰乱公共秩序罪\n第二节　妨害司法罪\n第三节　妨害国(边)境管理罪\n第四节　妨害文物管理罪\n第五节　危害公共卫生罪\n第六节　破坏环境资源保护罪\n第七节　走私、贩卖、运输、制造毒品罪\n第八节　组织、强迫、引诱、容留、介绍卖淫罪\n第九节　制作、贩卖、传播淫秽物品罪\n第七章　危害国防利益罪\n第八章　贪污贿赂罪\n第九章　渎职罪\n第十章　军人违反职责罪\n附 则\n第一编 总则\n第一章　刑法的任务、基本原则和适用范围\n第一条　【立法宗旨】为了惩罚犯罪，保护人民，根据宪法，结合我国同犯罪作斗争的具体经验及实际情况，制定本法。\n第二条　【本法任务】中华人民共和国刑法的任务，是用刑罚同一切犯罪行为作斗争，以保卫国家安全，保卫人民民主专政的政权和社会主义制度，保护国有财产和劳动群众集体所有的财产，保护公民私人所有的财产，保护公民的人身权利、民主权利和其他权利，维护社会秩序、经济秩序，保障社会主义建设事业的顺利进行。\n第三条　【罪刑法定原则】法律明文规定为犯罪行为的，依照法律定罪处刑；法律没有明文规定为犯罪行为的，不得定罪处刑。\n第四条　【平等适用刑法原则】对任何人犯罪，在适用法律上一律平等。不允许任何人有超越法律的特权。\n第五条　【罪刑相适应原则】刑罚的轻重，应当与犯罪分子所犯罪行和承担的刑事责任相适应。\n第六条　【属地管辖】凡在中华人民共和国领域内犯罪的，除法律有特别规定的以外，都适用本法。\n凡在中华人民共和国船舶或者航空器内犯罪的，也适用本法。\n犯罪的行为或者结果有一项发生在中华人民共和国领域内的，就认为是在中华人民共和国领域内犯罪。\n第七条　【属人管辖】中华人民共和国公民在中华人民共和国领域外犯本法规定之罪的，适用本法，但是按本法规定的最高刑为三年以下有期徒刑的，可以不予追究。\n中华人民共和国国家工作人员和军人在中华人民共和国领域外犯本法规定之罪的，适用本法。\n第八条　【保护管辖】外国人在中华人民共和国领域外对中华人民共和国国家或者公民犯罪，而按本法规定的最低刑为三年以上有期徒刑的，可以适用本法，但是按照犯罪地的法律不受处罚的除外。\n第九条　【普遍管辖】对于中华人民共和国缔结或者参加的国际条约所规定的罪行，中华人民共和国在所承担条约义务的范围内行使刑事管辖权的，适用本法。\n第十条　【对外国刑事判决的消极承认】凡在中华人民共和国领域外犯罪，依照本法应当负刑事责任的，虽然经过外国审判，仍然可以依照本法追究，但是在外国已经受过刑罚处罚的，可以免除或者减轻处罚。\n第十一条　【刑事管辖豁免】享有外交特权和豁免权的外国人的刑事责任，通过外交途径解决。\n第十二条　【从旧兼从轻】中华人民共和国成立以后本法施行以前的行为，如果当时的法律不认为是犯罪的，适用当时的法律；如果当时的法律认为是犯罪的，依照本法总则第四章第八节的规定应当追诉的，按照当时的法律追究刑事责任，但是如果本法不认为是犯罪或者处刑较轻的，适用本法。\n本法施行以前，依照当时的法律已经作出的生效判决，继续有效。\n第二章　犯罪\n第一节　犯罪和刑事责任\n第十三条　【犯罪概念】一切危害国家主权、领土完整和安全，分裂国家、颠覆人民民主专政的政权和推翻社会主义制度，破坏社会秩序和经济秩序，侵犯国有财产或者劳动群众集体所有的财产，侵犯公民私人所有的财产，侵犯公民的人身权利、民主权利和其他权利，以及其他危害社会的行为，依照法律应当受刑罚处罚的，都是犯罪，但是情节显著轻微危害不大的，不认为是犯罪。\n第十四条　【故意犯罪】明知自己的行为会发生危害社会的结果，并且希望或者放任这种结果发生，因而构成犯罪的，是故意犯罪。\n故意犯罪，应当负刑事责任。\n第十五条　【过失犯罪】应当预见自己的行为可能发生危害社会的结果，因为疏忽大意而没有预见，或者已经预见而轻信能够避免，以致发生这种结果的，是过失犯罪。\n过失犯罪，法律有规定的才负刑事责任。\n第十六条　【不可抗力和意外事件】行为在客观上虽然造成了损害结果，但是不是出于故意或者过失，而是由于不能抗拒或者不能预见的原因所引起的，不是犯罪。\n第十七条　【刑事责任年龄】已满十六周岁的人犯罪，应当负刑事责任。\n已满十四周岁不满十六周岁的人，犯故意杀人、故意伤害致人重伤或者死亡、强奸、抢劫、贩卖毒品、放火、爆炸、投放危险物质罪的，应当负刑事责任。\n已满十二周岁不满十四周岁的人，犯故意杀人、故意伤害罪，致人死亡或者以特别残忍手段致人重伤造成严重残疾，情节恶劣，经最高人民检察院核准追诉的，应当负刑事责任。\n【未成年人从宽】对依照前三款规定追究刑事责任的不满十八周岁的人，应当从轻或者减轻处罚。\n因不满十六周岁不予刑事处罚的，责令其父母或者其他监护人加以管教；在必要的时候，依法进行专门矫治教育。 [14] \n第十七条之一　【老年犯从宽】已满七十五周岁的人故意犯罪的，可以从轻或者减轻处罚；过失犯罪的，应当从轻或者减轻处罚。\n第十八条　【原发性精神病人】精神病人在不能辨认或者不能控制自己行为的时候造成危害结果，经法定程序鉴定确认的，不负刑事责任，但是应当责令他的家属或者监护人严加看管和医疗；在必要的时候，由政府强制医疗。\n间歇性的精神病人在精神正常的时候犯罪，应当负刑事责任。\n尚未完全丧失辨认或者控制自己行为能力的精神病人犯罪的，应当负刑事责任，但是可以从轻或者减轻处罚。\n【自陷醉酒】醉酒的人犯罪，应当负刑事责任。\n第十九条　【又聋又哑的人或盲人犯罪的刑事责任】又聋又哑的人或者盲人犯罪，可以从轻、减轻或者免除处罚。\n第二十条　【正当防卫】为了使国家、公共利益、本人或者他人的人身、财产和其他权利免受正在进行的不法侵害，而采取的制止不法侵害的行为，对不法侵害人造成损害的，属于正当防卫，不负刑事责任。\n【防卫过当】正当防卫明显超过必要限度造成重大损害的，应当负刑事责任，但是应当减轻或者免除处罚。\n【特殊防卫】对正在进行行凶、杀人、抢劫、强奸、绑架以及其他严重危及人身安全的暴力犯罪，采取防卫行为，造成不法侵害人伤亡的，不属于防卫过当，不负刑事责任。\n第二十一条　【紧急避险】为了使国家、公共利益、本人或者他人的人身、财产和其他权利免受正在发生的危险，不得已采取的紧急避险行为，造成损害的，不负刑事责任。\n【避险过当】紧急避险超过必要限度造成不应有的损害的，应当负刑事责任，但是应当减轻或者免除处罚。\n第一款中关于避免本人危险的规定，不适用于职务上、业务上负有特定责任的人。\n第二节　犯罪的预备、未遂和中止\n第二十二条　【犯罪预备】为了犯罪，准备工具、制造条件的，是犯罪预备。\n对于预备犯，可以比照既遂犯从轻、减轻处罚或者免除处罚。\n第二十三条　【犯罪未遂】已经着手实行犯罪，由于犯罪分子意志以外的原因而未得逞的，是犯罪未遂。\n对于未遂犯，可以比照既遂犯从轻或者减轻处罚。\n第二十四条　【犯罪中止】在犯罪过程中，自动放弃犯罪或者自动有效地防止犯罪结果发生的，是犯罪中止。\n对于中止犯，没有造成损害的，应当免除处罚；造成损害的，应当减轻处罚。\n第三节　共同犯罪\n第二十五条　【共同（故意）犯罪】共同犯罪是指二人以上共同故意犯罪。\n【共同过失犯罪】二人以上共同过失犯罪，不以共同犯罪论处；应当负刑事责任的，按照他们所犯的罪分别处罚。\n第二十六条　【主犯】组织、领导犯罪集团进行犯罪活动的或者在共同犯罪中起主要作用的，是主犯。\n【犯罪集团】三人以上为共同实施犯罪而组成的较为固定的犯罪组织，是犯罪集团。\n对组织、领导犯罪集团的首要分子，按照集团所犯的全部罪行处罚。\n对于第三款规定以外的主犯，应当按照其所参与的或者组织、指挥的全部犯罪处罚。\n第二十七条　【从犯】在共同犯罪中起次要或者辅助作用的，是从犯。\n对于从犯，应当从轻、减轻处罚或者免除处罚。\n第二十八条　【胁从犯】对于被胁迫参加犯罪的，应当按照他的犯罪情节减轻处罚或者免除处罚。\n第二十九条　【教唆犯】教唆他人犯罪的，应当按照他在共同犯罪中所起的作用处罚。教唆不满十八周岁的人犯罪的，应当从重处罚。\n如果被教唆的人没有犯被教唆的罪，对于教唆犯，可以从轻或者减轻处罚。\n第四节　单位犯罪\n第三十条　【单位犯罪】公司、企业、事业单位、机关、团体实施的危害社会的行为，法律规定为单位犯罪的，应当负刑事责任。\n第三十一条　【单位犯罪的处罚】单位犯罪的，对单位判处罚金，并对其直接负责的主管人员和其他直接责任人员判处刑罚。本法分则和其他法律另有规定的，依照规定。\n第三章　刑罚\n第一节　刑罚的种类\n第三十二条　【主刑和附加刑】刑罚分为主刑和附加刑。\n第三十三条　【主刑种类】主刑的种类如下：\n（一）管制；\n（二）拘役；\n（三）有期徒刑；\n（四）无期徒刑；\n（五）死刑。\n第三十四条　【附加刑种类】附加刑的种类如下：\n（一）罚金；\n（二）剥夺政治权利；\n（三）没收财产。\n附加刑也可以独立适用。\n第三十五条　【驱逐出境】对于犯罪的外国人，可以独立适用或者附加适用驱逐出境。\n第三十六条　【赔偿经济损失与民事优先原则】由于犯罪行为而使被害人遭受经济损失的，对犯罪分子除依法给予刑事处罚外，并应根据情况判处赔偿经济损失。\n承担民事赔偿责任的犯罪分子，同时被判处罚金，其财产不足以全部支付的，或者被判处没收财产的，应当先承担对被害人的民事赔偿责任。\n第三十七条　【非刑罚性处置措施】对于犯罪情节轻微不需要判处刑罚的，可以免予刑事处罚，但是可以根据案件的不同情况，予以训诫或者责令具结悔过、赔礼道歉、赔偿损失，或者由主管部门予以行政处罚或者行政处分。\n第三十七条之一　【职业禁止令】因利用职业便利实施犯罪，或者实施违背职业要求的特定义务的犯罪被判处刑罚的，人民法院可以根据犯罪情况和预防再犯罪的需要，禁止其自刑罚执行完毕之日或者假释之日起从事相关职业，期限为三年至五年。\n被禁止从事相关职业的人违反人民法院依照前款规定作出的决定的，由公安机关依法给予处罚；情节严重的，依照本法第三百一十三条的规定定罪处罚。\n其他法律、行政法规对其从事相关职业另有禁止或者限制性规定的，从其规定。\n第二节　管制\n第三十八条　【管制的期限与执行机关】管制的期限，为三个月以上二年以下。\n判处管制，可以根据犯罪情况，同时禁止犯罪分子在执行期间从事特定活动，进入特定区域、场所，接触特定的人。\n对判处管制的犯罪分子，依法实行社区矫正。\n违反第二款规定的禁止令的，由公安机关依照《中华人民共和国治安管理处罚法》的规定处罚。\n第三十九条　【管制规定】被判处管制的犯罪分子，在执行期间，应当遵守下列规定：\n（一）遵守法律、行政法规，服从监督；\n（二）未经执行机关批准，不得行使言论、出版、集会、结社、游行、示威自由的权利；\n（三）按照执行机关规定报告自己的活动情况；\n（四）遵守执行机关关于会客的规定；\n（五）离开所居住的市、县或者迁居，应当报经执行机关批准。\n对于被判处管制的犯罪分子，在劳动中应当同工同酬。\n第四十条　【管制期满解除】被判处管制的犯罪分子，管制期满，执行机关应即向本人和其所在单位或者居住地的群众宣布解除管制。\n第四十一条　【管制刑期的计算和折抵】管制的刑期，从判决执行之日起计算；判决执行以前先行羁押的，羁押一日折抵刑期二日。\n第三节　拘役\n第四十二条　【拘役的期限】拘役的期限，为一个月以上六个月以下。\n第四十三条　【拘役的执行】被判处拘役的犯罪分子，由公安机关就近执行。\n在执行期间，被判处拘役的犯罪分子每月可以回家一天至两天；参加劳动的，可以酌量发给报酬。\n第四十四条　【拘役刑期的计算和折抵】拘役的刑期，从判决执行之日起计算；判决执行以前先行羁押的，羁押一日折抵刑期一日。\n第四节　有期徒刑、无期徒刑\n第四十五条　【有期徒刑的期限】有期徒刑的期限，除本法第五十条、第六十九条规定外，为六个月以上十五年以下。\n第四十六条　【有期徒刑与无期徒刑的执行】被判处有期徒刑、无期徒刑的犯罪分子，在监狱或者其他执行场所执行；凡有劳动能力的，都应当参加劳动，接受教育和改造。\n第四十七条　【有期徒刑刑期的计算与折抵】有期徒刑的刑期，从判决执行之日起计算；判决执行以前先行羁押的，羁押一日折抵刑期一日。\n第五节　死刑\n第四十八条　【死刑、死缓的适用对象及核准程序】死刑只适用于罪行极其严重的犯罪分子。对于应当判处死刑的犯罪分子，如果不是必须立即执行的，可以判处死刑同时宣告缓期二年执行。\n死刑除依法由最高人民法院判决的以外，都应当报请最高人民法院核准。死刑缓期执行的，可以由高级人民法院判决或者核准。\n第四十九条　【死刑适用对象的限制】犯罪的时候不满十八周岁的人和审判的时候怀孕的妇女，不适用死刑。\n审判的时候已满七十五周岁的人，不适用死刑，但以特别残忍手段致人死亡的除外。\n第五十条　【死缓变更】判处死刑缓期执行的，在死刑缓期执行期间，如果没有故意犯罪，二年期满以后，减为无期徒刑；如果确有重大立功表现，二年期满以后，减为二十五年有期徒刑；如果故意犯罪，情节恶劣的，报请最高人民法院核准后执行死刑；对于故意犯罪未执行死刑的，死刑缓期执行的期间重新计算，并报最高人民法院备案。\n对被判处死刑缓期执行的累犯以及因故意杀人、强奸、抢劫、绑架、放火、爆炸、投放危险物质或者有组织的暴力性犯罪被判处死刑缓期执行的犯罪分子，人民法院根据犯罪情节等情况可以同时决定对其限制减刑。\n第五十一条　【死缓期间及减为有期徒刑的刑期计算】死刑缓期执行的期间，从判决确定之日起计算。死刑缓期执行减为有期徒刑的刑期，从死刑缓期执行期满之日起计算。\n第六节　罚金\n第五十二条　【罚金数额的裁量】判处罚金，应当根据犯罪情节决定罚金数额。\n第五十三条　【罚金的缴纳】罚金在判决指定的期限内一次或者分期缴纳。期满不缴纳的，强制缴纳。对于不能全部缴纳罚金的，人民法院在任何时候发现被执行人有可以执行的财产，应当随时追缴。\n由于遭遇不能抗拒的灾祸等原因缴纳确实有困难的，经人民法院裁定，可以延期缴纳、酌情减少或者免除。\n第七节　剥夺政治权利\n第五十四条　【剥夺政治权利的内容】剥夺政治权利是剥夺下列权利：\n（一）选举权和被选举权；\n（二）言论、出版、集会、结社、游行、示威自由的权利；\n（三）担任国家机关职务的权利；\n（四）担任国有公司、企业、事业单位和人民团体领导职务的权利。\n第五十五条　【剥夺政治权利的期限】剥夺政治权利的期限，除本法第五十七条规定外，为一年以上五年以下。\n判处管制附加剥夺政治权利的，剥夺政治权利的期限与管制的期限相等，同时执行。\n第五十六条　【剥夺政治权利的附加、独立适用】对于危害国家安全的犯罪分子应当附加剥夺政治权利；对于故意杀人、强奸、放火、爆炸、投毒、抢劫等严重破坏社会秩序的犯罪分子，可以附加剥夺政治权利。\n独立适用剥夺政治权利的，依照本法分则的规定。\n第五十七条　【对死刑、无期徒刑罪犯剥夺政治权利的适用】对于被判处死刑、无期徒刑的犯罪分子，应当剥夺政治权利终身。\n在死刑缓期执行减为有期徒刑或者无期徒刑减为有期徒刑的时候，应当把附加剥夺政治权利的期限改为三年以上十年以下。\n第五十八条　【剥夺政治权利的刑期计算、效力与执行】附加剥夺政治权利的刑期，从徒刑、拘役执行完毕之日或者从假释之日起计算；剥夺政治权利的效力当然施用于主刑执行期间。\n被剥夺政治权利的犯罪分子，在执行期间，应当遵守法律、行政法规和国务院公安部门有关监督管理的规定，服从监督；不得行使本法第五十四条规定的各项权利。\n第八节　没收财产\n第五十九条　【没收财产的范围】没收财产是没收犯罪分子个人所有财产的一部或者全部。没收全部财产的，应当对犯罪分子个人及其扶养的家属保留必需的生活费用。\n在判处没收财产的时候，不得没收属于犯罪分子家属所有或者应有的财产。\n第六十条　【以没收的财产偿还债务】没收财产以前犯罪分子所负的正当债务，需要以没收的财产偿还的，经债权人请求，应当偿还。\n第四章　刑罚的具体运用\n第一节　量刑\n第六十一条　【量刑根据】对于犯罪分子决定刑罚的时候，应当根据犯罪的事实、犯罪的性质、情节和对于社会的危害程度，依照本法的有关规定判处。\n第六十二条　【从重处罚与从轻处罚】犯罪分子具有本法规定的从重处罚、从轻处罚情节的，应当在法定刑的限度以内判处刑罚。\n第六十三条　【减轻处罚】犯罪分子具有本法规定的减轻处罚情节的，应当在法定刑以下判处刑罚；本法规定有数个量刑幅度的，应当在法定量刑幅度的下一个量刑幅度内判处刑罚。\n【特殊减轻】犯罪分子虽然不具有本法规定的减轻处罚情节，但是根据案件的特殊情况，经最高人民法院核准，也可以在法定刑以下判处刑罚。\n第六十四条　【犯罪所得、违禁品、犯罪所用物品的处理】犯罪分子违法所得的一切财物，应当予以追缴或者责令退赔；对被害人的合法财产，应当及时返还；违禁品和供犯罪所用的本人财物，应当予以没收。没收的财物和罚金，一律上缴国库，不得挪用和自行处理。\n第二节　累犯\n第六十五条　【一般累犯】被判处有期徒刑以上刑罚的犯罪分子，刑罚执行完毕或者赦免以后，在五年以内再犯应当判处有期徒刑以上刑罚之罪的，是累犯，应当从重处罚，但是过失犯罪和不满十八周岁的人犯罪的除外。\n前款规定的期限，对于被假释的犯罪分子，从假释期满之日起计算。\n第六十六条　【特别累犯】危害国家安全犯罪、恐怖活动犯罪、黑社会性质的组织犯罪的犯罪分子，在刑罚执行完毕或者赦免以后，在任何时候再犯上述任一类罪的，都以累犯论处。\n第三节　自首和立功\n第六十七条　【一般自首】犯罪以后自动投案，如实供述自己的罪行的，是自首。对于自首的犯罪分子，可以从轻或者减轻处罚。其中，犯罪较轻的，可以免除处罚。\n【特别自首】被采取强制措施的犯罪嫌疑人、被告人和正在服刑的罪犯，如实供述司法机关还未掌握的本人其他罪行的，以自首论。\n犯罪嫌疑人虽不具有前两款规定的自首情节，但是如实供述自己罪行的，可以从轻处罚；因其如实供述自己罪行，避免特别严重后果发生的，可以减轻处罚。\n第六十八条　【立功】犯罪分子有揭发他人犯罪行为，查证属实的，或者提供重要线索，从而得以侦破其他案件等立功表现的，可以从轻或者减轻处罚；有重大立功表现的，可以减轻或者免除处罚。\n第四节　数罪并罚\n第六十九条　【判决宣告前一人犯数罪的并罚】判决宣告以前一人犯数罪的，除判处死刑和无期徒刑的以外，应当在总和刑期以下、数刑中最高刑期以上，酌情决定执行的刑期，但是管制最高不能超过三年，拘役最高不能超过一年，有期徒刑总和刑期不满三十五年的，最高不能超过二十年，总和刑期在三十五年以上的，最高不能超过二十五年。\n数罪中有判处有期徒刑和拘役的，执行有期徒刑。数罪中有判处有期徒刑和管制，或者拘役和管制的，有期徒刑、拘役执行完毕后，管制仍须执行。\n数罪中有判处附加刑的，附加刑仍须执行，其中附加刑种类相同的，合并执行，种类不同的，分别执行。\n第七十条　【判决宣告后发现漏罪的并罚】判决宣告以后，刑罚执行完毕以前，发现被判刑的犯罪分子在判决宣告以前还有其他罪没有判决的，应当对新发现的罪作出判决，把前后两个判决所判处的刑罚，依照本法第六十九条的规定，决定执行的刑罚。已经执行的刑期，应当计算在新判决决定的刑期以内。\n第七十一条　【判决宣告后又犯新罪的并罚】判决宣告以后，刑罚执行完毕以前，被判刑的犯罪分子又犯罪的，应当对新犯的罪作出判决，把前罪没有执行的刑罚和后罪所判处的刑罚，依照本法第六十九条的规定，决定执行的刑罚。\n第五节　缓刑\n第七十二条　【缓刑的适用条件】对于被判处拘役、三年以下有期徒刑的犯罪分子，同时符合下列条件的，可以宣告缓刑，对其中不满十八周岁的人、怀孕的妇女和已满七十五周岁的人，应当宣告缓刑：\n（一）犯罪情节较轻；\n（二）有悔罪表现；\n（三）没有再犯罪的危险；\n（四）宣告缓刑对所居住社区没有重大不良影响。\n宣告缓刑，可以根据犯罪情况，同时禁止犯罪分子在缓刑考验期限内从事特定活动，进入特定区域、场所，接触特定的人。\n被宣告缓刑的犯罪分子，如果被判处附加刑，附加刑仍须执行。\n第七十三条　【缓刑的考验期限】拘役的缓刑考验期限为原判刑期以上一年以下，但是不能少于二个月。\n有期徒刑的缓刑考验期限为原判刑期以上五年以下，但是不能少于一年。\n缓刑考验期限，从判决确定之日起计算。\n第七十四条　【不适用缓刑】对于累犯和犯罪集团的首要分子，不适用缓刑。\n第七十五条　【缓刑犯应遵守的规定】被宣告缓刑的犯罪分子，应当遵守下列规定：\n（一）遵守法律、行政法规，服从监督；\n（二）按照考察机关的规定报告自己的活动情况；\n（三）遵守考察机关关于会客的规定；\n（四）离开所居住的市、县或者迁居，应当报经考察机关批准。\n第七十六条　【缓刑的考验及法律后果】对宣告缓刑的犯罪分子，在缓刑考验期限内，依法实行社区矫正，如果没有本法第七十七条规定的情形，缓刑考验期满，原判的刑罚就不再执行，并公开予以宣告。\n第七十七条　【缓刑的撤销及其处理】被宣告缓刑的犯罪分子，在缓刑考验期限内犯新罪或者发现判决宣告以前还有其他罪没有判决的，应当撤销缓刑，对新犯的罪或者新发现的罪作出判决，把前罪和后罪所判处的刑罚，依照本法第六十九条的规定，决定执行的刑罚。\n被宣告缓刑的犯罪分子，在缓刑考验期限内，违反法律、行政法规或者国务院有关部门关于缓刑的监督管理规定，或者违反人民法院判决中的禁止令，情节严重的，应当撤销缓刑，执行原判刑罚。\n第六节　减刑\n第七十八条　【减刑的适用条件与限度】被判处管制、拘役、有期徒刑、无期徒刑的犯罪分子，在执行期间，如果认真遵守监规，接受教育改造，确有悔改表现的，或者有立功表现的，可以减刑；有下列重大立功表现之一的，应当减刑：\n（一）阻止他人重大犯罪活动的；\n（二）检举监狱内外重大犯罪活动，经查证属实的；\n（三）有发明创造或者重大技术革新的；\n（四）在日常生产、生活中舍己救人的；\n（五）在抗御自然灾害或者排除重大事故中，有突出表现的；\n（六）对国家和社会有其他重大贡献的。\n减刑以后实际执行的刑期不能少于下列期限：\n（一）判处管制、拘役、有期徒刑的，不能少于原判刑期的二分之一；\n（二）判处无期徒刑的，不能少于十三年；\n（三）人民法院依照本法第五十条第二款规定限制减刑的死刑缓期执行的犯罪分子，缓期执行期满后依法减为无期徒刑的，不能少于二十五年，缓期执行期满后依法减为二十五年有期徒刑的，不能少于二十年。\n第七十九条　【减刑程序】对于犯罪分子的减刑，由执行机关向中级以上人民法院提出减刑建议书。人民法院应当组成合议庭进行审理，对确有悔改或者立功事实的，裁定予以减刑。非经法定程序不得减刑。\n第八十条　【无期徒刑减刑的刑期计算】无期徒刑减为有期徒刑的刑期，从裁定减刑之日起计算。\n第七节　假释\n第八十一条　【假释的适用条件】被判处有期徒刑的犯罪分子，执行原判刑期二分之一以上，被判处无期徒刑的犯罪分子，实际执行十三年以上，如果认真遵守监规，接受教育改造，确有悔改表现，没有再犯罪的危险的，可以假释。如果有特殊情况，经最高人民法院核准，可以不受上述执行刑期的限制。\n对累犯以及因故意杀人、强奸、抢劫、绑架、放火、爆炸、投放危险物质或者有组织的暴力性犯罪被判处十年以上有期徒刑、无期徒刑的犯罪分子，不得假释。\n对犯罪分子决定假释时，应当考虑其假释后对所居住社区的影响。\n第八十二条　【假释的程序】对于犯罪分子的假释，依照本法第七十九条规定的程序进行。非经法定程序不得假释。\n第八十三条　【假释的考验期限】有期徒刑的假释考验期限，为没有执行完毕的刑期；无期徒刑的假释考验期限为十年。\n假释考验期限，从假释之日起计算。\n第八十四条　【假释犯应遵守的规定】被宣告假释的犯罪分子，应当遵守下列规定：\n（一）遵守法律、行政法规，服从监督；\n（二）按照监督机关的规定报告自己的活动情况；\n（三）遵守监督机关关于会客的规定；\n（四）离开所居住的市、县或者迁居，应当报经监督机关批准。\n第八十五条　【假释考验及其法律后果】对假释的犯罪分子，在假释考验期限内，依法实行社区矫正，如果没有本法第八十六条规定的情形，假释考验期满，就认为原判刑罚已经执行完毕，并公开予以宣告。\n第八十六条　【假释的撤销及其处理】被假释的犯罪分子，在假释考验期限内犯新罪，应当撤销假释，依照本法第七十一条的规定实行数罪并罚。\n在假释考验期限内，发现被假释的犯罪分子在判决宣告以前还有其他罪没有判决的，应当撤销假释，依照本法第七十条的规定实行数罪并罚。\n被假释的犯罪分子，在假释考验期限内，有违反法律、行政法规或者国务院有关部门关于假释的监督管理规定的行为，尚未构成新的犯罪的，应当依照法定程序撤销假释，收监执行未执行完毕的刑罚。\n第八节　时效\n第八十七条　【追诉时效期限】犯罪经过下列期限不再追诉：\n（一）法定最高刑为不满五年有期徒刑的，经过五年；\n（二）法定最高刑为五年以上不满十年有期徒刑的，经过十年；\n（三）法定最高刑为十年以上有期徒刑的，经过十五年；\n（四）法定最高刑为无期徒刑、死刑的，经过二十年。如果二十年以后认为必须追诉的，须报请最高人民检察院核准。\n第八十八条　【不受追诉期限限制】在人民检察院、公安机关、国家安全机关立案侦查或者在人民法院受理案件以后，逃避侦查或者审判的，不受追诉期限的限制。\n被害人在追诉期限内提出控告，人民法院、人民检察院、公安机关应当立案而不予立案的，不受追诉期限的限制。\n第八十九条　【追诉期限的计算与中断】追诉期限从犯罪之日起计算；犯罪行为有连续或者继续状态的，从犯罪行为终了之日起计算。\n在追诉期限以内又犯罪的，前罪追诉的期限从犯后罪之日起计算。\n第五章　其他规定\n第九十条　【民族自治地方刑法适用的变通】民族自治地方不能全部适用本法规定的，可以由自治区或者省的人民代表大会根据当地民族的政治、经济、文化的特点和本法规定的基本原则，制定变通或者补充的规定，报请全国人民代表大会常务委员会批准施行。\n第九十一条　【公共财产】本法所称公共财产，是指下列财产：\n（一）国有财产；\n（二）劳动群众集体所有的财产；\n（三）用于扶贫和其他公益事业的社会捐助或者专项基金的财产。\n在国家机关、国有公司、企业、集体企业和人民团体管理、使用或者运输中的私人财产，以公共财产论。\n第九十二条　【公民私人所有的财产】本法所称公民私人所有的财产，是指下列财产：\n（一）公民的合法收入、储蓄、房屋和其他生活资料；\n（二）依法归个人、家庭所有的生产资料；\n（三）个体户和私营企业的合法财产；\n（四）依法归个人所有的股份、股票、债券和其他财产。\n第九十三条　【国家工作人员】本法所称国家工作人员，是指国家机关中从事公务的人员。\n国有公司、企业、事业单位、人民团体中从事公务的人员和国家机关、国有公司、企业、事业单位委派到非国有公司、企业、事业单位、社会团体从事公务的人员，以及其他依照法律从事公务的人员，以国家工作人员论。\n第九十四条　【司法工作人员】本法所称司法工作人员，是指有侦查、检察、审判、监管职责的工作人员。\n第九十五条　【重伤】本法所称重伤，是指有下列情形之一的伤害：\n（一）使人肢体残废或者毁人容貌的；\n（二）使人丧失听觉、视觉或者其他器官机能的；\n（三）其他对于人身健康有重大伤害的。\n第九十六条　【违反国家规定之含义】本法所称违反国家规定，是指违反全国人民代表大会及其常务委员会制定的法律和决定，国务院制定的行政法规、规定的行政措施、发布的决定和命令。\n第九十七条　【首要分子】本法所称首要分子，是指在犯罪集团或者聚众犯罪中起组织、策划、指挥作用的犯罪分子。\n第九十八条　【告诉才处理的含义】本法所称告诉才处理，是指被害人告诉才处理。如果被害人因受强制、威吓无法告诉的，人民检察院和被害人的近亲属也可以告诉。\n第九十九条　【以上、以下、以内之界定】本法所称以上、以下、以内，包括本数。\n第一百条　【前科报告制度】依法受过刑事处罚的人，在入伍、就业的时候，应当如实向有关单位报告自己曾受过刑事处罚，不得隐瞒。\n犯罪的时候不满十八周岁被判处五年有期徒刑以下刑罚的人，免除前款规定的报告义务。\n第一百零一条　【总则的效力】本法总则适用于其他有刑罚规定的法律，但是其他法律有特别规定的除外。\n第二编 分则\n第一章　危害国家安全罪\n第一百零二条　【背叛国家罪】勾结外国，危害中华人民共和国的主权、领土完整和安全的，处无期徒刑或者十年以上有期徒刑。\n与境外机构、组织、个人相勾结，犯前款罪的，依照前款的规定处罚。\n第一百零三条　【分裂国家罪】组织、策划、实施分裂国家、破坏国家统一的，对首要分子或者罪行重大的，处无期徒刑或者十年以上有期徒刑；对积极参加的，处三年以上十年以下有期徒刑；对其他参加的，处三年以下有期徒刑、拘役、管制或者剥夺政治权利。\n【煽动分裂国家罪】煽动分裂国家、破坏国家统一的，处五年以下有期徒刑、拘役、管制或者剥夺政治权利；首要分子或者罪行重大的，处五年以上有期徒刑。\n第一百零四条　【武装叛乱、暴乱罪】组织、策划、实施武装叛乱或者武装暴乱的，对首要分子或者罪行重大的，处无期徒刑或者十年以上有期徒刑；对积极参加的，处三年以上十年以下有期徒刑；对其他参加的，处三年以下有期徒刑、拘役、管制或者剥夺政治权利。\n策动、胁迫、勾引、收买国家机关工作人员、武装部队人员、人民警察、民兵进行武装叛乱或者武装暴乱的，依照前款的规定从重处罚。\n第一百零五条　【颠覆国家政权罪】组织、策划、实施颠覆国家政权、推翻社会主义制度的，对首要分子或者罪行重大的，处无期徒刑或者十年以上有期徒刑；对积极参加的，处三年以上十年以下有期徒刑；对其他参加的，处三年以下有期徒刑、拘役、管制或者剥夺政治权利。\n【煽动颠覆国家政权罪】以造谣、诽谤或者其他方式煽动颠覆国家政权、推翻社会主义制度的，处五年以下有期徒刑、拘役、管制或者剥夺政治权利；首要分子或者罪行重大的，处五年以上有期徒刑。\n第一百零六条　【与境外勾结的处罚规定】与境外机构、组织、个人相勾结，实施本章第一百零三条、第一百零四条、第一百零五条规定之罪的，依照各该条的规定从重处罚。\n第一百零七条　【资助危害国家安全犯罪活动罪】境内外机构、组织或者个人资助实施本章第一百零二条、第一百零三条、第一百零四条、第一百零五条规定之罪的，对直接责任人员，处五年以下有期徒刑、拘役、管制或者剥夺政治权利；情节严重的，处五年以上有期徒刑。\n第一百零八条　【投敌叛变罪】投敌叛变的，处三年以上十年以下有期徒刑；情节严重或者带领武装部队人员、人民警察、民兵投敌叛变的，处十年以上有期徒刑或者无期徒刑。\n第一百零九条　【叛逃罪】国家机关工作人员在履行公务期间，擅离岗位，叛逃境外或者在境外叛逃的，处五年以下有期徒刑、拘役、管制或者剥夺政治权利；情节严重的，处五年以上十年以下有期徒刑。\n掌握国家秘密的国家工作人员叛逃境外或者在境外叛逃的，依照前款的规定从重处罚。\n第一百一十条　【间谍罪】有下列间谍行为之一，危害国家安全的，处十年以上有期徒刑或者无期徒刑；情节较轻的，处三年以上十年以下有期徒刑：\n（一）参加间谍组织或者接受间谍组织及其代理人的任务的；\n（二）为敌人指示轰击目标的。\n第一百一十一条　【为境外窃取、刺探、收买、非法提供国家秘密、情报罪】为境外的机构、组织、人员窃取、刺探、收买、非法提供国家秘密或者情报的，处五年以上十年以下有期徒刑；情节特别严重的，处十年以上有期徒刑或者无期徒刑；情节较轻的，处五年以下有期徒刑、拘役、管制或者剥夺政治权利。\n第一百一十二条　【资敌罪】战时供给敌人武器装备、军用物资资敌的，处十年以上有期徒刑或者无期徒刑；情节较轻的，处三年以上十年以下有期徒刑。\n第一百一十三条　【危害国家安全罪适用死刑、没收财产的规定】本章上述危害国家安全罪行中，除第一百零三条第二款、第一百零五条、第一百零七条、第一百零九条外，对国家和人民危害特别严重、情节特别恶劣的，可以判处死刑。\n犯本章之罪的，可以并处没收财产。\n第二章　危害公共安全罪\n第一百一十四条　【放火罪；决水罪；爆炸罪；投放危险物质罪；以危险方法危害公共安全罪（既遂）】放火、决水、爆炸以及投放毒害性、放射性、传染病病原体等物质或者以其他危险方法危害公共安全，尚未造成严重后果的，处三年以上十年以下有期徒刑。\n第一百一十五条　【放火罪；决水罪；爆炸罪；投放危险物质罪；以危险方法危害公共安全罪（结果加重犯）】放火、决水、爆炸以及投放毒害性、放射性、传染病病原体等物质或者以其他危险方法致人重伤、死亡或者使公私财产遭受重大损失的，处十年以上有期徒刑、无期徒刑或者死刑。\n【失火罪；过失决水罪；过失爆炸罪；过失投放危险物质罪；过失以危险方法危害公共安全罪】过失犯前款罪的，处三年以上七年以下有期徒刑；情节较轻的，处三年以下有期徒刑或者拘役。\n第一百一十六条　【破坏交通工具罪】破坏火车、汽车、电车、船只、航空器，足以使火车、汽车、电车、船只、航空器发生倾覆、毁坏危险，尚未造成严重后果的，处三年以上十年以下有期徒刑。\n第一百一十七条　【破坏交通设施罪】破坏轨道、桥梁、隧道、公路、机场、航道、灯塔、标志或者进行其他破坏活动，足以使火车、汽车、电车、船只、航空器发生倾覆、毁坏危险，尚未造成严重后果的，处三年以上十年以下有期徒刑。\n第一百一十八条　【破坏电力设备罪；破坏易燃易爆设备罪】破坏电力、燃气或者其他易燃易爆设备，危害公共安全，尚未造成严重后果的，处三年以上十年以下有期徒刑。\n第一百一十九条　【破坏交通工具罪；破坏交通设施罪；破坏电力设备罪；破坏易燃易爆设备罪（结果加重犯）】破坏交通工具、交通设施、电力设备、燃气设备、易燃易爆设备，造成严重后果的，处十年以上有期徒刑、无期徒刑或者死刑。\n【过失损坏交通工具罪；过失损坏交通设施罪；过失损坏电力设备罪；过失损坏易燃易爆设备罪】过失犯前款罪的，处三年以上七年以下有期徒刑；情节较轻的，处三年以下有期徒刑或者拘役。\n第一百二十条　【组织、领导、参加恐怖组织罪】组织、领导恐怖活动组织的，处十年以上有期徒刑或者无期徒刑，并处没收财产；积极参加的，处三年以上十年以下有期徒刑，并处罚金；其他参加的，处三年以下有期徒刑、拘役、管制或者剥夺政治权利，可以并处罚金。\n【数罪并罚】犯前款罪并实施杀人、爆炸、绑架等犯罪的，依照数罪并罚的规定处罚。\n第一百二十条之一　【帮助恐怖活动罪】资助恐怖活动组织、实施恐怖活动的个人的，或者资助恐怖活动培训的，处五年以下有期徒刑、拘役、管制或者剥夺政治权利，并处罚金；情节严重的，处五年以上有期徒刑，并处罚金或者没收财产。\n为恐怖活动组织、实施恐怖活动或者恐怖活动培训招募、运送人员的，依照前款的规定处罚。\n单位犯前两款罪的，对单位判处罚金，并对其直接负责的主管人员和其他直接责任人员，依照第一款的规定处罚。\n第一百二十条之二　【准备实施恐怖活动罪】有下列情形之一的，处五年以下有期徒刑、拘役、管制或者剥夺政治权利，并处罚金；情节严重的，处五年以上有期徒刑，并处罚金或者没收财产：\n（一）为实施恐怖活动准备凶器、危险物品或者其他工具的；\n（二）组织恐怖活动培训或者积极参加恐怖活动培训的；\n（三）为实施恐怖活动与境外恐怖活动组织或者人员联络的；\n（四）为实施恐怖活动进行策划或者其他准备的。\n有前款行为，同时构成其他犯罪的，依照处罚较重的规定定罪处罚。\n第一百二十条之三　【宣扬恐怖主义、极端主义、煽动实施恐怖活动罪】以制作、散发宣扬恐怖主义、极端主义的图书、音频视频资料或者其他物品，或者通过讲授、发布信息等方式宣扬恐怖主义、极端主义的，或者煽动实施恐怖活动的，处五年以下有期徒刑、拘役、管制或者剥夺政治权利，并处罚金；情节严重的，处五年以上有期徒刑，并处罚金或者没收财产。\n第一百二十条之四　【利用极端主义破坏法律实施罪】利用极端主义煽动、胁迫群众破坏国家法律确立的婚姻、司法、教育、社会管理等制度实施的，处三年以下有期徒刑、拘役或者管制，并处罚金；情节严重的，处三年以上七年以下有期徒刑，并处罚金；情节特别严重的，处七年以上有期徒刑，并处罚金或者没收财产。\n第一百二十条之五　【强制穿戴宣扬恐怖主义、极端主义服饰、标志罪】以暴力、胁迫等方式强制他人在公共场所穿着、佩戴宣扬恐怖主义、极端主义服饰、标志的，处三年以下有期徒刑、拘役或者管制，并处罚金。\n第一百二十条之六　【非法持有宣扬恐怖主义、极端主义物品罪】明知是宣扬恐怖主义、极端主义的图书、音频视频资料或者其他物品而非法持有，情节严重的，处三年以下有期徒刑、拘役或者管制，并处或者单处罚金。\n第一百二十一条　【劫持航空器罪】以暴力、胁迫或者其他方法劫持航空器的，处十年以上有期徒刑或者无期徒刑；致人重伤、死亡或者使航空器遭受严重破坏的，处死刑。\n第一百二十二条　【劫持船只、汽车罪】以暴力、胁迫或者其他方法劫持船只、汽车的，处五年以上十年以下有期徒刑；造成严重后果的，处十年以上有期徒刑或者无期徒刑。\n第一百二十三条　【暴力危及飞行安全罪】对飞行中的航空器上的人员使用暴力，危及飞行安全，尚未造成严重后果的，处五年以下有期徒刑或者拘役；造成严重后果的，处五年以上有期徒刑。\n第一百二十四条　【破坏广播电视设施、公用电信设施罪】破坏广播电视设施、公用电信设施，危害公共安全的，处三年以上七年以下有期徒刑；造成严重后果的，处七年以上有期徒刑。\n【过失损坏广播电视设施、公用电信设施罪】过失犯前款罪的，处三年以上七年以下有期徒刑；情节较轻的，处三年以下有期徒刑或者拘役。\n第一百二十五条　【非法制造、买卖、运输、邮寄、储存枪支、弹药、爆炸物罪】非法制造、买卖、运输、邮寄、储存枪支、弹药、爆炸物的，处三年以上十年以下有期徒刑；情节严重的，处十年以上有期徒刑、无期徒刑或者死刑。\n【非法制造、买卖、运输、储存危险物质罪】非法制造、买卖、运输、储存毒害性、放射性、传染病病原体等物质，危害公共安全的，依照前款的规定处罚。\n单位犯前两款罪的，对单位判处罚金，并对其直接负责的主管人员和其他直接责任人员，依照第一款的规定处罚。\n第一百二十六条　【违规制造、销售枪支罪】依法被指定、确定的枪支制造企业、销售企业，违反枪支管理规定，有下列行为之一的，对单位判处罚金，并对其直接负责的主管人员和其他直接责任人员，处五年以下有期徒刑；情节严重的，处五年以上十年以下有期徒刑；情节特别严重的，处十年以上有期徒刑或者无期徒刑：\n（一）以非法销售为目的，超过限额或者不按照规定的品种制造、配售枪支的；\n（二）以非法销售为目的，制造无号、重号、假号的枪支的；\n（三）非法销售枪支或者在境内销售为出口制造的枪支的。\n第一百二十七条　【盗窃、抢夺枪支、弹药、爆炸物、危险物质罪】盗窃、抢夺枪支、弹药、爆炸物的，或者盗窃、抢夺毒害性、放射性、传染病病原体等物质，危害公共安全的，处三年以上十年以下有期徒刑；情节严重的，处十年以上有期徒刑、无期徒刑或者死刑。\n【抢劫枪支、弹药、爆炸物、危险物质罪；盗窃、抢夺枪支、弹药、爆炸物、危险物质罪】抢劫枪支、弹药、爆炸物的，或者抢劫毒害性、放射性、传染病病原体等物质，危害公共安全的，或者盗窃、抢夺国家机关、军警人员、民兵的枪支、弹药、爆炸物的，处十年以上有期徒刑、无期徒刑或者死刑。\n第一百二十八条　【非法持有、私藏枪支、弹药罪】违反枪支管理规定，非法持有、私藏枪支、弹药的，处三年以下有期徒刑、拘役或者管制；情节严重的，处三年以上七年以下有期徒刑。\n【非法出租、出借枪支罪】依法配备公务用枪的人员，非法出租、出借枪支的，依照前款的规定处罚。\n依法配置枪支的人员，非法出租、出借枪支，造成严重后果的，依照第一款的规定处罚。\n单位犯第二款、第三款罪的，对单位判处罚金，并对其直接负责的主管人员和其他直接责任人员，依照第一款的规定处罚。\n第一百二十九条　【丢失枪支不报罪】依法配备公务用枪的人员，丢失枪支不及时报告，造成严重后果的，处三年以下有期徒刑或者拘役。\n第一百三十条　【非法携带枪支、弹药、管制刀具、危险物品危及公共安全罪】非法携带枪支、弹药、管制刀具或者爆炸性、易燃性、放射性、毒害性、腐蚀性物品，进入公共场所或者公共交通工具，危及公共安全，情节严重的，处三年以下有期徒刑、拘役或者管制。\n第一百三十一条　【重大飞行事故罪】航空人员违反规章制度，致使发生重大飞行事故，造成严重后果的，处三年以下有期徒刑或者拘役；造成飞机坠毁或者人员死亡的，处三年以上七年以下有期徒刑。\n第一百三十二条　【铁路运营安全事故罪】铁路职工违反规章制度，致使发生铁路运营安全事故，造成严重后果的，处三年以下有期徒刑或者拘役；造成特别严重后果的，处三年以上七年以下有期徒刑。\n第一百三十三条　【交通肇事罪】违反交通运输管理法规，因而发生重大事故，致人重伤、死亡或者使公私财产遭受重大损失的，处三年以下有期徒刑或者拘役；交通运输肇事后逃逸或者有其他特别恶劣情节的，处三年以上七年以下有期徒刑；因逃逸致人死亡的，处七年以上有期徒刑。\n第一百三十三条之一　【危险驾驶罪】在道路上驾驶机动车，有下列情形之一的，处拘役，并处罚金：\n（一）追逐竞驶，情节恶劣的；\n（二）醉酒驾驶机动车的；\n（三）从事校车业务或者旅客运输，严重超过额定乘员载客，或者严重超过规定时速行驶的；\n（四）违反危险化学品安全管理规定运输危险化学品，危及公共安全的。\n机动车所有人、管理人对前款第三项、第四项行为负有直接责任的，依照前款的规定处罚。\n有前两款行为，同时构成其他犯罪的，依照处罚较重的规定定罪处罚。\n第一百三十三条之二 【妨害安全驾驶罪】对行驶中的公共交通工具的驾驶人员使用暴力或者抢控驾驶操纵装置，干扰公共交通工具正常行驶，危及公共安全的，处一年以下有期徒刑、拘役或者管制，并处或者单处罚金。\n前款规定的驾驶人员在行驶的公共交通工具上擅离职守，与他人互殴或者殴打他人，危及公共安全的，依照前款的规定处罚。\n【择一重处】有前两款行为，同时构成其他犯罪的，依照处罚较重的规定定罪处罚。 [14] \n第一百三十四条　【重大责任事故罪】在生产、作业中违反有关安全管理的规定，因而发生重大伤亡事故或者造成其他严重后果的，处三年以下有期徒刑或者拘役；情节特别恶劣的，处三年以上七年以下有期徒刑。\n【强令、组织他人违章冒险作业罪】强令他人违章冒险作业，或者明知存在重大事故隐患而不排除，仍冒险组织作业，因而发生重大伤亡事故或者造成其他严重后果的，处五年以下有期徒刑或者拘役；情节特别恶劣的，处五年以上有期徒刑 [14]  。\n第一百三十四条之一　【危险作业罪】在生产、作业中违反有关安全管理的规定，有下列情形之一，具有发生重大伤亡事故或者其他严重后果的现实危险的，处一年以下有期徒刑、拘役或者管制：\n（一）关闭、破坏直接关系生产安全的监控、报警、防护、救生设备、设施，或者篡改、隐瞒、销毁其相关数据、信息的；\n（二）因存在重大事故隐患被依法责令停产停业、停止施工、停止使用有关设备、设施、场所或者立即采取排除危险的整改措施，而拒不执行的；\n（三）涉及安全生产的事项未经依法批准或者许可，擅自从事矿山开采、金属冶炼、建筑施工，以及危险物品生产、经营、储存等高度危险的生产作业活动的。 [14] \n第一百三十五条　【重大劳动安全事故罪】安全生产设施或者安全生产条件不符合国家规定，因而发生重大伤亡事故或者造成其他严重后果的，对直接负责的主管人员和其他直接责任人员，处三年以下有期徒刑或者拘役；情节特别恶劣的，处三年以上七年以下有期徒刑。\n第一百三十五条之一　【大型群众性活动重大安全事故罪】举办大型群众性活动违反安全管理规定，因而发生重大伤亡事故或者造成其他严重后果的，对直接负责的主管人员和其他直接责任人员，处三年以下有期徒刑或者拘役；情节特别恶劣的，处三年以上七年以下有期徒刑。\n第一百三十六条　【危险物品肇事罪】违反爆炸性、易燃性、放射性、毒害性、腐蚀性物品的管理规定，在生产、储存、运输、使用中发生重大事故，造成严重后果的，处三年以下有期徒刑或者拘役；后果特别严重的，处三年以上七年以下有期徒刑。\n第一百三十七条　【工程重大安全事故罪】建设单位、设计单位、施工单位、工程监理单位违反国家规定，降低工程质量标准，造成重大安全事故的，对直接责任人员，处五年以下有期徒刑或者拘役，并处罚金；后果特别严重的，处五年以上十年以下有期徒刑，并处罚金。\n第一百三十八条　【教育设施重大安全事故罪】明知校舍或者教育教学设施有危险，而不采取措施或者不及时报告，致使发生重大伤亡事故的，对直接责任人员，处三年以下有期徒刑或者拘役；后果特别严重的，处三年以上七年以下有期徒刑。\n第一百三十九条　【消防责任事故罪】违反消防管理法规，经消防监督机构通知采取改正措施而拒绝执行，造成严重后果的，对直接责任人员，处三年以下有期徒刑或者拘役；后果特别严重的，处三年以上七年以下有期徒刑。\n第一百三十九条之一　【不报、谎报安全事故罪】在安全事故发生后，负有报告职责的人员不报或者谎报事故情况，贻误事故抢救，情节严重的，处三年以下有期徒刑或者拘役；情节特别严重的，处三年以上七年以下有期徒刑。\n第三章　破坏社会主义市场经济秩序罪\n第一节　生产、销售伪劣商品罪\n第一百四十条　【生产、销售伪劣产品罪】生产者、销售者在产品中掺杂、掺假，以假充真，以次充好或者以不合格产品冒充合格产品，销售金额五万元以上不满二十万元的，处二年以下有期徒刑或者拘役，并处或者单处销售金额百分之五十以上二倍以下罚金；销售金额二十万元以上不满五十万元的，处二年以上七年以下有期徒刑，并处销售金额百分之五十以上二倍以下罚金；销售金额五十万元以上不满二百万元的，处七年以上有期徒刑，并处销售金额百分之五十以上二倍以下罚金；销售金额二百万元以上的，处十五年有期徒刑或者无期徒刑，并处销售金额百分之五十以上二倍以下罚金或者没收财产。\n第一百四十一条　【生产、销售、提供假药罪】生产、销售假药的，处三年以下有期徒刑或者拘役，并处罚金；对人体健康造成严重危害或者有其他严重情节的，处三年以上十年以下有期徒刑，并处罚金；致人死亡或者有其他特别严重情节的，处十年以上有期徒刑、无期徒刑或者死刑，并处罚金或者没收财产。 [14] \n药品使用单位的人员明知是假药而提供给他人使用的，依照前款的规定处罚。 [14] \n第一百四十二条　【生产、销售、提供劣药罪】生产、销售劣药，对人体健康造成严重危害的，处三年以上十年以下有期徒刑，并处罚金；后果特别严重的，处十年以上有期徒刑或者无期徒刑，并处罚金或者没收财产。\n药品使用单位的人员明知是劣药而提供给他人使用的，依照前款的规定处罚。 [14] \n第一百四十二条之一　【妨害药品管理罪】违反药品管理法规，有下列情形之一，足以严重危害人体健康的，处三年以下有期徒刑或者拘役，并处或者单处罚金；对人体健康造成严重危害或者有其他严重情节的，处三年以上七年以下有期徒刑，并处罚金：\n（一）生产、销售国务院药品监督管理部门禁止使用的药品的；\n（二）未取得药品相关批准证明文件生产、进口药品或者明知是上述药品而销售的；\n（三）药品申请注册中提供虚假的证明、数据、资料、样品或者采取其他欺骗手段的；\n（四）编造生产、检验记录的。\n有前款行为，同时又构成本法第一百四十一条、第一百四十二条规定之罪或者其他犯罪的，依照处罚较重的规定定罪处罚 [14]  。\n第一百四十三条　【生产、销售不符合安全标准的食品罪】生产、销售不符合食品安全标准的食品，足以造成严重食物中毒事故或者其他严重食源性疾病的，处三年以下有期徒刑或者拘役，并处罚金；对人体健康造成严重危害或者有其他严重情节的，处三年以上七年以下有期徒刑，并处罚金；后果特别严重的，处七年以上有期徒刑或者无期徒刑，并处罚金或者没收财产。\n第一百四十四条　【生产、销售有毒、有害食品罪】在生产、销售的食品中掺入有毒、有害的非食品原料的，或者销售明知掺有有毒、有害的非食品原料的食品的，处五年以下有期徒刑，并处罚金；对人体健康造成严重危害或者有其他严重情节的，处五年以上十年以下有期徒刑，并处罚金；致人死亡或者有其他特别严重情节的，依照本法第一百四十一条的规定处罚。\n第一百四十五条　【生产、销售不符合标准的医用器材罪】生产不符合保障人体健康的国家标准、行业标准的医疗器械、医用卫生材料，或者销售明知是不符合保障人体健康的国家标准、行业标准的医疗器械、医用卫生材料，足以严重危害人体健康的，处三年以下有期徒刑或者拘役，并处销售金额百分之五十以上二倍以下罚金；对人体健康造成严重危害的，处三年以上十年以下有期徒刑，并处销售金额百分之五十以上二倍以下罚金；后果特别严重的，处十年以上有期徒刑或者无期徒刑，并处销售金额百分之五十以上二倍以下罚金或者没收财产。\n第一百四十六条　【生产、销售不符合安全标准的产品罪】生产不符合保障人身、财产安全的国家标准、行业标准的电器、压力容器、易燃易爆产品或者其他不符合保障人身、财产安全的国家标准、行业标准的产品，或者销售明知是以上不符合保障人身、财产安全的国家标准、行业标准的产品，造成严重后果的，处五年以下有期徒刑，并处销售金额百分之五十以上二倍以下罚金；后果特别严重的，处五年以上有期徒刑，并处销售金额百分之五十以上二倍以下罚金。\n第一百四十七条　【生产、销售伪劣农药、兽药、化肥、种子罪】生产假农药、假兽药、假化肥，销售明知是假的或者失去使用效能的农药、兽药、化肥、种子，或者生产者、销售者以不合格的农药、兽药、化肥、种子冒充合格的农药、兽药、化肥、种子，使生产遭受较大损失的，处三年以下有期徒刑或者拘役，并处或者单处销售金额百分之五十以上二倍以下罚金；使生产遭受重大损失的，处三年以上七年以下有期徒刑，并处销售金额百分之五十以上二倍以下罚金；使生产遭受特别重大损失的，处七年以上有期徒刑或者无期徒刑，并处销售金额百分之五十以上二倍以下罚金或者没收财产。\n第一百四十八条　【生产、销售不符合卫生标准的化妆品罪】生产不符合卫生标准的化妆品，或者销售明知是不符合卫生标准的化妆品，造成严重后果的，处三年以下有期徒刑或者拘役，并处或者单处销售金额百分之五十以上二倍以下罚金。\n第一百四十九条　【本节法条竞合适用规则】生产、销售本节第一百四十一条至第一百四十八条所列产品，不构成各该条规定的犯罪，但是销售金额在五万元以上的，依照本节第一百四十条的规定定罪处罚。\n生产、销售本节第一百四十一条至第一百四十八条所列产品，构成各该条规定的犯罪，同时又构成本节第一百四十条规定之罪的，依照处罚较重的规定定罪处罚。\n第一百五十条　【单位犯本节规定之罪的处理】单位犯本节第一百四十条至第一百四十八条规定之罪的，对单位判处罚金，并对其直接负责的主管人员和其他直接责任人员，依照各该条的规定处罚。\n第二节　走私罪\n第一百五十一条　【走私武器、弹药罪；走私核材料罪；走私假币罪】走私武器、弹药、核材料或者伪造的货币的，处七年以上有期徒刑，并处罚金或者没收财产；情节特别严重的，处无期徒刑，并处没收财产；情节较轻的，处三年以上七年以下有期徒刑，并处罚金。\n【走私文物罪；走私贵重金属罪；走私珍贵动物、珍贵动物制品罪】走私国家禁止出口的文物、黄金、白银和其他贵重金属或者国家禁止进出口的珍贵动物及其制品的，处五年以上十年以下有期徒刑，并处罚金；情节特别严重的，处十年以上有期徒刑或者无期徒刑，并处没收财产；情节较轻的，处五年以下有期徒刑，并处罚金。\n【走私国家禁止进出口的货物、物品罪】走私珍稀植物及其制品等国家禁止进出口的其他货物、物品的，处五年以下有期徒刑或者拘役，并处或者单处罚金；情节严重的，处五年以上有期徒刑，并处罚金。\n单位犯本条规定之罪的，对单位判处罚金，并对其直接负责的主管人员和其他直接责任人员，依照本条各款的规定处罚。\n第一百五十二条　【走私淫秽物品罪】以牟利或者传播为目的，走私淫秽的影片、录像带、录音带、图片、书刊或者其他淫秽物品的，处三年以上十年以下有期徒刑，并处罚金；情节严重的，处十年以上有期徒刑或者无期徒刑，并处罚金或者没收财产；情节较轻的，处三年以下有期徒刑、拘役或者管制，并处罚金。\n【走私废物罪】逃避海关监管将境外固体废物、液态废物和气态废物运输进境，情节严重的，处五年以下有期徒刑，并处或者单处罚金；情节特别严重的，处五年以上有期徒刑，并处罚金。\n单位犯前两款罪的，对单位判处罚金，并对其直接负责的主管人员和其他直接责任人员，依照前两款的规定处罚。\n第一百五十三条　【走私普通货物、物品罪】走私本法第一百五十一条、第一百五十二条、第三百四十七条规定以外的货物、物品的，根据情节轻重，分别依照下列规定处罚：\n（一）走私货物、物品偷逃应缴税额较大或者一年内曾因走私被给予二次行政处罚后又走私的，处三年以下有期徒刑或者拘役，并处偷逃应缴税额一倍以上五倍以下罚金。\n（二）走私货物、物品偷逃应缴税额巨大或者有其他严重情节的，处三年以上十年以下有期徒刑，并处偷逃应缴税额一倍以上五倍以下罚金。\n（三）走私货物、物品偷逃应缴税额特别巨大或者有其他特别严重情节的，处十年以上有期徒刑或者无期徒刑，并处偷逃应缴税额一倍以上五倍以下罚金或者没收财产。\n单位犯前款罪的，对单位判处罚金，并对其直接负责的主管人员和其他直接责任人员，处三年以下有期徒刑或者拘役；情节严重的，处三年以上十年以下有期徒刑；情节特别严重的，处十年以上有期徒刑。\n对多次走私未经处理的，按照累计走私货物、物品的偷逃应缴税额处罚。\n第一百五十四条　【走私普通货物、物品罪的变相行为形式】下列走私行为，根据本节规定构成犯罪的，依照本法第一百五十三条的规定定罪处罚：\n（一）未经海关许可并且未补缴应缴税额，擅自将批准进口的来料加工、来件装配、补偿贸易的原材料、零件、制成品、设备等保税货物，在境内销售牟利的；\n（二）未经海关许可并且未补缴应缴税额，擅自将特定减税、免税进口的货物、物品，在境内销售牟利的。\n第一百五十五条　【间接走私行为以相应走私犯罪论处】下列行为，以走私罪论处，依照本节的有关规定处罚：\n（一）直接向走私人非法收购国家禁止进口物品的，或者直接向走私人非法收购走私进口的其他货物、物品，数额较大的；\n（二）在内海、领海、界河、界湖运输、收购、贩卖国家禁止进出口物品的，或者运输、收购、贩卖国家限制进出口货物、物品，数额较大，没有合法证明的。\n第一百五十六条　【走私共犯】与走私罪犯通谋，为其提供贷款、资金、帐号、发票、证明，或者为其提供运输、保管、邮寄或者其他方便的，以走私罪的共犯论处。\n第一百五十七条　【武装掩护走私、抗拒缉私的处罚规定】武装掩护走私的，依照本法第一百五十一条第一款的规定从重处罚。\n以暴力、威胁方法抗拒缉私的，以走私罪和本法第二百七十七条规定的阻碍国家机关工作人员依法执行职务罪，依照数罪并罚的规定处罚。\n第三节　妨害对公司、企业的管理秩序罪\n第一百五十八条　【虚报注册资本罪】申请公司登记使用虚假证明文件或者采取其他欺诈手段虚报注册资本，欺骗公司登记主管部门，取得公司登记，虚报注册资本数额巨大、后果严重或者有其他严重情节的，处三年以下有期徒刑或者拘役，并处或者单处虚报注册资本金额百分之一以上百分之五以下罚金。\n单位犯前款罪的，对单位判处罚金，并对其直接负责的主管人员和其他直接责任人员，处三年以下有期徒刑或者拘役。\n第一百五十九条　【虚假出资、抽逃出资罪】公司发起人、股东违反公司法的规定未交付货币、实物或者未转移财产权，虚假出资，或者在公司成立后又抽逃其出资，数额巨大、后果严重或者有其他严重情节的，处五年以下有期徒刑或者拘役，并处或者单处虚假出资金额或者抽逃出资金额百分之二以上百分之十以下罚金。\n单位犯前款罪的，对单位判处罚金，并对其直接负责的主管人员和其他直接责任人员，处五年以下有期徒刑或者拘役。\n第一百六十条　【欺诈发行证券罪】在招股说明书、认股书、公司、企业债券募集办法等发行文件中隐瞒重要事实或者编造重大虚假内容，发行股票或者公司、企业债券、存托凭证或者国务院依法认定的其他证券，数额巨大、后果严重或者有其他严重情节的，处五年以下有期徒刑或者拘役，并处或者单处罚金；数额特别巨大、后果特别严重或者有其他特别严重情节的，处五年以上有期徒刑，并处罚金。\n控股股东、实际控制人组织、指使实施前款行为的，处五年以下有期徒刑或者拘役，并处或者单处非法募集资金金额百分之二十以上一倍以下罚金；数额特别巨大、后果特别严重或者有其他特别严重情节的，处五年以上有期徒刑，并处非法募集资金金额百分之二十以上一倍以下罚金。\n单位犯前两款罪的，对单位判处非法募集资金金额百分之二十以上一倍以下罚金，并对其直接负责的主管人员和其他直接责任人员，依照第一款的规定处罚 [14]  。\n第一百六十一条　【违规披露、不披露重要信息罪】依法负有信息披露义务的公司、企业向股东和社会公众提供虚假的或者隐瞒重要事实的财务会计报告，或者对依法应当披露的其他重要信息不按照规定披露，严重损害股东或者其他人利益，或者有其他严重情节的，对其直接负责的主管人员和其他直接责任人员，处五年以下有期徒刑或者拘役，并处或者单处罚金；情节特别严重的，处五年以上十年以下有期徒刑，并处罚金。\n前款规定的公司、企业的控股股东、实际控制人实施或者组织、指使实施前款行为的，或者隐瞒相关事项导致前款规定的情形发生的，依照前款的规定处罚。\n犯前款罪的控股股东、实际控制人是单位的，对单位判处罚金，并对其直接负责的主管人员和其他直接责任人员，依照第一款的规定处罚 [14]  。\n第一百六十二条　【妨害清算罪】公司、企业进行清算时，隐匿财产，对资产负债表或者财产清单作虚伪记载或者在未清偿债务前分配公司、企业财产，严重损害债权人或者其他人利益的，对其直接负责的主管人员和其他直接责任人员，处五年以下有期徒刑或者拘役，并处或者单处二万元以上二十万元以下罚金。\n第一百六十二条之一　【隐匿、故意销毁会计凭证、会计账簿、财务会计报告罪】隐匿或者故意销毁依法应当保存的会计凭证、会计账簿、财务会计报告，情节严重的，处五年以下有期徒刑或者拘役，并处或者单处二万元以上二十万元以下罚金。\n单位犯前款罪的，对单位判处罚金，并对其直接负责的主管人员和其他直接责任人员，依照前款的规定处罚。\n第一百六十二条之二　【虚假破产罪】公司、企业通过隐匿财产、承担虚构的债务或者以其他方法转移、处分财产，实施虚假破产，严重损害债权人或者其他人利益的，对其直接负责的主管人员和其他直接责任人员，处五年以下有期徒刑或者拘役，并处或者单处二万元以上二十万元以下罚金。\n第一百六十三条　【非国家工作人员受贿罪】公司、企业或者其他单位的工作人员，利用职务上的便利，索取他人财物或者非法收受他人财物，为他人谋取利益，数额较大的，处三年以下有期徒刑或者拘役，并处罚金；数额巨大或者有其他严重情节的，处三年以上十年以下有期徒刑，并处罚金；数额特别巨大或者有其他特别严重情节的，处十年以上有期徒刑或者无期徒刑，并处罚金 [14]  。\n公司、企业或者其他单位的工作人员在经济往来中，利用职务上的便利，违反国家规定，收受各种名义的回扣、手续费，归个人所有的，依照前款的规定处罚。\n国有公司、企业或者其他国有单位中从事公务的人员和国有公司、企业或者其他国有单位委派到非国有公司、企业以及其他单位从事公务的人员有前两款行为的，依照本法第三百八十五条、第三百八十六条的规定定罪处罚。\n第一百六十四条　【对非国家工作人员行贿罪】为谋取不正当利益，给予公司、企业或者其他单位的工作人员以财物，数额较大的，处三年以下有期徒刑或者拘役，并处罚金；数额巨大的，处三年以上十年以下有期徒刑，并处罚金。\n【对外国公职人员、国际公共组织官员行贿罪】为谋取不正当商业利益，给予外国公职人员或者国际公共组织官员以财物的，依照前款的规定处罚。\n单位犯前两款罪的，对单位判处罚金，并对其直接负责的主管人员和其他直接责任人员，依照第一款的规定处罚。\n行贿人在被追诉前主动交待行贿行为的，可以减轻处罚或者免除处罚。\n第一百六十五条　【非法经营同类营业罪】国有公司、企业的董事、经理利用职务便利，自己经营或者为他人经营与其所任职公司、企业同类的营业，获取非法利益，数额巨大的，处三年以下有期徒刑或者拘役，并处或者单处罚金；数额特别巨大的，处三年以上七年以下有期徒刑，并处罚金。\n第一百六十六条　【为亲友非法牟利罪】国有公司、企业、事业单位的工作人员，利用职务便利，有下列情形之一，使国家利益遭受重大损失的，处三年以下有期徒刑或者拘役，并处或者单处罚金；致使国家利益遭受特别重大损失的，处三年以上七年以下有期徒刑，并处罚金：\n（一）将本单位的盈利业务交由自己的亲友进行经营的；\n（二）以明显高于市场的价格向自己的亲友经营管理的单位采购商品或者以明显低于市场的价格向自己的亲友经营管理的单位销售商品的；\n（三）向自己的亲友经营管理的单位采购不合格商品的。\n第一百六十七条　【签订、履行合同失职被骗罪】国有公司、企业、事业单位直接负责的主管人员，在签订、履行合同过程中，因严重不负责任被诈骗，致使国家利益遭受重大损失的，处三年以下有期徒刑或者拘役；致使国家利益遭受特别重大损失的，处三年以上七年以下有期徒刑。\n第一百六十八条　【国有公司、企业、事业单位人员失职罪；国有公司、企业、事业单位人员滥用职权罪】国有公司、企业的工作人员，由于严重不负责任或者滥用职权，造成国有公司、企业破产或者严重损失，致使国家利益遭受重大损失的，处三年以下有期徒刑或者拘役；致使国家利益遭受特别重大损失的，处三年以上七年以下有期徒刑。\n国有事业单位的工作人员有前款行为，致使国家利益遭受重大损失的，依照前款的规定处罚。\n国有公司、企业、事业单位的工作人员，徇私舞弊，犯前两款罪的，依照第一款的规定从重处罚。\n第一百六十九条　【徇私舞弊低价折股、出售国有资产罪】国有公司、企业或者其上级主管部门直接负责的主管人员，徇私舞弊，将国有资产低价折股或者低价出售，致使国家利益遭受重大损失的，处三年以下有期徒刑或者拘役；致使国家利益遭受特别重大损失的，处三年以上七年以下有期徒刑。\n第一百六十九条之一　【背信损害上市公司利益罪】上市公司的董事、监事、高级管理人员违背对公司的忠实义务，利用职务便利，操纵上市公司从事下列行为之一，致使上市公司利益遭受重大损失的，处三年以下有期徒刑或者拘役，并处或者单处罚金；致使上市公司利益遭受特别重大损失的，处三年以上七年以下有期徒刑，并处罚金：\n（一）无偿向其他单位或者个人提供资金、商品、服务或者其他资产的；\n（二）以明显不公平的条件，提供或者接受资金、商品、服务或者其他资产的；\n（三）向明显不具有清偿能力的单位或者个人提供资金、商品、服务或者其他资产的；\n（四）为明显不具有清偿能力的单位或者个人提供担保，或者无正当理由为其他单位或者个人提供担保的；\n（五）无正当理由放弃债权、承担债务的；\n（六）采用其他方式损害上市公司利益的。\n上市公司的控股股东或者实际控制人，指使上市公司董事、监事、高级管理人员实施前款行为的，依照前款的规定处罚。\n犯前款罪的上市公司的控股股东或者实际控制人是单位的，对单位判处罚金，并对其直接负责的主管人员和其他直接责任人员，依照第一款的规定处罚。\n第四节　破坏金融管理秩序罪\n第一百七十条　【伪造货币罪】伪造货币的，处三年以上十年以下有期徒刑，并处罚金；有下列情形之一的，处十年以上有期徒刑或者无期徒刑，并处罚金或者没收财产：\n（一）伪造货币集团的首要分子；\n（二）伪造货币数额特别巨大的；\n（三）有其他特别严重情节的。\n第一百七十一条　【出售、购买、运输假币罪】出售、购买伪造的货币或者明知是伪造的货币而运输，数额较大的，处三年以下有期徒刑或者拘役，并处二万元以上二十万元以下罚金；数额巨大的，处三年以上十年以下有期徒刑，并处五万元以上五十万元以下罚金；数额特别巨大的，处十年以上有期徒刑或者无期徒刑，并处五万元以上五十万元以下罚金或者没收财产。\n【金融工作人员购买假币、以假币换取货币罪】银行或者其他金融机构的工作人员购买伪造的货币或者利用职务上的便利，以伪造的货币换取货币的，处三年以上十年以下有期徒刑，并处二万元以上二十万元以下罚金；数额巨大或者有其他严重情节的，处十年以上有期徒刑或者无期徒刑，并处二万元以上二十万元以下罚金或者没收财产；情节较轻的，处三年以下有期徒刑或者拘役，并处或者单处一万元以上十万元以下罚金。\n伪造货币并出售或者运输伪造的货币的，依照本法第一百七十条的规定定罪从重处罚。\n第一百七十二条　【持有、使用假币罪】明知是伪造的货币而持有、使用，数额较大的，处三年以下有期徒刑或者拘役，并处或者单处一万元以上十万元以下罚金；数额巨大的，处三年以上十年以下有期徒刑，并处二万元以上二十万元以下罚金；数额特别巨大的，处十年以上有期徒刑，并处五万元以上五十万元以下罚金或者没收财产。\n第一百七十三条　【变造货币罪】变造货币，数额较大的，处三年以下有期徒刑或者拘役，并处或者单处一万元以上十万元以下罚金；数额巨大的，处三年以上十年以下有期徒刑，并处二万元以上二十万元以下罚金。\n第一百七十四条　【擅自设立金融机构罪】未经国家有关主管部门批准，擅自设立商业银行、证券交易所、期货交易所、证券公司、期货经纪公司、保险公司或者其他金融机构的，处三年以下有期徒刑或者拘役，并处或者单处二万元以上二十万元以下罚金；情节严重的，处三年以上十年以下有期徒刑，并处五万元以上五十万元以下罚金。\n【伪造、变造、转让金融机构经营许可证、批准文件罪】伪造、变造、转让商业银行、证券交易所、期货交易所、证券公司、期货经纪公司、保险公司或者其他金融机构的经营许可证或者批准文件的，依照前款的规定处罚。\n单位犯前两款罪的，对单位判处罚金，并对其直接负责的主管人员和其他直接责任人员，依照第一款的规定处罚。\n第一百七十五条　【高利转贷罪】以转贷牟利为目的，套取金融机构信贷资金高利转贷他人，违法所得数额较大的，处三年以下有期徒刑或者拘役，并处违法所得一倍以上五倍以下罚金；数额巨大的，处三年以上七年以下有期徒刑，并处违法所得一倍以上五倍以下罚金。\n单位犯前款罪的，对单位判处罚金，并对其直接负责的主管人员和其他直接责任人员，处三年以下有期徒刑或者拘役。\n第一百七十五条之一　【骗取贷款、票据承兑、金融票证罪】以欺骗手段取得银行或者其他金融机构贷款、票据承兑、信用证、保函等，给银行或者其他金融机构造成重大损失或者有其他严重情节的，处三年以下有期徒刑或者拘役，并处或者单处罚金；给银行或者其他金融机构造成特别重大损失或者有其他特别严重情节的，处三年以上七年以下有期徒刑，并处罚金。 [14] \n单位犯前款罪的，对单位判处罚金，并对其直接负责的主管人员和其他直接责任人员，依照前款的规定处罚。\n第一百七十六条　【非法吸收公众存款罪】非法吸收公众存款或者变相吸收公众存款，扰乱金融秩序的，处三年以下有期徒刑或者拘役，并处或者单处罚金；数额巨大或者有其他严重情节的，处三年以上十年以下有期徒刑，并处罚金；数额特别巨大或者有其他特别严重情节的，处十年以上有期徒刑，并处罚金。 [14] \n单位犯前款罪的，对单位判处罚金，并对其直接负责的主管人员和其他直接责任人员，依照前款的规定处罚。\n有前两款行为，在提起公诉前积极退赃退赔，减少损害结果发生的，可以从轻或者减轻处罚 [14]  。\n第一百七十七条　【伪造、变造金融票证罪】有下列情形之一，伪造、变造金融票证的，处五年以下有期徒刑或者拘役，并处或者单处二万元以上二十万元以下罚金；情节严重的，处五年以上十年以下有期徒刑，并处五万元以上五十万元以下罚金；情节特别严重的，处十年以上有期徒刑或者无期徒刑，并处五万元以上五十万元以下罚金或者没收财产：\n（一）伪造、变造汇票、本票、支票的；\n（二）伪造、变造委托收款凭证、汇款凭证、银行存单等其他银行结算凭证的；\n（三）伪造、变造信用证或者附随的单据、文件的；\n（四）伪造信用卡的。\n单位犯前款罪的，对单位判处罚金，并对其直接负责的主管人员和其他直接责任人员，依照前款的规定处罚。\n第一百七十七条之一　【妨害信用卡管理罪】有下列情形之一，妨害信用卡管理的，处三年以下有期徒刑或者拘役，并处或者单处一万元以上十万元以下罚金；数量巨大或者有其他严重情节的，处三年以上十年以下有期徒刑，并处二万元以上二十万元以下罚金：\n（一）明知是伪造的信用卡而持有、运输的，或者明知是伪造的空白信用卡而持有、运输，数量较大的；\n（二）非法持有他人信用卡，数量较大的；\n（三）使用虚假的身份证明骗领信用卡的；\n（四）出售、购买、为他人提供伪造的信用卡或者以虚假的身份证明骗领的信用卡的。\n【窃取、收买、非法提供信用卡信息罪】窃取、收买或者非法提供他人信用卡信息资料的，依照前款规定处罚。\n银行或者其他金融机构的工作人员利用职务上的便利，犯第二款罪的，从重处罚。\n第一百七十八条　【伪造、变造国家有价证券罪】伪造、变造国库券或者国家发行的其他有价证券，数额较大的，处三年以下有期徒刑或者拘役，并处或者单处二万元以上二十万元以下罚金；数额巨大的，处三年以上十年以下有期徒刑，并处五万元以上五十万元以下罚金；数额特别巨大的，处十年以上有期徒刑或者无期徒刑，并处五万元以上五十万元以下罚金或者没收财产。\n【伪造、变造股票、公司、企业债券罪】伪造、变造股票或者公司、企业债券，数额较大的，处三年以下有期徒刑或者拘役，并处或者单处一万元以上十万元以下罚金；数额巨大的，处三年以上十年以下有期徒刑，并处二万元以上二十万元以下罚金。\n单位犯前两款罪的，对单位判处罚金，并对其直接负责的主管人员和其他直接责任人员，依照前两款的规定处罚。\n第一百七十九条　【擅自发行股票、公司、企业债券罪】未经国家有关主管部门批准，擅自发行股票或者公司、企业债券，数额巨大、后果严重或者有其他严重情节的，处五年以下有期徒刑或者拘役，并处或者单处非法募集资金金额百分之一以上百分之五以下罚金。\n单位犯前款罪的，对单位判处罚金，并对其直接负责的主管人员和其他直接责任人员，处五年以下有期徒刑或者拘役。\n第一百八十条　【内幕交易、泄露内幕信息罪】证券、期货交易内幕信息的知情人员或者非法获取证券、期货交易内幕信息的人员，在涉及证券的发行，证券、期货交易或者其他对证券、期货交易价格有重大影响的信息尚未公开前，买入或者卖出该证券，或者从事与该内幕信息有关的期货交易，或者泄露该信息，或者明示、暗示他人从事上述交易活动，情节严重的，处五年以下有期徒刑或者拘役，并处或者单处违法所得一倍以上五倍以下罚金；情节特别严重的，处五年以上十年以下有期徒刑，并处违法所得一倍以上五倍以下罚金。\n单位犯前款罪的，对单位判处罚金，并对其直接负责的主管人员和其他直接责任人员，处五年以下有期徒刑或者拘役。\n内幕信息、知情人员的范围，依照法律、行政法规的规定确定。\n【利用未公开信息交易罪】证券交易所、期货交易所、证券公司、期货经纪公司、基金管理公司、商业银行、保险公司等金融机构的从业人员以及有关监管部门或者行业协会的工作人员，利用因职务便利获取的内幕信息以外的其他未公开的信息，违反规定，从事与该信息相关的证券、期货交易活动，或者明示、暗示他人从事相关交易活动，情节严重的，依照第一款的规定处罚。\n第一百八十一条　【编造并传播证券、期货交易虚假信息罪】编造并且传播影响证券、期货交易的虚假信息，扰乱证券、期货交易市场，造成严重后果的，处五年以下有期徒刑或者拘役，并处或者单处一万元以上十万元以下罚金。\n【诱骗投资者买卖证券、期货合约罪】证券交易所、期货交易所、证券公司、期货经纪公司的从业人员，证券业协会、期货业协会或者证券期货监督管理部门的工作人员，故意提供虚假信息或者伪造、变造、销毁交易记录，诱骗投资者买卖证券、期货合约，造成严重后果的，处五年以下有期徒刑或者拘役，并处或者单处一万元以上十万元以下罚金；情节特别恶劣的，处五年以上十年以下有期徒刑，并处二万元以上二十万元以下罚金。\n单位犯前两款罪的，对单位判处罚金，并对其直接负责的主管人员和其他直接责任人员，处五年以下有期徒刑或者拘役。\n第一百八十二条　【操纵证券、期货市场罪】有下列情形之一，操纵证券、期货市场，影响证券、期货交易价格或者证券、期货交易量，情节严重的，处五年以下有期徒刑或者拘役，并处或者单处罚金；情节特别严重的，处五年以上十年以下有期徒刑，并处罚金：\n（一）单独或者合谋，集中资金优势、持股或者持仓优势或者利用信息优势联合或者连续买卖的；\n（二）与他人串通，以事先约定的时间、价格和方式相互进行证券、期货交易的；\n（三）在自己实际控制的帐户之间进行证券交易，或者以自己为交易对象，自买自卖期货合约的；\n（四）不以成交为目的，频繁或者大量申报买入、卖出证券、期货合约并撤销申报的；\n（五）利用虚假或者不确定的重大信息，诱导投资者进行证券、期货交易的；\n（六）对证券、证券发行人、期货交易标的公开作出评价、预测或者投资建议，同时进行反向证券交易或者相关期货交易的；\n（七）以其他方法操纵证券、期货市场的 [14]  。\n单位犯前款罪的，对单位判处罚金，并对其直接负责的主管人员和其他直接责任人员，依照前款的规定处罚。\n第一百八十三条　【职务侵占罪】保险公司的工作人员利用职务上的便利，故意编造未曾发生的保险事故进行虚假理赔，骗取保险金归自己所有的，依照本法第二百七十一条的规定定罪处罚。\n【贪污罪】国有保险公司工作人员和国有保险公司委派到非国有保险公司从事公务的人员有前款行为的，依照本法第三百八十二条、第三百八十三条的规定定罪处罚。\n第一百八十四条　【非国家工作人员受贿罪】银行或者其他金融机构的工作人员在金融业务活动中索取他人财物或者非法收受他人财物，为他人谋取利益的，或者违反国家规定，收受各种名义的回扣、手续费，归个人所有的，依照本法第一百六十三条的规定定罪处罚。\n【受贿罪】国有金融机构工作人员和国有金融机构委派到非国有金融机构从事公务的人员有前款行为的，依照本法第三百八十五条、第三百八十六条的规定定罪处罚。\n第一百八十五条　【挪用资金罪】商业银行、证券交易所、期货交易所、证券公司、期货经纪公司、保险公司或者其他金融机构的工作人员利用职务上的便利，挪用本单位或者客户资金的，依照本法第二百七十二条的规定定罪处罚。\n【挪用公款罪】国有商业银行、证券交易所、期货交易所、证券公司、期货经纪公司、保险公司或者其他国有金融机构的工作人员和国有商业银行、证券交易所、期货交易所、证券公司、期货经纪公司、保险公司或者其他国有金融机构委派到前款规定中的非国有机构从事公务的人员有前款行为的，依照本法第三百八十四条的规定定罪处罚。\n第一百八十五条之一　【背信运用受托财产罪】商业银行、证券交易所、期货交易所、证券公司、期货经纪公司、保险公司或者其他金融机构，违背受托义务，擅自运用客户资金或者其他委托、信托的财产，情节严重的，对单位判处罚金，并对其直接负责的主管人员和其他直接责任人员，处三年以下有期徒刑或者拘役，并处三万元以上三十万元以下罚金；情节特别严重的，处三年以上十年以下有期徒刑，并处五万元以上五十万元以下罚金。\n【违法运用资金罪】社会保障基金管理机构、住房公积金管理机构等公众资金管理机构，以及保险公司、保险资产管理公司、证券投资基金管理公司，违反国家规定运用资金的，对其直接负责的主管人员和其他直接责任人员，依照前款的规定处罚。\n第一百八十六条　【违法发放贷款罪】银行或者其他金融机构的工作人员违反国家规定发放贷款，数额巨大或者造成重大损失的，处五年以下有期徒刑或者拘役，并处一万元以上十万元以下罚金；数额特别巨大或者造成特别重大损失的，处五年以上有期徒刑，并处二万元以上二十万元以下罚金。\n银行或者其他金融机构的工作人员违反国家规定，向关系人发放贷款的，依照前款的规定从重处罚。\n单位犯前两款罪的，对单位判处罚金，并对其直接负责的主管人员和其他直接责任人员，依照前两款的规定处罚。\n关系人的范围，依照《中华人民共和国商业银行法》和有关金融法规确定。\n第一百八十七条　【吸收客户资金不入账罪】银行或者其他金融机构的工作人员吸收客户资金不入账，数额巨大或者造成重大损失的，处五年以下有期徒刑或者拘役，并处二万元以上二十万元以下罚金；数额特别巨大或者造成特别重大损失的，处五年以上有期徒刑，并处五万元以上五十万元以下罚金。\n单位犯前款罪的，对单位判处罚金，并对其直接负责的主管人员和其他直接责任人员，依照前款的规定处罚。\n第一百八十八条　【违规出具金融票证罪】银行或者其他金融机构的工作人员违反规定，为他人出具信用证或者其他保函、票据、存单、资信证明，情节严重的，处五年以下有期徒刑或者拘役；情节特别严重的，处五年以上有期徒刑。\n单位犯前款罪的，对单位判处罚金，并对其直接负责的主管人员和其他直接责任人员，依照前款的规定处罚。\n第一百八十九条　【对违法票据承兑、付款、保证罪】银行或者其他金融机构的工作人员在票据业务中，对违反票据法规定的票据予以承兑、付款或者保证，造成重大损失的，处五年以下有期徒刑或者拘役；造成特别重大损失的，处五年以上有期徒刑。\n单位犯前款罪的，对单位判处罚金，并对其直接负责的主管人员和其他直接责任人员，依照前款的规定处罚。\n第一百九十条　【逃汇罪】公司、企业或者其他单位，违反国家规定，擅自将外汇存放境外，或者将境内的外汇非法转移到境外，数额较大的，对单位判处逃汇数额百分之五以上百分之三十以下罚金，并对其直接负责的主管人员和其他直接责任人员处五年以下有期徒刑或者拘役；数额巨大或者有其他严重情节的，对单位判处逃汇数额百分之五以上百分之三十以下罚金，并对其直接负责的主管人员和其他直接责任人员处五年以上有期徒刑。\n《全国人民代表大会常务委员会关于惩治骗购外汇、逃汇和非法买卖外汇犯罪的决定》第一条 【骗购外汇罪】有下列情形之一，骗购外汇，数额较大的，处五年以下有期徒刑或者拘役，并处骗购外汇数额百分之五以上百分之三十以下罚金;数额巨大或者有其他严重情节的，处五年以上十年以下有期徒刑，并处骗购外汇数额百分之五以上百分之三十以下罚金;数额特别巨大或者有其他特别严重情节的，处十年以上有期徒刑或者无期徒刑，并处骗购外汇数额百分之五以上百分 之三十以下罚金或者没收财产:\n（一）使用伪造、变造的海关签发的报关单、进口证明、外汇管理部门核准件等凭证和单据的;\n（二）重复使用海关签发的报关单、进口证明、外汇管理部门核准件等凭证和单据的;\n（三）以其他方式骗购外汇的。\n伪造、变造海关签发的报关单、进口证明、外汇管理部门核准件等凭证和单据，并用于骗购外汇的，依照前款的规定从重处罚。明知用于骗购外汇而提供人民币资金的，以共犯论处。\n单位犯前三款罪的，对单位依照第一款的规定判处罚金，并对其直接负责的主管人员和其他直接责任人员，处五年以下有期徒刑或者拘役;数额巨大或者有其他严重情节的，处五年以上十年以下有期徒刑;数额特别巨大或者有其他特别严重情节的，处十年以上有期徒刑或者无期徒刑。\n第一百九十一条　【洗钱罪】为掩饰、隐瞒毒品犯罪、黑社会性质的组织犯罪、恐怖活动犯罪、走私犯罪、贪污贿赂犯罪、破坏金融管理秩序犯罪、金融诈骗犯罪的所得及其产生的收益的来源和性质，有下列行为之一的，没收实施以上犯罪的所得及其产生的收益，处五年以下有期徒刑或者拘役，并处或者单处罚金；情节严重的，处五年以上十年以下有期徒刑，并处罚金：\n（一）提供资金帐户的；\n（二）将财产转换为现金、金融票据、有价证券的；\n（三）通过转帐或者其他支付结算方式转移资金的；\n（四）跨境转移资产的；\n（五）以其他方法掩饰、隐瞒犯罪所得及其收益的来源和性质的。\n单位犯前款罪的，对单位判处罚金，并对其直接负责的主管人员和其他直接责任人员，依照前款的规定处罚 [14]  。\n第五节　金融诈骗罪\n第一百九十二条　【集资诈骗罪】以非法占有为目的，使用诈骗方法非法集资，数额较大的，处三年以上七年以下有期徒刑，并处罚金；数额巨大或者有其他严重情节的，处七年以上有期徒刑或者无期徒刑，并处罚金或者没收财产。\n单位犯前款罪的，对单位判处罚金，并对其直接负责的主管人员和其他直接责任人员，依照前款的规定处罚 [14]  。\n第一百九十三条　【贷款诈骗罪】有下列情形之一，以非法占有为目的，诈骗银行或者其他金融机构的贷款，数额较大的，处五年以下有期徒刑或者拘役，并处二万元以上二十万元以下罚金；数额巨大或者有其他严重情节的，处五年以上十年以下有期徒刑，并处五万元以上五十万元以下罚金；数额特别巨大或者有其他特别严重情节的，处十年以上有期徒刑或者无期徒刑，并处五万元以上五十万元以下罚金或者没收财产：\n（一）编造引进资金、项目等虚假理由的；\n（二）使用虚假的经济合同的；\n（三）使用虚假的证明文件的；\n（四）使用虚假的产权证明作担保或者超出抵押物价值重复担保的；\n（五）以其他方法诈骗贷款的。\n第一百九十四条　【票据诈骗罪】有下列情形之一，进行金融票据诈骗活动，数额较大的，处五年以下有期徒刑或者拘役，并处二万元以上二十万元以下罚金；数额巨大或者有其他严重情节的，处五年以上十年以下有期徒刑，并处五万元以上五十万元以下罚金；数额特别巨大或者有其他特别严重情节的，处十年以上有期徒刑或者无期徒刑，并处五万元以上五十万元以下罚金或者没收财产：\n（一）明知是伪造、变造的汇票、本票、支票而使用的；\n（二）明知是作废的汇票、本票、支票而使用的；\n（三）冒用他人的汇票、本票、支票的；\n（四）签发空头支票或者与其预留印鉴不符的支票，骗取财物的；\n（五）汇票、本票的出票人签发无资金保证的汇票、本票或者在出票时作虚假记载，骗取财物的。\n【金融凭证诈骗罪】使用伪造、变造的委托收款凭证、汇款凭证、银行存单等其他银行结算凭证的，依照前款的规定处罚。\n第一百九十五条　【信用证诈骗罪】有下列情形之一，进行信用证诈骗活动的，处五年以下有期徒刑或者拘役，并处二万元以上二十万元以下罚金；数额巨大或者有其他严重情节的，处五年以上十年以下有期徒刑，并处五万元以上五十万元以下罚金；数额特别巨大或者有其他特别严重情节的，处十年以上有期徒刑或者无期徒刑，并处五万元以上五十万元以下罚金或者没收财产：\n（一）使用伪造、变造的信用证或者附随的单据、文件的；\n（二）使用作废的信用证的；\n（三）骗取信用证的；\n（四）以其他方法进行信用证诈骗活动的。\n第一百九十六条　【信用卡诈骗罪】有下列情形之一，进行信用卡诈骗活动，数额较大的，处五年以下有期徒刑或者拘役，并处二万元以上二十万元以下罚金；数额巨大或者有其他严重情节的，处五年以上十年以下有期徒刑，并处五万元以上五十万元以下罚金；数额特别巨大或者有其他特别严重情节的，处十年以上有期徒刑或者无期徒刑，并处五万元以上五十万元以下罚金或者没收财产：\n（一）使用伪造的信用卡，或者使用以虚假的身份证明骗领的信用卡的；\n（二）使用作废的信用卡的；\n（三）冒用他人信用卡的；\n（四）恶意透支的。\n前款所称恶意透支，是指持卡人以非法占有为目的，超过规定限额或者规定期限透支，并且经发卡银行催收后仍不归还的行为。\n【盗窃罪】盗窃信用卡并使用的，依照本法第二百六十四条的规定定罪处罚。\n第一百九十七条　【有价证券诈骗罪】使用伪造、变造的国库券或者国家发行的其他有价证券，进行诈骗活动，数额较大的，处五年以下有期徒刑或者拘役，并处二万元以上二十万元以下罚金；数额巨大或者有其他严重情节的，处五年以上十年以下有期徒刑，并处五万元以上五十万元以下罚金；数额特别巨大或者有其他特别严重情节的，处十年以上有期徒刑或者无期徒刑，并处五万元以上五十万元以下罚金或者没收财产。\n第一百九十八条　【保险诈骗罪】有下列情形之一，进行保险诈骗活动，数额较大的，处五年以下有期徒刑或者拘役，并处一万元以上十万元以下罚金；数额巨大或者有其他严重情节的，处五年以上十年以下有期徒刑，并处二万元以上二十万元以下罚金；数额特别巨大或者有其他特别严重情节的，处十年以上有期徒刑，并处二万元以上二十万元以下罚金或者没收财产：\n（一）投保人故意虚构保险标的，骗取保险金的；\n（二）投保人、被保险人或者受益人对发生的保险事故编造虚假的原因或者夸大损失的程度，骗取保险金的；\n（三）投保人、被保险人或者受益人编造未曾发生的保险事故，骗取保险金的；\n（四）投保人、被保险人故意造成财产损失的保险事故，骗取保险金的；\n（五）投保人、受益人故意造成被保险人死亡、伤残或者疾病，骗取保险金的。\n有前款第四项、第五项所列行为，同时构成其他犯罪的，依照数罪并罚的规定处罚。\n单位犯第一款罪的，对单位判处罚金，并对其直接负责的主管人员和其他直接责任人员，处五年以下有期徒刑或者拘役；数额巨大或者有其他严重情节的，处五年以上十年以下有期徒刑；数额特别巨大或者有其他特别严重情节的，处十年以上有期徒刑。\n保险事故的鉴定人、证明人、财产评估人故意提供虚假的证明文件，为他人诈骗提供条件的，以保险诈骗的共犯论处。\n第一百九十九条　【原内容为死刑规定，现废除】[根据《中华人民共和国刑法修正案（九）》删去本条内容]\n第二百条　【单位犯金融诈骗罪的处罚规定】单位犯本节第一百九十四条、第一百九十五条规定之罪的，对单位判处罚金，并对其直接负责的主管人员和其他直接责任人员，处五年以下有期徒刑或者拘役，可以并处罚金；数额巨大或者有其他严重情节的，处五年以上十年以下有期徒刑，并处罚金；数额特别巨大或者有其他特别严重情节的，处十年以上有期徒刑或者无期徒刑，并处罚金 [14]  。\n第六节　危害税收征管罪\n第二百零一条　【逃税罪】纳税人采取欺骗、隐瞒手段进行虚假纳税申报或者不申报，逃避缴纳税款数额较大并且占应纳税额百分之十以上的，处三年以下有期徒刑或者拘役，并处罚金；数额巨大并且占应纳税额百分之三十以上的，处三年以上七年以下有期徒刑，并处罚金。\n扣缴义务人采取前款所列手段，不缴或者少缴已扣、已收税款，数额较大的，依照前款的规定处罚。\n对多次实施前两款行为，未经处理的，按照累计数额计算。\n有第一款行为，经税务机关依法下达追缴通知后，补缴应纳税款，缴纳滞纳金，已受行政处罚的，不予追究刑事责任；但是，五年内因逃避缴纳税款受过刑事处罚或者被税务机关给予二次以上行政处罚的除外。\n第二百零二条　【抗税罪】以暴力、威胁方法拒不缴纳税款的，处三年以下有期徒刑或者拘役，并处拒缴税款一倍以上五倍以下罚金；情节严重的，处三年以上七年以下有期徒刑，并处拒缴税款一倍以上五倍以下罚金。\n第二百零三条　【逃避追缴欠税罪】纳税人欠缴应纳税款，采取转移或者隐匿财产的手段，致使税务机关无法追缴欠缴的税款，数额在一万元以上不满十万元的，处三年以下有期徒刑或者拘役，并处或者单处欠缴税款一倍以上五倍以下罚金；数额在十万元以上的，处三年以上七年以下有期徒刑，并处欠缴税款一倍以上五倍以下罚金。\n第二百零四条　【骗取出口退税罪；逃税罪】以假报出口或者其他欺骗手段，骗取国家出口退税款，数额较大的，处五年以下有期徒刑或者拘役，并处骗取税款一倍以上五倍以下罚金；数额巨大或者有其他严重情节的，处五年以上十年以下有期徒刑，并处骗取税款一倍以上五倍以下罚金；数额特别巨大或者有其他特别严重情节的，处十年以上有期徒刑或者无期徒刑，并处骗取税款一倍以上五倍以下罚金或者没收财产。\n纳税人缴纳税款后，采取前款规定的欺骗方法，骗取所缴纳的税款的，依照本法第二百零一条的规定定罪处罚；骗取税款超过所缴纳的税款部分，依照前款的规定处罚。\n第二百零五条　【虚开增值税专用发票、用于骗取出口退税、抵扣税款发票罪】虚开增值税专用发票或者虚开用于骗取出口退税、抵扣税款的其他发票的，处三年以下有期徒刑或者拘役，并处二万元以上二十万元以下罚金；虚开的税款数额较大或者有其他严重情节的，处三年以上十年以下有期徒刑，并处五万元以上五十万元以下罚金；虚开的税款数额巨大或者有其他特别严重情节的，处十年以上有期徒刑或者无期徒刑，并处五万元以上五十万元以下罚金或者没收财产。\n单位犯本条规定之罪的，对单位判处罚金，并对其直接负责的主管人员和其他直接责任人员，处三年以下有期徒刑或者拘役；虚开的税款数额较大或者有其他严重情节的，处三年以上十年以下有期徒刑；虚开的税款数额巨大或者有其他特别严重情节的，处十年以上有期徒刑或者无期徒刑。\n虚开增值税专用发票或者虚开用于骗取出口退税、抵扣税款的其他发票，是指有为他人虚开、为自己虚开、让他人为自己虚开、介绍他人虚开行为之一的。\n第二百零五条之一　【虚开发票罪】虚开本法第二百零五条规定以外的其他发票，情节严重的，处二年以下有期徒刑、拘役或者管制，并处罚金；情节特别严重的，处二年以上七年以下有期徒刑，并处罚金。\n单位犯前款罪的，对单位判处罚金，并对其直接负责的主管人员和其他直接责任人员，依照前款的规定处罚。\n第二百零六条　【伪造、出售伪造的增值税专用发票罪】伪造或者出售伪造的增值税专用发票的，处三年以下有期徒刑、拘役或者管制，并处二万元以上二十万元以下罚金；数量较大或者有其他严重情节的，处三年以上十年以下有期徒刑，并处五万元以上五十万元以下罚金；数量巨大或者有其他特别严重情节的，处十年以上有期徒刑或者无期徒刑，并处五万元以上五十万元以下罚金或者没收财产。\n单位犯本条规定之罪的，对单位判处罚金，并对其直接负责的主管人员和其他直接责任人员，处三年以下有期徒刑、拘役或者管制；数量较大或者有其他严重情节的，处三年以上十年以下有期徒刑；数量巨大或者有其他特别严重情节的，处十年以上有期徒刑或者无期徒刑。\n第二百零七条　【非法出售增值税专用发票罪】非法出售增值税专用发票的，处三年以下有期徒刑、拘役或者管制，并处二万元以上二十万元以下罚金；数量较大的，处三年以上十年以下有期徒刑，并处五万元以上五十万元以下罚金；数量巨大的，处十年以上有期徒刑或者无期徒刑，并处五万元以上五十万元以下罚金或者没收财产。\n第二百零八条　【非法购买增值税专用发票、购买伪造的增值税专用发票罪】非法购买增值税专用发票或者购买伪造的增值税专用发票的，处五年以下有期徒刑或者拘役，并处或者单处二万元以上二十万元以下罚金。\n【虚开增值税专用发票罪，出售伪造的增值税专用发票罪，非法出售增值税专用发票罪】非法购买增值税专用发票或者购买伪造的增值税专用发票又虚开或者出售的，分别依照本法第二百零五条、第二百零六条、第二百零七条的规定定罪处罚。\n第二百零九条　【非法制造、出售非法制造的用于骗取出口退税、抵扣税款发票罪】伪造、擅自制造或者出售伪造、擅自制造的可以用于骗取出口退税、抵扣税款的其他发票的，处三年以下有期徒刑、拘役或者管制，并处二万元以上二十万元以下罚金；数量巨大的，处三年以上七年以下有期徒刑，并处五万元以上五十万元以下罚金；数量特别巨大的，处七年以上有期徒刑，并处五万元以上五十万元以下罚金或者没收财产。\n【非法制造、出售非法制造的发票罪】伪造、擅自制造或者出售伪造、擅自制造的前款规定以外的其他发票的，处二年以下有期徒刑、拘役或者管制，并处或者单处一万元以上五万元以下罚金；情节严重的，处二年以上七年以下有期徒刑，并处五万元以上五十万元以下罚金。\n【非法出售用于骗取出口退税、抵扣税款发票罪】非法出售可以用于骗取出口退税、抵扣税款的其他发票的，依照第一款的规定处罚。\n【非法出售发票罪】非法出售第三款规定以外的其他发票的，依照第二款的规定处罚。\n第二百一十条　【盗窃罪】盗窃增值税专用发票或者可以用于骗取出口退税、抵扣税款的其他发票的，依照本法第二百六十四条的规定定罪处罚。\n【诈骗罪】使用欺骗手段骗取增值税专用发票或者可以用于骗取出口退税、抵扣税款的其他发票的，依照本法第二百六十六条的规定定罪处罚。\n第二百一十条之一　【持有伪造的发票罪】明知是伪造的发票而持有，数量较大的，处二年以下有期徒刑、拘役或者管制，并处罚金；数量巨大的，处二年以上七年以下有期徒刑，并处罚金。\n单位犯前款罪的，对单位判处罚金，并对其直接负责的主管人员和其他直接责任人员，依照前款的规定处罚。\n第二百一十一条　【单位犯危害税收征管罪的处罚规定】单位犯本节第二百零一条、第二百零三条、第二百零四条、第二百零七条、第二百零八条、第二百零九条规定之罪的，对单位判处罚金，并对其直接负责的主管人员和其他直接责任人员，依照各该条的规定处罚。\n第二百一十二条　【税务机关追缴优先规则】犯本节第二百零一条至第二百零五条规定之罪，被判处罚金、没收财产的，在执行前，应当先由税务机关追缴税款和所骗取的出口退税款。\n第七节　侵犯知识产权罪\n第二百一十三条　【假冒注册商标罪】未经注册商标所有人许可，在同一种商品、服务上使用与其注册商标相同的商标，情节严重的，处三年以下有期徒刑，并处或者单处罚金；情节特别严重的，处三年以上十年以下有期徒刑，并处罚金 [14]  。\n第二百一十四条　【销售假冒注册商标的商品罪】销售明知是假冒注册商标的商品，违法所得数额较大或者有其他严重情节的，处三年以下有期徒刑，并处或者单处罚金；违法所得数额巨大或者有其他特别严重情节的，处三年以上十年以下有期徒刑，并处罚金 [14]  。\n第二百一十五条　【非法制造、销售非法制造的注册商标标识罪】伪造、擅自制造他人注册商标标识或者销售伪造、擅自制造的注册商标标识，情节严重的，处三年以下有期徒刑，并处或者单处罚金；情节特别严重的，处三年以上十年以下有期徒刑，并处罚金 [14]  。\n第二百一十六条　【假冒专利罪】假冒他人专利，情节严重的，处三年以下有期徒刑或者拘役，并处或者单处罚金。\n第二百一十七条　【侵犯著作权罪】以营利为目的，有下列侵犯著作权或者与著作权有关的权利的情形之一，违法所得数额较大或者有其他严重情节的，处三年以下有期徒刑，并处或者单处罚金；违法所得数额巨大或者有其他特别严重情节的，处三年以上十年以下有期徒刑，并处罚金：\n（一）未经著作权人许可，复制发行、通过信息网络向公众传播其文字作品、音乐、美术、视听作品、计算机软件及法律、行政法规规定的其他作品的；\n（二）出版他人享有专有出版权的图书的；\n（三）未经录音录像制作者许可，复制发行、通过信息网络向公众传播其制作的录音录像的；\n（四）未经表演者许可，复制发行录有其表演的录音录像制品，或者通过信息网络向公众传播其表演的；\n（五）制作、出售假冒他人署名的美术作品的；\n（六）未经著作权人或者与著作权有关的权利人许可，故意避开或者破坏权利人为其作品、录音录像制品等采取的保护著作权或者与著作权有关的权利的技术措施的 [14]  。\n第二百一十八条　【销售侵权复制品罪】以营利为目的，销售明知是本法第二百一十七条规定的侵权复制品，违法所得数额巨大或者有其他严重情节的，处五年以下有期徒刑，并处或者单处罚金 [14]  。\n第二百一十九条　【侵犯商业秘密罪】有下列侵犯商业秘密行为之一，情节严重的，处三年以下有期徒刑，并处或者单处罚金；情节特别严重的，处三年以上十年以下有期徒刑，并处罚金：\n（一）以盗窃、贿赂、欺诈、胁迫、电子侵入或者其他不正当手段获取权利人的商业秘密的；\n（二）披露、使用或者允许他人使用以前项手段获取的权利人的商业秘密的；\n（三）违反保密义务或者违反权利人有关保守商业秘密的要求，披露、使用或者允许他人使用其所掌握的商业秘密的。\n明知前款所列行为，获取、披露、使用或者允许他人使用该商业秘密的，以侵犯商业秘密论。\n本条所称权利人，是指商业秘密的所有人和经商业秘密所有人许可的商业秘密使用人 [14]  。\n第二百一十九之一　【为境外窃取、刺探、收买、非法提供商业秘密罪】为境外的机构、组织、人员窃取、刺探、收买、非法提供商业秘密的，处五年以下有期徒刑，并处或者单处罚金；情节严重的，处五年以上有期徒刑，并处罚金 [14]  。\n第二百二十条　【单位犯侵犯知识产权罪的处罚规定】单位犯本节第二百一十三条至第二百一十九条之一规定之罪的，对单位判处罚金，并对其直接负责的主管人员和其他直接责任人员，依照本节各该条的规定处罚 [14]  。\n第八节　扰乱市场秩序罪\n第二百二十一条　【损害商业信誉、商品声誉罪】捏造并散布虚伪事实，损害他人的商业信誉、商品声誉，给他人造成重大损失或者有其他严重情节的，处二年以下有期徒刑或者拘役，并处或者单处罚金。\n第二百二十二条　【虚假广告罪】广告主、广告经营者、广告发布者违反国家规定，利用广告对商品或者服务作虚假宣传，情节严重的，处二年以下有期徒刑或者拘役，并处或者单处罚金。\n第二百二十三条　【串通投标罪】投标人相互串通投标报价，损害招标人或者其他投标人利益，情节严重的，处三年以下有期徒刑或者拘役，并处或者单处罚金。\n投标人与招标人串通投标，损害国家、集体、公民的合法利益的，依照前款的规定处罚。\n第二百二十四条　【合同诈骗罪】有下列情形之一，以非法占有为目的，在签订、履行合同过程中，骗取对方当事人财物，数额较大的，处三年以下有期徒刑或者拘役，并处或者单处罚金；数额巨大或者有其他严重情节的，处三年以上十年以下有期徒刑，并处罚金；数额特别巨大或者有其他特别严重情节的，处十年以上有期徒刑或者无期徒刑，并处罚金或者没收财产：\n（一）以虚构的单位或者冒用他人名义签订合同的；\n（二）以伪造、变造、作废的票据或者其他虚假的产权证明作担保的；\n（三）没有实际履行能力，以先履行小额合同或者部分履行合同的方法，诱骗对方当事人继续签订和履行合同的；\n（四）收受对方当事人给付的货物、货款、预付款或者担保财产后逃匿的；\n（五）以其他方法骗取对方当事人财物的。\n第二百二十四条之一　【组织、领导传销活动罪】组织、领导以推销商品、提供服务等经营活动为名，要求参加者以缴纳费用或者购买商品、服务等方式获得加入资格，并按照一定顺序组成层级，直接或者间接以发展人员的数量作为计酬或者返利依据，引诱、胁迫参加者继续发展他人参加，骗取财物，扰乱经济社会秩序的传销活动的，处五年以下有期徒刑或者拘役，并处罚金；情节严重的，处五年以上有期徒刑，并处罚金。\n第二百二十五条　【非法经营罪】违反国家规定，有下列非法经营行为之一，扰乱市场秩序，情节严重的，处五年以下有期徒刑或者拘役，并处或者单处违法所得一倍以上五倍以下罚金；情节特别严重的，处五年以上有期徒刑，并处违法所得一倍以上五倍以下罚金或者没收财产：\n（一）未经许可经营法律、行政法规规定的专营、专卖物品或者其他限制买卖的物品的；\n（二）买卖进出口许可证、进出口原产地证明以及其他法律、行政法规规定的经营许可证或者批准文件的；\n（三）未经国家有关主管部门批准非法经营证券、期货、保险业务的，或者非法从事资金支付结算业务的；\n（四）其他严重扰乱市场秩序的非法经营行为。\n第二百二十六条　【强迫交易罪】以暴力、威胁手段，实施下列行为之一，情节严重的，处三年以下有期徒刑或者拘役，并处或者单处罚金；情节特别严重的，处三年以上七年以下有期徒刑，并处罚金：\n（一）强买强卖商品的；\n（二）强迫他人提供或者接受服务的；\n（三）强迫他人参与或者退出投标、拍卖的；\n（四）强迫他人转让或者收购公司、企业的股份、债券或者其他资产的；\n（五）强迫他人参与或者退出特定的经营活动的。\n第二百二十七条　【伪造、倒卖伪造的有价票证罪】伪造或者倒卖伪造的车票、船票、邮票或者其他有价票证，数额较大的，处二年以下有期徒刑、拘役或者管制，并处或者单处票证价额一倍以上五倍以下罚金；数额巨大的，处二年以上七年以下有期徒刑，并处票证价额一倍以上五倍以下罚金。\n【倒卖车票、船票罪】倒卖车票、船票，情节严重的，处三年以下有期徒刑、拘役或者管制，并处或者单处票证价额一倍以上五倍以下罚金。\n第二百二十八条　【非法转让、倒卖土地使用权罪】以牟利为目的，违反土地管理法规，非法转让、倒卖土地使用权，情节严重的，处三年以下有期徒刑或者拘役，并处或者单处非法转让、倒卖土地使用权价额百分之五以上百分之二十以下罚金；情节特别严重的，处三年以上七年以下有期徒刑，并处非法转让、倒卖土地使用权价额百分之五以上百分之二十以下罚金。\n第二百二十九条　【提供虚假证明文件罪】承担资产评估、验资、验证、会计、审计、法律服务、保荐、安全评价、环境影响评价、环境监测等职责的中介组织的人员故意提供虚假证明文件，情节严重的，处五年以下有期徒刑或者拘役，并处罚金；有下列情形之一的，处五年以上十年以下有期徒刑，并处罚金：\n（一）提供与证券发行相关的虚假的资产评估、会计、审计、法律服务、保荐等证明文件，情节特别严重的；\n（二）提供与重大资产交易相关的虚假的资产评估、会计、审计等证明文件，情节特别严重的；\n（三）在涉及公共安全的重大工程、项目中提供虚假的安全评价、环境影响评价等证明文件，致使公共财产、国家和人民利益遭受特别重大损失的。\n有前款行为，同时索取他人财物或者非法收受他人财物构成犯罪的，依照处罚较重的规定定罪处罚。\n【出具证明文件重大失实罪】第一款规定的人员，严重不负责任，出具的证明文件有重大失实，造成严重后果的，处三年以下有期徒刑或者拘役，并处或者单处罚金 [14]  。\n第二百三十条　【逃避商检罪】违反进出口商品检验法的规定，逃避商品检验，将必须经商检机构检验的进口商品未报经检验而擅自销售、使用，或者将必须经商检机构检验的出口商品未报经检验合格而擅自出口，情节严重的，处三年以下有期徒刑或者拘役，并处或者单处罚金。\n第二百三十一条　【单位犯扰乱市场秩序罪的处罚规定】单位犯本节第二百二十一条至第二百三十条规定之罪的，对单位判处罚金，并对其直接负责的主管人员和其他直接责任人员，依照本节各该条的规定处罚。\n第四章　侵犯公民人身权利、民主权利罪\n第二百三十二条　【故意杀人罪】故意杀人的，处死刑、无期徒刑或者十年以上有期徒刑；情节较轻的，处三年以上十年以下有期徒刑。\n第二百三十三条　【过失致人死亡罪】过失致人死亡的，处三年以上七年以下有期徒刑；情节较轻的，处三年以下有期徒刑。本法另有规定的，依照规定。\n第二百三十四条　【故意伤害罪】故意伤害他人身体的，处三年以下有期徒刑、拘役或者管制。\n犯前款罪，致人重伤的，处三年以上十年以下有期徒刑；致人死亡或者以特别残忍手段致人重伤造成严重残疾的，处十年以上有期徒刑、无期徒刑或者死刑。本法另有规定的，依照规定。\n第二百三十四条之一　【组织出卖人体器官罪】组织他人出卖人体器官的，处五年以下有期徒刑，并处罚金；情节严重的，处五年以上有期徒刑，并处罚金或者没收财产。\n【故意伤害罪；故意杀人罪】未经本人同意摘取其器官，或者摘取不满十八周岁的人的器官，或者强迫、欺骗他人捐献器官的，依照本法第二百三十四条、第二百三十二条的规定定罪处罚。\n【盗窃、侮辱、故意毁坏尸体罪】违背本人生前意愿摘取其尸体器官，或者本人生前未表示同意，违反国家规定，违背其近亲属意愿摘取其尸体器官的，依照本法第三百零二条的规定定罪处罚。\n第二百三十五条　【过失致人重伤罪】过失伤害他人致人重伤的，处三年以下有期徒刑或者拘役。本法另有规定的，依照规定。\n第二百三十六条　【强奸罪】以暴力、胁迫或者其他手段强奸妇女的，处三年以上十年以下有期徒刑。\n奸淫不满十四周岁的幼女的，以强奸论，从重处罚。\n强奸妇女、奸淫幼女，有下列情形之一的，处十年以上有期徒刑、无期徒刑或者死刑：\n（一）强奸妇女、奸淫幼女情节恶劣的；\n（二）强奸妇女、奸淫幼女多人的；\n（三）在公共场所当众强奸妇女、奸淫幼女的；\n（四）二人以上轮奸的；\n（五）奸淫不满十周岁的幼女或者造成幼女伤害的；\n（六）致使被害人重伤、死亡或者造成其他严重后果的。 [14] \n第二百三十六之一　【负有照护职责人员性侵罪】对已满十四周岁不满十六周岁的未成年女性负有监护、收养、看护、教育、医疗等特殊职责的人员，与该未成年女性发生性关系的，处三年以下有期徒刑；情节恶劣的，处三年以上十年以下有期徒刑。\n【择一重处】有前款行为，同时又构成本法第二百三十六条规定之罪的，依照处罚较重的规定定罪处罚 [14]  。\n第二百三十七条　【强制猥亵、侮辱罪】以暴力、胁迫或者其他方法强制猥亵他人或者侮辱妇女的，处五年以下有期徒刑或者拘役。\n聚众或者在公共场所当众犯前款罪的，或者有其他恶劣情节的，处五年以上有期徒刑。\n【猥亵儿童罪】猥亵儿童的，处五年以下有期徒刑；有下列情形之一的，处五年以上有期徒刑：\n（一）猥亵儿童多人或者多次的；\n（二）聚众猥亵儿童的，或者在公共场所当众猥亵儿童，情节恶劣的；\n（三）造成儿童伤害或者其他严重后果的；\n（四）猥亵手段恶劣或者有其他恶劣情节的 [14]  。\n第二百三十八条　【非法拘禁罪】非法拘禁他人或者以其他方法非法剥夺他人人身自由的，处三年以下有期徒刑、拘役、管制或者剥夺政治权利。具有殴打、侮辱情节的，从重处罚。\n犯前款罪，致人重伤的，处三年以上十年以下有期徒刑；致人死亡的，处十年以上有期徒刑。使用暴力致人伤残、死亡的，依照本法第二百三十四条、第二百三十二条的规定定罪处罚。\n为索取债务非法扣押、拘禁他人的，依照前两款的规定处罚。\n国家机关工作人员利用职权犯前三款罪的，依照前三款的规定从重处罚。\n第二百三十九条　【绑架罪】以勒索财物为目的绑架他人的，或者绑架他人作为人质的，处十年以上有期徒刑或者无期徒刑，并处罚金或者没收财产；情节较轻的，处五年以上十年以下有期徒刑，并处罚金。\n犯前款罪，杀害被绑架人的，或者故意伤害被绑架人，致人重伤、死亡的，处无期徒刑或者死刑，并处没收财产。\n以勒索财物为目的偷盗婴幼儿的，依照前两款的规定处罚。\n第二百四十条　【拐卖妇女、儿童罪】拐卖妇女、儿童的，处五年以上十年以下有期徒刑，并处罚金；有下列情形之一的，处十年以上有期徒刑或者无期徒刑，并处罚金或者没收财产；情节特别严重的，处死刑，并处没收财产：\n（一）拐卖妇女、儿童集团的首要分子；\n（二）拐卖妇女、儿童三人以上的；\n（三）奸淫被拐卖的妇女的；\n（四）诱骗、强迫被拐卖的妇女卖淫或者将被拐卖的妇女卖给他人迫使其卖淫的；\n（五）以出卖为目的，使用暴力、胁迫或者麻醉方法绑架妇女、儿童的；\n（六）以出卖为目的，偷盗婴幼儿的；\n（七）造成被拐卖的妇女、儿童或者其亲属重伤、死亡或者其他严重后果的；\n（八）将妇女、儿童卖往境外的。\n拐卖妇女、儿童是指以出卖为目的，有拐骗、绑架、收买、贩卖、接送、中转妇女、儿童的行为之一的。\n第二百四十一条　【收买被拐卖的妇女、儿童罪】收买被拐卖的妇女、儿童的，处三年以下有期徒刑、拘役或者管制。\n【强奸罪】收买被拐卖的妇女，强行与其发生性关系的，依照本法第二百三十六条的规定定罪处罚。\n【非法拘禁罪；故意伤害罪；侮辱罪】收买被拐卖的妇女、儿童，非法剥夺、限制其人身自由或者有伤害、侮辱等犯罪行为的，依照本法的有关规定定罪处罚。\n收买被拐卖的妇女、儿童，并有第二款、第三款规定的犯罪行为的，依照数罪并罚的规定处罚。\n【收买后又出卖】收买被拐卖的妇女、儿童又出卖的，依照本法第二百四十条的规定定罪处罚。\n【从宽条款】收买被拐卖的妇女、儿童，对被买儿童没有虐待行为，不阻碍对其进行解救的，可以从轻处罚；按照被买妇女的意愿，不阻碍其返回原居住地的，可以从轻或者减轻处罚。\n第二百四十二条　【妨害公务罪】以暴力、威胁方法阻碍国家机关工作人员解救被收买的妇女、儿童的，依照本法第二百七十七条的规定定罪处罚。\n【聚众阻碍解救被收买的妇女、儿童罪】聚众阻碍国家机关工作人员解救被收买的妇女、儿童的首要分子，处五年以下有期徒刑或者拘役；其他参与者使用暴力、威胁方法的，依照前款的规定处罚。\n第二百四十三条　【诬告陷害罪】捏造事实诬告陷害他人，意图使他人受刑事追究，情节严重的，处三年以下有期徒刑、拘役或者管制；造成严重后果的，处三年以上十年以下有期徒刑。\n国家机关工作人员犯前款罪的，从重处罚。\n不是有意诬陷，而是错告，或者检举失实的，不适用前两款的规定。\n第二百四十四条　【强迫劳动罪】以暴力、威胁或者限制人身自由的方法强迫他人劳动的，处三年以下有期徒刑或者拘役，并处罚金；情节严重的，处三年以上十年以下有期徒刑，并处罚金。\n明知他人实施前款行为，为其招募、运送人员或者有其他协助强迫他人劳动行为的，依照前款的规定处罚。\n单位犯前两款罪的，对单位判处罚金，并对其直接负责的主管人员和其他直接责任人员，依照第一款的规定处罚。\n第二百四十四条之一　【雇用童工从事危重劳动罪】违反劳动管理法规，雇用未满十六周岁的未成年人从事超强度体力劳动的，或者从事高空、井下作业的，或者在爆炸性、易燃性、放射性、毒害性等危险环境下从事劳动，情节严重的，对直接责任人员，处三年以下有期徒刑或者拘役，并处罚金；情节特别严重的，处三年以上七年以下有期徒刑，并处罚金。\n有前款行为，造成事故，又构成其他犯罪的，依照数罪并罚的规定处罚。\n第二百四十五条　【非法搜查罪；非法侵入住宅罪】非法搜查他人身体、住宅，或者非法侵入他人住宅的，处三年以下有期徒刑或者拘役。\n司法工作人员滥用职权，犯前款罪的，从重处罚。\n第二百四十六条　【侮辱罪；诽谤罪】以暴力或者其他方法公然侮辱他人或者捏造事实诽谤他人，情节严重的，处三年以下有期徒刑、拘役、管制或者剥夺政治权利。\n前款罪，告诉的才处理，但是严重危害社会秩序和国家利益的除外。\n通过信息网络实施第一款规定的行为，被害人向人民法院告诉，但提供证据确有困难的，人民法院可以要求公安机关提供协助。\n第二百四十七条　【刑讯逼供罪；暴力取证罪】司法工作人员对犯罪嫌疑人、被告人实行刑讯逼供或者使用暴力逼取证人证言的，处三年以下有期徒刑或者拘役。致人伤残、死亡的，依照本法第二百三十四条、第二百三十二条的规定定罪从重处罚。\n第二百四十八条　【虐待被监管人罪】监狱、拘留所、看守所等监管机构的监管人员对被监管人进行殴打或者体罚虐待，情节严重的，处三年以下有期徒刑或者拘役；情节特别严重的，处三年以上十年以下有期徒刑。致人伤残、死亡的，依照本法第二百三十四条、第二百三十二条的规定定罪从重处罚。\n监管人员指使被监管人殴打或者体罚虐待其他被监管人的，依照前款的规定处罚。\n第二百四十九条　【煽动民族仇恨、民族歧视罪】煽动民族仇恨、民族歧视，情节严重的，处三年以下有期徒刑、拘役、管制或者剥夺政治权利；情节特别严重的，处三年以上十年以下有期徒刑。\n第二百五十条　【出版歧视、侮辱少数民族作品罪】在出版物中刊载歧视、侮辱少数民族的内容，情节恶劣，造成严重后果的，对直接责任人员，处三年以下有期徒刑、拘役或者管制。\n第二百五十一条　【非法剥夺公民宗教信仰自由罪；侵犯少数民族风俗习惯罪】国家机关工作人员非法剥夺公民的宗教信仰自由和侵犯少数民族风俗习惯，情节严重的，处二年以下有期徒刑或者拘役。\n第二百五十二条　【侵犯通信自由罪】隐匿、毁弃或者非法开拆他人信件，侵犯公民通信自由权利，情节严重的，处一年以下有期徒刑或者拘役。\n第二百五十三条　【私自开拆、隐匿、毁弃邮件、电报罪】邮政工作人员私自开拆或者隐匿、毁弃邮件、电报的，处二年以下有期徒刑或者拘役。\n【盗窃罪】犯前款罪而窃取财物的，依照本法第二百六十四条的规定定罪从重处罚。\n第二百五十三条之一　【侵犯公民个人信息罪】违反国家有关规定，向他人出售或者提供公民个人信息，情节严重的，处三年以下有期徒刑或者拘役，并处或者单处罚金；情节特别严重的，处三年以上七年以下有期徒刑，并处罚金。\n违反国家有关规定，将在履行职责或者提供服务过程中获得的公民个人信息，出售或者提供给他人的，依照前款的规定从重处罚。\n窃取或者以其他方法非法获取公民个人信息的，依照第一款的规定处罚。\n单位犯前三款罪的，对单位判处罚金，并对其直接负责的主管人员和其他直接责任人员，依照各该款的规定处罚。\n第二百五十四条　【报复陷害罪】国家机关工作人员滥用职权、假公济私，对控告人、申诉人、批评人、举报人实行报复陷害的，处二年以下有期徒刑或者拘役；情节严重的，处二年以上七年以下有期徒刑。\n第二百五十五条　【打击报复会计、统计人员罪】公司、企业、事业单位、机关、团体的领导人，对依法履行职责、抵制违反会计法、统计法行为的会计、统计人员实行打击报复，情节恶劣的，处三年以下有期徒刑或者拘役。\n第二百五十六条　【破坏选举罪】在选举各级人民代表大会代表和国家机关领导人员时，以暴力、威胁、欺骗、贿赂、伪造选举文件、虚报选举票数等手段破坏选举或者妨害选民和代表自由行使选举权和被选举权，情节严重的，处三年以下有期徒刑、拘役或者剥夺政治权利。\n第二百五十七条　【暴力干涉婚姻自由罪】以暴力干涉他人婚姻自由的，处二年以下有期徒刑或者拘役。\n犯前款罪，致使被害人死亡的，处二年以上七年以下有期徒刑。\n第一款罪，告诉的才处理。\n第二百五十八条　【重婚罪】有配偶而重婚的，或者明知他人有配偶而与之结婚的，处二年以下有期徒刑或者拘役。\n第二百五十九条　【破坏军婚罪】明知是现役军人的配偶而与之同居或者结婚的，处三年以下有期徒刑或者拘役。\n【强奸罪】利用职权、从属关系，以胁迫手段奸淫现役军人的妻子的，依照本法第二百三十六条的规定定罪处罚。\n第二百六十条　【虐待罪】虐待家庭成员，情节恶劣的，处二年以下有期徒刑、拘役或者管制。\n犯前款罪，致使被害人重伤、死亡的，处二年以上七年以下有期徒刑。\n第一款罪，告诉的才处理，但被害人没有能力告诉，或者因受到强制、威吓无法告诉的除外。\n第二百六十条之一　【虐待被监护、看护人罪】对未成年人、老年人、患病的人、残疾人等负有监护、看护职责的人虐待被监护、看护的人，情节恶劣的，处三年以下有期徒刑或者拘役。\n单位犯前款罪的，对单位判处罚金，并对其直接负责的主管人员和其他直接责任人员，依照前款的规定处罚。\n有第一款行为，同时构成其他犯罪的，依照处罚较重的规定定罪处罚。\n第二百六十一条　【遗弃罪】对于年老、年幼、患病或者其他没有独立生活能力的人，负有扶养义务而拒绝扶养，情节恶劣的，处五年以下有期徒刑、拘役或者管制。\n第二百六十二条　【拐骗儿童罪】拐骗不满十四周岁的未成年人，脱离家庭或者监护人的，处五年以下有期徒刑或者拘役。\n第二百六十二条之一　【组织残疾人、儿童乞讨罪】以暴力、胁迫手段组织残疾人或者不满十四周岁的未成年人乞讨的，处三年以下有期徒刑或者拘役，并处罚金；情节严重的，处三年以上七年以下有期徒刑，并处罚金。\n第二百六十二条之二　【组织未成年人进行违反治安管理活动罪】组织未成年人进行盗窃、诈骗、抢夺、敲诈勒索等违反治安管理活动的，处三年以下有期徒刑或者拘役，并处罚金；情节严重的，处三年以上七年以下有期徒刑，并处罚金。\n第五章　侵犯财产罪\n第二百六十三条　【抢劫罪】以暴力、胁迫或者其他方法抢劫公私财物的，处三年以上十年以下有期徒刑，并处罚金；有下列情形之一的，处十年以上有期徒刑、无期徒刑或者死刑，并处罚金或者没收财产：\n（一）入户抢劫的；\n（二）在公共交通工具上抢劫的；\n（三）抢劫银行或者其他金融机构的；\n（四）多次抢劫或者抢劫数额巨大的；\n（五）抢劫致人重伤、死亡的；\n（六）冒充军警人员抢劫的；\n（七）持枪抢劫的；\n（八）抢劫军用物资或者抢险、救灾、救济物资的。\n第二百六十四条　【盗窃罪】盗窃公私财物，数额较大的，或者多次盗窃、入户盗窃、携带凶器盗窃、扒窃的，处三年以下有期徒刑、拘役或者管制，并处或者单处罚金；数额巨大或者有其他严重情节的，处三年以上十年以下有期徒刑，并处罚金；数额特别巨大或者有其他特别严重情节的，处十年以上有期徒刑或者无期徒刑，并处罚金或者没收财产。\n第二百六十五条　【盗窃罪】以牟利为目的，盗接他人通信线路、复制他人电信码号或者明知是盗接、复制的电信设备、设施而使用的，依照本法第二百六十四条的规定定罪处罚。\n第二百六十六条　【诈骗罪】诈骗公私财物，数额较大的，处三年以下有期徒刑、拘役或者管制，并处或者单处罚金；数额巨大或者有其他严重情节的，处三年以上十年以下有期徒刑，并处罚金；数额特别巨大或者有其他特别严重情节的，处十年以上有期徒刑或者无期徒刑，并处罚金或者没收财产。本法另有规定的，依照规定。\n第二百六十七条　【抢夺罪】抢夺公私财物，数额较大的，或者多次抢夺的，处三年以下有期徒刑、拘役或者管制，并处或者单处罚金；数额巨大或者有其他严重情节的，处三年以上十年以下有期徒刑，并处罚金；数额特别巨大或者有其他特别严重情节的，处十年以上有期徒刑或者无期徒刑，并处罚金或者没收财产。\n【携带凶器抢夺定抢劫罪】携带凶器抢夺的，依照本法第二百六十三条的规定定罪处罚。\n第二百六十八条　【聚众哄抢罪】聚众哄抢公私财物，数额较大或者有其他严重情节的，对首要分子和积极参加的，处三年以下有期徒刑、拘役或者管制，并处罚金；数额巨大或者有其他特别严重情节的，处三年以上十年以下有期徒刑，并处罚金。\n第二百六十九条　【转化型抢劫罪】犯盗窃、诈骗、抢夺罪，为窝藏赃物、抗拒抓捕或者毁灭罪证而当场使用暴力或者以暴力相威胁的，依照本法第二百六十三条的规定定罪处罚。\n第二百七十条　【侵占罪】将代为保管的他人财物非法占为己有，数额较大，拒不退还的，处二年以下有期徒刑、拘役或者罚金；数额巨大或者有其他严重情节的，处二年以上五年以下有期徒刑，并处罚金。\n将他人的遗忘物或者埋藏物非法占为己有，数额较大，拒不交出的，依照前款的规定处罚。\n本条罪，告诉的才处理。\n第二百七十一条　【职务侵占罪】公司、企业或者其他单位的工作人员，利用职务上的便利，将本单位财物非法占为己有，数额较大的，处三年以下有期徒刑或者拘役，并处罚金；数额巨大的，处三年以上十年以下有期徒刑，并处罚金；数额特别巨大的，处十年以上有期徒刑或者无期徒刑，并处罚金 [14]  。\n【贪污罪】国有公司、企业或者其他国有单位中从事公务的人员和国有公司、企业或者其他国有单位委派到非国有公司、企业以及其他单位从事公务的人员有前款行为的，依照本法第三百八十二条、第三百八十三条的规定定罪处罚。\n第二百七十二条　【挪用资金罪】公司、企业或者其他单位的工作人员，利用职务上的便利，挪用本单位资金归个人使用或者借贷给他人，数额较大、超过三个月未还的，或者虽未超过三个月，但数额较大、进行营利活动的，或者进行非法活动的，处三年以下有期徒刑或者拘役；挪用本单位资金数额巨大的，处三年以上七年以下有期徒刑；数额特别巨大的，处七年以上有期徒刑。\n【挪用公款罪】国有公司、企业或者其他国有单位中从事公务的人员和国有公司、企业或者其他国有单位委派到非国有公司、企业以及其他单位从事公务的人员有前款行为的，依照本法第三百八十四条的规定定罪处罚。\n有第一款行为，在提起公诉前将挪用的资金退还的，可以从轻或者减轻处罚。其中，犯罪较轻的，可以减轻或者免除处罚 [14]  。\n第二百七十三条　【挪用特定款物罪】挪用用于救灾、抢险、防汛、优抚、扶贫、移民、救济款物，情节严重，致使国家和人民群众利益遭受重大损害的，对直接责任人员，处三年以下有期徒刑或者拘役；情节特别严重的，处三年以上七年以下有期徒刑。\n第二百七十四条　【敲诈勒索罪】敲诈勒索公私财物，数额较大或者多次敲诈勒索的，处三年以下有期徒刑、拘役或者管制，并处或者单处罚金；数额巨大或者有其他严重情节的，处三年以上十年以下有期徒刑，并处罚金；数额特别巨大或者有其他特别严重情节的，处十年以上有期徒刑，并处罚金。\n第二百七十五条　【故意毁坏财物罪】故意毁坏公私财物，数额较大或者有其他严重情节的，处三年以下有期徒刑、拘役或者罚金；数额巨大或者有其他特别严重情节的，处三年以上七年以下有期徒刑。\n第二百七十六条　【破坏生产经营罪】由于泄愤报复或者其他个人目的，毁坏机器设备、残害耕畜或者以其他方法破坏生产经营的，处三年以下有期徒刑、拘役或者管制；情节严重的，处三年以上七年以下有期徒刑。\n第二百七十六条之一　【拒不支付劳动报酬罪】以转移财产、逃匿等方法逃避支付劳动者的劳动报酬或者有能力支付而不支付劳动者的劳动报酬，数额较大，经政府有关部门责令支付仍不支付的，处三年以下有期徒刑或者拘役，并处或者单处罚金；造成严重后果的，处三年以上七年以下有期徒刑，并处罚金。\n单位犯前款罪的，对单位判处罚金，并对其直接负责的主管人员和其他直接责任人员，依照前款的规定处罚。\n有前两款行为，尚未造成严重后果，在提起公诉前支付劳动者的劳动报酬，并依法承担相应赔偿责任的，可以减轻或者免除处罚。\n第六章　妨害社会管理秩序罪\n第一节　扰乱公共秩序罪\n第二百七十七条　【妨害公务罪】以暴力、威胁方法阻碍国家机关工作人员依法执行职务的，处三年以下有期徒刑、拘役、管制或者罚金。\n以暴力、威胁方法阻碍全国人民代表大会和地方各级人民代表大会代表依法执行代表职务的，依照前款的规定处罚。\n在自然灾害和突发事件中，以暴力、威胁方法阻碍红十字会工作人员依法履行职责的，依照第一款的规定处罚。\n故意阻碍国家安全机关、公安机关依法执行国家安全工作任务，未使用暴力、威胁方法，造成严重后果的，依照第一款的规定处罚。\n暴力袭击正在依法执行职务的人民警察的，处三年以下有期徒刑、拘役或者管制；使用枪支、管制刀具，或者以驾驶机动车撞击等手段，严重危及其人身安全的，处三年以上七年以下有期徒刑 [14]  。\n第二百七十八条　【煽动暴力抗拒法律实施罪】煽动群众暴力抗拒国家法律、行政法规实施的，处三年以下有期徒刑、拘役、管制或者剥夺政治权利；造成严重后果的，处三年以上七年以下有期徒刑。\n第二百七十九条　【招摇撞骗罪】冒充国家机关工作人员招摇撞骗的，处三年以下有期徒刑、拘役、管制或者剥夺政治权利；情节严重的，处三年以上十年以下有期徒刑。\n冒充人民警察招摇撞骗的，依照前款的规定从重处罚。\n第二百八十条　【伪造、变造、买卖国家机关公文、证件、印章罪；盗窃、抢夺、毁灭国家机关公文、证件、印章罪】伪造、变造、买卖或者盗窃、抢夺、毁灭国家机关的公文、证件、印章的，处三年以下有期徒刑、拘役、管制或者剥夺政治权利，并处罚金；情节严重的，处三年以上十年以下有期徒刑，并处罚金。\n【伪造公司、企业、事业单位、人民团体印章罪】伪造公司、企业、事业单位、人民团体的印章的，处三年以下有期徒刑、拘役、管制或者剥夺政治权利，并处罚金。\n【伪造、变造、买卖身份证件罪】伪造、变造、买卖居民身份证、护照、社会保障卡、驾驶证等依法可以用于证明身份的证件的，处三年以下有期徒刑、拘役、管制或者剥夺政治权利，并处罚金；情节严重的，处三年以上七年以下有期徒刑，并处罚金。\n第二百八十条之一　【使用虚假身份证件、盗用身份证件罪】在依照国家规定应当提供身份证明的活动中，使用伪造、变造的或者盗用他人的居民身份证、护照、社会保障卡、驾驶证等依法可以用于证明身份的证件，情节严重的，处拘役或者管制，并处或者单处罚金。\n有前款行为，同时构成其他犯罪的，依照处罚较重的规定定罪处罚。\n第二百八十条之二　【冒名顶替罪】盗用、冒用他人身份，顶替他人取得的高等学历教育入学资格、公务员录用资格、就业安置待遇的，处三年以下有期徒刑、拘役或者管制，并处罚金。\n组织、指使他人实施前款行为的，依照前款的规定从重处罚。\n国家工作人员有前两款行为，又构成其他犯罪的，依照数罪并罚的规定处罚 [14]  。\n第二百八十一条　【非法生产、买卖警用装备罪】非法生产、买卖人民警察制式服装、车辆号牌等专用标志、警械，情节严重的，处三年以下有期徒刑、拘役或者管制，并处或者单处罚金。\n单位犯前款罪的，对单位判处罚金，并对其直接负责的主管人员和其他直接责任人员，依照前款的规定处罚。\n第二百八十二条　【非法获取国家秘密罪】以窃取、刺探、收买方法，非法获取国家秘密的，处三年以下有期徒刑、拘役、管制或者剥夺政治权利；情节严重的，处三年以上七年以下有期徒刑。\n【非法持有国家绝密、机密文件、资料、物品罪】非法持有属于国家绝密、机密的文件、资料或者其他物品，拒不说明来源与用途的，处三年以下有期徒刑、拘役或者管制。\n第二百八十三条　【非法生产、销售专用间谍器材、窃听、窃照专用器材罪】非法生产、销售专用间谍器材或者窃听、窃照专用器材的，处三年以下有期徒刑、拘役或者管制，并处或者单处罚金；情节严重的，处三年以上七年以下有期徒刑，并处罚金。\n单位犯前款罪的，对单位判处罚金，并对其直接负责的主管人员和其他直接责任人员，依照前款的规定处罚。\n第二百八十四条　【非法使用窃听、窃照专用器材罪】非法使用窃听、窃照专用器材，造成严重后果的，处二年以下有期徒刑、拘役或者管制。\n第二百八十四条之一　【组织考试作弊罪】在法律规定的国家考试中，组织作弊的，处三年以下有期徒刑或者拘役，并处或者单处罚金；情节严重的，处三年以上七年以下有期徒刑，并处罚金。\n为他人实施前款犯罪提供作弊器材或者其他帮助的，依照前款的规定处罚。\n【非法出售、提供试题、答案罪】为实施考试作弊行为，向他人非法出售或者提供第一款规定的考试的试题、答案的，依照第一款的规定处罚。\n【代替考试罪】代替他人或者让他人代替自己参加第一款规定的考试的，处拘役或者管制，并处或者单处罚金。\n第二百八十五条　【非法侵入计算机信息系统罪】违反国家规定，侵入国家事务、国防建设、尖端科学技术领域的计算机信息系统的，处三年以下有期徒刑或者拘役。\n【非法获取计算机信息系统数据、非法控制计算机信息系统罪】违反国家规定，侵入前款规定以外的计算机信息系统或者采用其他技术手段，获取该计算机信息系统中存储、处理或者传输的数据，或者对该计算机信息系统实施非法控制，情节严重的，处三年以下有期徒刑或者拘役，并处或者单处罚金；情节特别严重的，处三年以上七年以下有期徒刑，并处罚金。\n【提供侵入、非法控制计算机信息系统程序、工具罪】提供专门用于侵入、非法控制计算机信息系统的程序、工具，或者明知他人实施侵入、非法控制计算机信息系统的违法犯罪行为而为其提供程序、工具，情节严重的，依照前款的规定处罚。\n单位犯前三款罪的，对单位判处罚金，并对其直接负责的主管人员和其他直接责任人员，依照各该款的规定处罚。\n第二百八十六条　【破坏计算机信息系统罪】违反国家规定，对计算机信息系统功能进行删除、修改、增加、干扰，造成计算机信息系统不能正常运行，后果严重的，处五年以下有期徒刑或者拘役；后果特别严重的，处五年以上有期徒刑。\n违反国家规定，对计算机信息系统中存储、处理或者传输的数据和应用程序进行删除、修改、增加的操作，后果严重的，依照前款的规定处罚。\n故意制作、传播计算机病毒等破坏性程序，影响计算机系统正常运行，后果严重的，依照第一款的规定处罚。\n单位犯前三款罪的，对单位判处罚金，并对其直接负责的主管人员和其他直接责任人员，依照第一款的规定处罚。\n第二百八十六条之一　【拒不履行信息网络安全管理义务罪】网络服务提供者不履行法律、行政法规规定的信息网络安全管理义务，经监管部门责令采取改正措施而拒不改正，有下列情形之一的，处三年以下有期徒刑、拘役或者管制，并处或者单处罚金：\n（一）致使违法信息大量传播的；\n（二）致使用户信息泄露，造成严重后果的；\n（三）致使刑事案件证据灭失，情节严重的；\n（四）有其他严重情节的。\n单位犯前款罪的，对单位判处罚金，并对其直接负责的主管人员和其他直接责任人员，依照前款的规定处罚。\n【择一重处】有前两款行为，同时构成其他犯罪的，依照处罚较重的规定定罪处罚。\n第二百八十七条　【利用计算机实施其他犯罪的罪数规定】利用计算机实施金融诈骗、盗窃、贪污、挪用公款、窃取国家秘密或者其他犯罪的，依照本法有关规定定罪处罚。\n第二百八十七条之一　【非法利用信息网络罪】利用信息网络实施下列行为之一，情节严重的，处三年以下有期徒刑或者拘役，并处或者单处罚金：\n（一）设立用于实施诈骗、传授犯罪方法、制作或者销售违禁物品、管制物品等违法犯罪活动的网站、通讯群组的；\n（二）发布有关制作或者销售毒品、枪支、淫秽物品等违禁物品、管制物品或者其他违法犯罪信息的；\n（三）为实施诈骗等违法犯罪活动发布信息的。\n单位犯前款罪的，对单位判处罚金，并对其直接负责的主管人员和其他直接责任人员，依照第一款的规定处罚。\n有前两款行为，同时构成其他犯罪的，依照处罚较重的规定定罪处罚。\n第二百八十七条之二　【帮助信息网络犯罪活动罪】明知他人利用信息网络实施犯罪，为其犯罪提供互联网接入、服务器托管、网络存储、通讯传输等技术支持，或者提供广告推广、支付结算等帮助，情节严重的，处三年以下有期徒刑或者拘役，并处或者单处罚金。\n单位犯前款罪的，对单位判处罚金，并对其直接负责的主管人员和其他直接责任人员，依照第一款的规定处罚。\n【择一重处】有前两款行为，同时构成其他犯罪的，依照处罚较重的规定定罪处罚。\n第二百八十八条　【扰乱无线电通讯管理秩序罪】违反国家规定，擅自设置、使用无线电台（站），或者擅自使用无线电频率，干扰无线电通讯秩序，情节严重的，处三年以下有期徒刑、拘役或者管制，并处或者单处罚金；情节特别严重的，处三年以上七年以下有期徒刑，并处罚金。\n单位犯前款罪的，对单位判处罚金，并对其直接负责的主管人员和其他直接责任人员，依照前款的规定处罚。\n第二百八十九条　【对聚众“打砸抢”行为的处理规定】聚众“打砸抢”，致人伤残、死亡的，依照本法第二百三十四条、第二百三十二条的规定定罪处罚。毁坏或者抢走公私财物的，除判令退赔外，对首要分子，依照本法第二百六十三条的规定定罪处罚。\n第二百九十条　【聚众扰乱社会秩序罪】聚众扰乱社会秩序，情节严重，致使工作、生产、营业和教学、科研、医疗无法进行，造成严重损失的，对首要分子，处三年以上七年以下有期徒刑；对其他积极参加的，处三年以下有期徒刑、拘役、管制或者剥夺政治权利。\n【聚众冲击国家机关罪】聚众冲击国家机关，致使国家机关工作无法进行，造成严重损失的，对首要分子，处五年以上十年以下有期徒刑；对其他积极参加的，处五年以下有期徒刑、拘役、管制或者剥夺政治权利。\n【扰乱国家机关工作秩序罪】多次扰乱国家机关工作秩序，经行政处罚后仍不改正，造成严重后果的，处三年以下有期徒刑、拘役或者管制。\n【组织、资助非法聚集罪】多次组织、资助他人非法聚集，扰乱社会秩序，情节严重的，依照前款的规定处罚。\n第二百九十一条　【聚众扰乱公共场所秩序、交通秩序罪】聚众扰乱车站、码头、民用航空站、商场、公园、影剧院、展览会、运动场或者其他公共场所秩序，聚众堵塞交通或者破坏交通秩序，抗拒、阻碍国家治安管理工作人员依法执行职务，情节严重的，对首要分子，处五年以下有期徒刑、拘役或者管制。\n第二百九十一条之一　【投放虚假危险物质罪；编造、故意传播虚假恐怖信息罪】投放虚假的爆炸性、毒害性、放射性、传染病病原体等物质，或者编造爆炸威胁、生化威胁、放射威胁等恐怖信息，或者明知是编造的恐怖信息而故意传播，严重扰乱社会秩序的，处五年以下有期徒刑、拘役或者管制；造成严重后果的，处五年以上有期徒刑。\n【编造、故意传播虚假信息罪】编造虚假的险情、疫情、灾情、警情，在信息网络或者其他媒体上传播，或者明知是上述虚假信息，故意在信息网络或者其他媒体上传播，严重扰乱社会秩序的，处三年以下有期徒刑、拘役或者管制；造成严重后果的，处三年以上七年以下有期徒刑。\n第二百九十一条之二　【高空抛物罪】从建筑物或者其他高空抛掷物品，情节严重的，处一年以下有期徒刑、拘役或者管制，并处或者单处罚金。\n【择一重处】有前款行为，同时构成其他犯罪的，依照处罚较重的规定定罪处罚 [14]  。\n第二百九十二条　【聚众斗殴罪】聚众斗殴的，对首要分子和其他积极参加的，处三年以下有期徒刑、拘役或者管制；有下列情形之一的，对首要分子和其他积极参加的，处三年以上十年以下有期徒刑：\n（一）多次聚众斗殴的；\n（二）聚众斗殴人数多，规模大，社会影响恶劣的；\n（三）在公共场所或者交通要道聚众斗殴，造成社会秩序严重混乱的；\n（四）持械聚众斗殴的。\n【故意伤害罪；故意杀人罪】聚众斗殴，致人重伤、死亡的，依照本法第二百三十四条、第二百三十二条的规定定罪处罚。\n第二百九十三条　【寻衅滋事罪】有下列寻衅滋事行为之一，破坏社会秩序的，处五年以下有期徒刑、拘役或者管制：\n（一）随意殴打他人，情节恶劣的；\n（二）追逐、拦截、辱骂、恐吓他人，情节恶劣的；\n（三）强拿硬要或者任意损毁、占用公私财物，情节严重的；\n（四）在公共场所起哄闹事，造成公共场所秩序严重混乱的。\n纠集他人多次实施前款行为，严重破坏社会秩序的，处五年以上十年以下有期徒刑，可以并处罚金。\n第二百九十三条之一　【催收非法债务罪】有下列情形之一，催收高利放贷等产生的非法债务，情节严重的，处三年以下有期徒刑、拘役或者管制，并处或者单处罚金：\n（一）使用暴力、胁迫方法的；\n（二）限制他人人身自由或者侵入他人住宅的；\n（三）恐吓、跟踪、骚扰他人的 [14]  。\n第二百九十四条　【组织、领导、参加黑社会性质组织罪】组织、领导黑社会性质的组织的，处七年以上有期徒刑，并处没收财产；积极参加的，处三年以上七年以下有期徒刑，可以并处罚金或者没收财产；其他参加的，处三年以下有期徒刑、拘役、管制或者剥夺政治权利，可以并处罚金。\n【入境发展黑社会组织罪】境外的黑社会组织的人员到中华人民共和国境内发展组织成员的，处三年以上十年以下有期徒刑。\n【包庇、纵容黑社会性质组织罪】国家机关工作人员包庇黑社会性质的组织，或者纵容黑社会性质的组织进行违法犯罪活动的，处五年以下有期徒刑；情节严重的，处五年以上有期徒刑。\n【数罪并罚】犯前三款罪又有其他犯罪行为的，依照数罪并罚的规定处罚。\n【黑社会性质的组织的特征】黑社会性质的组织应当同时具备以下特征：\n（一）形成较稳定的犯罪组织，人数较多，有明确的组织者、领导者，骨干成员基本固定；\n（二）有组织地通过违法犯罪活动或者其他手段获取经济利益，具有一定的经济实力，以支持该组织的活动；\n（三）以暴力、威胁或者其他手段，有组织地多次进行违法犯罪活动，为非作恶，欺压、残害群众；\n（四）通过实施违法犯罪活动，或者利用国家工作人员的包庇或者纵容，称霸一方，在一定区域或者行业内，形成非法控制或者重大影响，严重破坏经济、社会生活秩序。\n第二百九十五条　【传授犯罪方法罪】传授犯罪方法的，处五年以下有期徒刑、拘役或者管制；情节严重的，处五年以上十年以下有期徒刑；情节特别严重的，处十年以上有期徒刑或者无期徒刑。\n第二百九十六条　【非法集会、游行、示威罪】举行集会、游行、示威，未依照法律规定申请或者申请未获许可，或者未按照主管机关许可的起止时间、地点、路线进行，又拒不服从解散命令，严重破坏社会秩序的，对集会、游行、示威的负责人和直接责任人员，处五年以下有期徒刑、拘役、管制或者剥夺政治权利。\n第二百九十七条　【非法携带武器、管制刀具、爆炸物参加集会、游行、示威罪】违反法律规定，携带武器、管制刀具或者爆炸物参加集会、游行、示威的，处三年以下有期徒刑、拘役、管制或者剥夺政治权利。\n第二百九十八条　【破坏集会、游行、示威罪】扰乱、冲击或者以其他方法破坏依法举行的集会、游行、示威，造成公共秩序混乱的，处五年以下有期徒刑、拘役、管制或者剥夺政治权利。\n第二百九十九条　【侮辱国旗、国徽、国歌罪】在公共场合，故意以焚烧、毁损、涂划、玷污、践踏等方式侮辱中华人民共和国国旗、国徽的，处三年以下有期徒刑、拘役、管制或者剥夺政治权利。\n在公共场合，故意篡改中华人民共和国国歌歌词、曲谱，以歪曲、贬损方式奏唱国歌，或者以其他方式侮辱国歌，情节严重的，依照前款的规定处罚。\n第二百九十九条之一　【侵害英雄烈士名誉、荣誉罪】侮辱、诽谤或者以其他方式侵害英雄烈士的名誉、荣誉，损害社会公共利益，情节严重的，处三年以下有期徒刑、拘役、管制或者剥夺政治权利 [14]  。\n第三百条　【组织、利用会道门、邪教组织、利用迷信破坏法律实施罪】组织、利用会道门、邪教组织或者利用迷信破坏国家法律、行政法规实施的，处三年以上七年以下有期徒刑，并处罚金；情节特别严重的，处七年以上有期徒刑或者无期徒刑，并处罚金或者没收财产；情节较轻的，处三年以下有期徒刑、拘役、管制或者剥夺政治权利，并处或者单处罚金。\n【组织、利用会道门、邪教组织、利用迷信致人重伤、死亡罪】组织、利用会道门、邪教组织或者利用迷信蒙骗他人，致人重伤、死亡的，依照前款的规定处罚。\n【强奸罪；诈骗罪】犯第一款罪又有奸淫妇女、诈骗财物等犯罪行为的，依照数罪并罚的规定处罚。\n第三百零一条　【聚众淫乱罪】聚众进行淫乱活动的，对首要分子或者多次参加的，处五年以下有期徒刑、拘役或者管制。\n【引诱未成年人聚众淫乱罪】引诱未成年人参加聚众淫乱活动的，依照前款的规定从重处罚。\n第三百零二条　【盗窃、侮辱、故意毁坏尸体、尸骨、骨灰罪】盗窃、侮辱、故意毁坏尸体、尸骨、骨灰的，处三年以下有期徒刑、拘役或者管制。\n第三百零三条　【赌博罪】以营利为目的，聚众赌博或者以赌博为业的，处三年以下有期徒刑、拘役或者管制，并处罚金。\n【开设赌场罪】开设赌场的，处五年以下有期徒刑、拘役或者管制，并处罚金；情节严重的，处五年以上十年以下有期徒刑，并处罚金。\n【组织参与国（境）外赌博罪】组织中华人民共和国公民参与国（境）外赌博，数额巨大或者有其他严重情节的，依照前款的规定处罚。 [14] \n第三百零四条　【故意延误投递邮件罪】邮政工作人员严重不负责任，故意延误投递邮件，致使公共财产、国家和人民利益遭受重大损失的，处二年以下有期徒刑或者拘役。\n第二节　妨害司法罪\n第三百零五条　【伪证罪】在刑事诉讼中，证人、鉴定人、记录人、翻译人对与案件有重要关系的情节，故意作虚假证明、鉴定、记录、翻译，意图陷害他人或者隐匿罪证的，处三年以下有期徒刑或者拘役；情节严重的，处三年以上七年以下有期徒刑。\n第三百零六条　【辩护人、诉讼代理人毁灭证据、伪造证据、妨害作证罪】在刑事诉讼中，辩护人、诉讼代理人毁灭、伪造证据，帮助当事人毁灭、伪造证据，威胁、引诱证人违背事实改变证言或者作伪证的，处三年以下有期徒刑或者拘役；情节严重的，处三年以上七年以下有期徒刑。\n辩护人、诉讼代理人提供、出示、引用的证人证言或者其他证据失实，不是有意伪造的，不属于伪造证据。\n第三百零七条　【妨害作证罪】以暴力、威胁、贿买等方法阻止证人作证或者指使他人作伪证的，处三年以下有期徒刑或者拘役；情节严重的，处三年以上七年以下有期徒刑。\n【帮助毁灭、伪造证据罪】帮助当事人毁灭、伪造证据，情节严重的，处三年以下有期徒刑或者拘役。\n司法工作人员犯前两款罪的，从重处罚。\n第三百零七条之一　【虚假诉讼罪】以捏造的事实提起民事诉讼，妨害司法秩序或者严重侵害他人合法权益的，处三年以下有期徒刑、拘役或者管制，并处或者单处罚金；情节严重的，处三年以上七年以下有期徒刑，并处罚金。\n单位犯前款罪的，对单位判处罚金，并对其直接负责的主管人员和其他直接责任人员，依照前款的规定处罚。\n有第一款行为，非法占有他人财产或者逃避合法债务，又构成其他犯罪的，依照处罚较重的规定定罪从重处罚。\n司法工作人员利用职权，与他人共同实施前三款行为的，从重处罚；同时构成其他犯罪的，依照处罚较重的规定定罪从重处罚。\n第三百零八条　【打击报复证人罪】对证人进行打击报复的，处三年以下有期徒刑或者拘役；情节严重的，处三年以上七年以下有期徒刑。\n第三百零八条之一　【泄露不应公开的案件信息罪】司法工作人员、辩护人、诉讼代理人或者其他诉讼参与人，泄露依法不公开审理的案件中不应当公开的信息，造成信息公开传播或者其他严重后果的，处三年以下有期徒刑、拘役或者管制，并处或者单处罚金。\n【故意泄露国家秘密罪；过失泄露国家秘密罪】有前款行为，泄露国家秘密的，依照本法第三百九十八条的规定定罪处罚。\n【披露、报道不应公开的案件信息罪】公开披露、报道第一款规定的案件信息，情节严重的，依照第一款的规定处罚。\n单位犯前款罪的，对单位判处罚金，并对其直接负责的主管人员和其他直接责任人员，依照第一款的规定处罚。\n第三百零九条　【扰乱法庭秩序罪】有下列扰乱法庭秩序情形之一的，处三年以下有期徒刑、拘役、管制或者罚金：\n（一）聚众哄闹、冲击法庭的；\n（二）殴打司法工作人员或者诉讼参与人的；\n（三）侮辱、诽谤、威胁司法工作人员或者诉讼参与人，不听法庭制止，严重扰乱法庭秩序的；\n（四）有毁坏法庭设施，抢夺、损毁诉讼文书、证据等扰乱法庭秩序行为，情节严重的。\n第三百一十条　【窝藏、包庇罪】明知是犯罪的人而为其提供隐藏处所、财物，帮助其逃匿或者作假证明包庇的，处三年以下有期徒刑、拘役或者管制；情节严重的，处三年以上十年以下有期徒刑。\n犯前款罪，事前通谋的，以共同犯罪论处。\n第三百一十一条　【拒绝提供间谍犯罪、恐怖主义犯罪、极端主义犯罪证据罪】明知他人有间谍犯罪或者恐怖主义、极端主义犯罪行为，在司法机关向其调查有关情况、收集有关证据时，拒绝提供，情节严重的，处三年以下有期徒刑、拘役或者管制。\n第三百一十二条　【掩饰、隐瞒犯罪所得、犯罪所得收益罪】明知是犯罪所得及其产生的收益而予以窝藏、转移、收购、代为销售或者以其他方法掩饰、隐瞒的，处三年以下有期徒刑、拘役或者管制，并处或者单处罚金；情节严重的，处三年以上七年以下有期徒刑，并处罚金。\n单位犯前款罪的，对单位判处罚金，并对其直接负责的主管人员和其他直接责任人员，依照前款的规定处罚。\n第三百一十三条　【拒不执行判决、裁定罪】对人民法院的判决、裁定有能力执行而拒不执行，情节严重的，处三年以下有期徒刑、拘役或者罚金；情节特别严重的，处三年以上七年以下有期徒刑，并处罚金。\n单位犯前款罪的，对单位判处罚金，并对其直接负责的主管人员和其他直接责任人员，依照前款的规定处罚。\n第三百一十四条　【非法处置查封、扣押、冻结的财产罪】隐藏、转移、变卖、故意毁损已被司法机关查封、扣押、冻结的财产，情节严重的，处三年以下有期徒刑、拘役或者罚金。\n第三百一十五条　【破坏监管秩序罪】依法被关押的罪犯，有下列破坏监管秩序行为之一，情节严重的，处三年以下有期徒刑：\n（一）殴打监管人员的；\n（二）组织其他被监管人破坏监管秩序的；\n（三）聚众闹事，扰乱正常监管秩序的；\n（四）殴打、体罚或者指使他人殴打、体罚其他被监管人的。\n第三百一十六条　【脱逃罪】依法被关押的罪犯、被告人、犯罪嫌疑人脱逃的，处五年以下有期徒刑或者拘役。\n【劫夺被押解人员罪】劫夺押解途中的罪犯、被告人、犯罪嫌疑人的，处三年以上七年以下有期徒刑；情节严重的，处七年以上有期徒刑。\n第三百一十七条　【组织越狱罪】组织越狱的首要分子和积极参加的，处五年以上有期徒刑；其他参加的，处五年以下有期徒刑或者拘役。\n【暴动越狱罪；聚众持械劫狱罪】暴动越狱或者聚众持械劫狱的首要分子和积极参加的，处十年以上有期徒刑或者无期徒刑；情节特别严重的，处死刑；其他参加的，处三年以上十年以下有期徒刑。\n第三节　妨害国（边）境管理罪\n第三百一十八条　【组织他人偷越国（边）境罪】组织他人偷越国（边）境的，处二年以上七年以下有期徒刑，并处罚金；有下列情形之一的，处七年以上有期徒刑或者无期徒刑，并处罚金或者没收财产：\n（一）组织他人偷越国（边）境集团的首要分子；\n（二）多次组织他人偷越国（边）境或者组织他人偷越国（边）境人数众多的；\n（三）造成被组织人重伤、死亡的；\n（四）剥夺或者限制被组织人人身自由的；\n（五）以暴力、威胁方法抗拒检查的；\n（六）违法所得数额巨大的；\n（七）有其他特别严重情节的。\n【数罪并罚】犯前款罪，对被组织人有杀害、伤害、强奸、拐卖等犯罪行为，或者对检查人员有杀害、伤害等犯罪行为的，依照数罪并罚的规定处罚。\n第三百一十九条　【骗取出境证件罪】以劳务输出、经贸往来或者其他名义，弄虚作假，骗取护照、签证等出境证件，为组织他人偷越国（边）境使用的，处三年以下有期徒刑，并处罚金；情节严重的，处三年以上十年以下有期徒刑，并处罚金。\n单位犯前款罪的，对单位判处罚金，并对其直接负责的主管人员和其他直接责任人员，依照前款的规定处罚。\n第三百二十条　【提供伪造、变造的出入境证件罪；出售出入境证件罪】为他人提供伪造、变造的护照、签证等出入境证件，或者出售护照、签证等出入境证件的，处五年以下有期徒刑，并处罚金；情节严重的，处五年以上有期徒刑，并处罚金。\n第三百二十一条　【运送他人偷越国（边）境罪】运送他人偷越国（边）境的，处五年以下有期徒刑、拘役或者管制，并处罚金；有下列情形之一的，处五年以上十年以下有期徒刑，并处罚金：\n（一）多次实施运送行为或者运送人数众多的；\n（二）所使用的船只、车辆等交通工具不具备必要的安全条件，足以造成严重后果的；\n（三）违法所得数额巨大的；\n（四）有其他特别严重情节的。\n在运送他人偷越国（边）境中造成被运送人重伤、死亡，或者以暴力、威胁方法抗拒检查的，处七年以上有期徒刑，并处罚金。\n犯前两款罪，对被运送人有杀害、伤害、强奸、拐卖等犯罪行为，或者对检查人员有杀害、伤害等犯罪行为的，依照数罪并罚的规定处罚。\n第三百二十二条　【偷越国（边）境罪】违反国（边）境管理法规，偷越国（边）境，情节严重的，处一年以下有期徒刑、拘役或者管制，并处罚金；为参加恐怖活动组织、接受恐怖活动培训或者实施恐怖活动，偷越国（边）境的，处一年以上三年以下有期徒刑，并处罚金。\n第三百二十三条　【破坏界碑、界桩罪；破坏永久性测量标志罪】故意破坏国家边境的界碑、界桩或者永久性测量标志的，处三年以下有期徒刑或者拘役。\n第四节　妨害文物管理罪\n第三百二十四条　【故意损毁文物罪】故意损毁国家保护的珍贵文物或者被确定为全国重点文物保护单位、省级文物保护单位的文物的，处三年以下有期徒刑或者拘役，并处或者单处罚金；情节严重的，处三年以上十年以下有期徒刑，并处罚金。\n【故意损毁名胜古迹罪】故意损毁国家保护的名胜古迹，情节严重的，处五年以下有期徒刑或者拘役，并处或者单处罚金。\n【过失损毁文物罪】过失损毁国家保护的珍贵文物或者被确定为全国重点文物保护单位、省级文物保护单位的文物，造成严重后果的，处三年以下有期徒刑或者拘役。\n第三百二十五条　【非法向外国人出售、赠送珍贵文物罪】违反文物保护法规，将收藏的国家禁止出口的珍贵文物私自出售或者私自赠送给外国人的，处五年以下有期徒刑或者拘役，可以并处罚金。\n单位犯前款罪的，对单位判处罚金，并对其直接负责的主管人员和其他直接责任人员，依照前款的规定处罚。\n第三百二十六条　【倒卖文物罪】以牟利为目的，倒卖国家禁止经营的文物，情节严重的，处五年以下有期徒刑或者拘役，并处罚金；情节特别严重的，处五年以上十年以下有期徒刑，并处罚金。\n单位犯前款罪的，对单位判处罚金，并对其直接负责的主管人员和其他直接责任人员，依照前款的规定处罚。\n第三百二十七条　【非法出售、私赠文物藏品罪】违反文物保护法规，国有博物馆、图书馆等单位将国家保护的文物藏品出售或者私自送给非国有单位或者个人的，对单位判处罚金，并对其直接负责的主管人员和其他直接责任人员，处三年以下有期徒刑或者拘役。\n第三百二十八条　【盗掘古文化遗址、古墓葬罪】盗掘具有历史、艺术、科学价值的古文化遗址、古墓葬的，处三年以上十年以下有期徒刑，并处罚金；情节较轻的，处三年以下有期徒刑、拘役或者管制，并处罚金；有下列情形之一的，处十年以上有期徒刑或者无期徒刑，并处罚金或者没收财产：\n（一）盗掘确定为全国重点文物保护单位和省级文物保护单位的古文化遗址、古墓葬的；\n（二）盗掘古文化遗址、古墓葬集团的首要分子；\n（三）多次盗掘古文化遗址、古墓葬的；\n（四）盗掘古文化遗址、古墓葬，并盗窃珍贵文物或者造成珍贵文物严重破坏的。\n【盗掘古人类化石、古脊椎动物化石罪】盗掘国家保护的具有科学价值的古人类化石和古脊椎动物化石的，依照前款的规定处罚。\n第三百二十九条　【抢夺、窃取国有档案罪】抢夺、窃取国家所有的档案的，处五年以下有期徒刑或者拘役。\n【擅自出卖、转让国有档案罪】违反档案法的规定，擅自出卖、转让国家所有的档案，情节严重的，处三年以下有期徒刑或者拘役。\n有前两款行为，同时又构成本法规定的其他犯罪的，依照处罚较重的规定定罪处罚。\n第五节　危害公共卫生罪\n第三百三十条　【妨害传染病防治罪】违反传染病防治法的规定，有下列情形之一，引起甲类传染病以及依法确定采取甲类传染病预防、控制措施的传染病传播或者有传播严重危险的，处三年以下有期徒刑或者拘役；后果特别严重的，处三年以上七年以下有期徒刑：\n（一）供水单位供应的饮用水不符合国家规定的卫生标准的；\n（二）拒绝按照疾病预防控制机构提出的卫生要求，对传染病病原体污染的污水、污物、场所和物品进行消毒处理的；\n（三）准许或者纵容传染病病人、病原携带者和疑似传染病病人从事国务院卫生行政部门规定禁止从事的易使该传染病扩散的工作的；\n（四）出售、运输疫区中被传染病病原体污染或者可能被传染病病原体污染的物品，未进行消毒处理的；\n（五）拒绝执行县级以上人民政府、疾病预防控制机构依照传染病防治法提出的预防、控制措施的。\n单位犯前款罪的，对单位判处罚金，并对其直接负责的主管人员和其他直接责任人员，依照前款的规定处罚。\n甲类传染病的范围，依照《中华人民共和国传染病防治法》和国务院有关规定确定。 [14] \n第三百三十一条　【传染病菌种、毒种扩散罪】从事实验、保藏、携带、运输传染病菌种、毒种的人员，违反国务院卫生行政部门的有关规定，造成传染病菌种、毒种扩散，后果严重的，处三年以下有期徒刑或者拘役；后果特别严重的，处三年以上七年以下有期徒刑。\n第三百三十二条　【妨害国境卫生检疫罪】违反国境卫生检疫规定，引起检疫传染病传播或者有传播严重危险的，处三年以下有期徒刑或者拘役，并处或者单处罚金。\n单位犯前款罪的，对单位判处罚金，并对其直接负责的主管人员和其他直接责任人员，依照前款的规定处罚。\n第三百三十三条　【非法组织卖血罪；强迫卖血罪】非法组织他人出卖血液的，处五年以下有期徒刑，并处罚金；以暴力、威胁方法强迫他人出卖血液的，处五年以上十年以下有期徒刑，并处罚金。\n有前款行为，对他人造成伤害的，依照本法第二百三十四条的规定定罪处罚。\n第三百三十四条　【非法采集、供应血液、制作、供应血液制品罪】非法采集、供应血液或者制作、供应血液制品，不符合国家规定的标准，足以危害人体健康的，处五年以下有期徒刑或者拘役，并处罚金；对人体健康造成严重危害的，处五年以上十年以下有期徒刑，并处罚金；造成特别严重后果的，处十年以上有期徒刑或者无期徒刑，并处罚金或者没收财产。\n【采集、供应血液、制作、供应血液制品事故罪】经国家主管部门批准采集、供应血液或者制作、供应血液制品的部门，不依照规定进行检测或者违背其他操作规定，造成危害他人身体健康后果的，对单位判处罚金，并对其直接负责的主管人员和其他直接责任人员，处五年以下有期徒刑或者拘役。\n第三百三十四条之一　【非法采集人类遗传资源、走私人类遗传资源材料罪】违反国家有关规定，非法采集我国人类遗传资源或者非法运送、邮寄、携带我国人类遗传资源材料出境，危害公众健康或者社会公共利益，情节严重的，处三年以下有期徒刑、拘役或者管制，并处或者单处罚金；情节特别严重的，处三年以上七年以下有期徒刑，并处罚金 [14]  。\n第三百三十五条　【医疗事故罪】医务人员由于严重不负责任，造成就诊人死亡或者严重损害就诊人身体健康的，处三年以下有期徒刑或者拘役。\n第三百三十六条　【非法行医罪】未取得医生执业资格的人非法行医，情节严重的，处三年以下有期徒刑、拘役或者管制，并处或者单处罚金；严重损害就诊人身体健康的，处三年以上十年以下有期徒刑，并处罚金；造成就诊人死亡的，处十年以上有期徒刑，并处罚金。\n【非法进行节育手术罪】未取得医生执业资格的人擅自为他人进行节育复通手术、假节育手术、终止妊娠手术或者摘取宫内节育器，情节严重的，处三年以下有期徒刑、拘役或者管制，并处或者单处罚金；严重损害就诊人身体健康的，处三年以上十年以下有期徒刑，并处罚金；造成就诊人死亡的，处十年以上有期徒刑，并处罚金。\n第三百三十六条之一　【非法植入基因编辑、克隆胚胎罪】将基因编辑、克隆的人类胚胎植入人体或者动物体内，或者将基因编辑、克隆的动物胚胎植入人体内，情节严重的，处三年以下有期徒刑或者拘役，并处罚金；情节特别严重的，处三年以上七年以下有期徒刑，并处罚金 [14]  。\n第三百三十七条　【妨害动植物防疫、检疫罪】违反有关动植物防疫、检疫的国家规定，引起重大动植物疫情的，或者有引起重大动植物疫情危险，情节严重的，处三年以下有期徒刑或者拘役，并处或者单处罚金。\n单位犯前款罪的，对单位判处罚金，并对其直接负责的主管人员和其他直接责任人员，依照前款的规定处罚。\n第六节　破坏环境资源保护罪\n第三百三十八条　【污染环境罪】违反国家规定，排放、倾倒或者处置有放射性的废物、含传染病病原体的废物、有毒物质或者其他有害物质，严重污染环境的，处三年以下有期徒刑或者拘役，并处或者单处罚金；情节严重的，处三年以上七年以下有期徒刑，并处罚金；有下列情形之一的，处七年以上有期徒刑，并处罚金：\n（一）在饮用水水源保护区、自然保护地核心保护区等依法确定的重点保护区域排放、倾倒、处置有放射性的废物、含传染病病原体的废物、有毒物质，情节特别严重的；\n（二）向国家确定的重要江河、湖泊水域排放、倾倒、处置有放射性的废物、含传染病病原体的废物、有毒物质，情节特别严重的；\n（三）致使大量永久基本农田基本功能丧失或者遭受永久性破坏的；\n（四）致使多人重伤、严重疾病，或者致人严重残疾、死亡的。\n有前款行为，同时构成其他犯罪的，依照处罚较重的规定定罪处罚 [14]  。\n第三百三十九条　【非法处置进口的固体废物罪】违反国家规定，将境外的固体废物进境倾倒、堆放、处置的，处五年以下有期徒刑或者拘役，并处罚金；造成重大环境污染事故，致使公私财产遭受重大损失或者严重危害人体健康的，处五年以上十年以下有期徒刑，并处罚金；后果特别严重的，处十年以上有期徒刑，并处罚金。\n【擅自进口固体废物罪】未经国务院有关主管部门许可，擅自进口固体废物用作原料，造成重大环境污染事故，致使公私财产遭受重大损失或者严重危害人体健康的，处五年以下有期徒刑或者拘役，并处罚金；后果特别严重的，处五年以上十年以下有期徒刑，并处罚金。\n【走私废物罪】以原料利用为名，进口不能用作原料的固体废物、液态废物和气态废物的，依照本法第一百五十二条第二款、第三款的规定定罪处罚。\n第三百四十条　【非法捕捞水产品罪】违反保护水产资源法规，在禁渔区、禁渔期或者使用禁用的工具、方法捕捞水产品，情节严重的，处三年以下有期徒刑、拘役、管制或者罚金。\n第三百四十一条　【危害珍贵、濒危野生动物罪】非法猎捕、杀害国家重点保护的珍贵、濒危野生动物的，或者非法收购、运输、出售国家重点保护的珍贵、濒危野生动物及其制品的，处五年以下有期徒刑或者拘役，并处罚金；情节严重的，处五年以上十年以下有期徒刑，并处罚金；情节特别严重的，处十年以上有期徒刑，并处罚金或者没收财产。\n【非法狩猎罪】违反狩猎法规，在禁猎区、禁猎期或者使用禁用的工具、方法进行狩猎，破坏野生动物资源，情节严重的，处三年以下有期徒刑、拘役、管制或者罚金。\n【非法猎捕、收购、运输、出售陆生野生动物罪】违反野生动物保护管理法规，以食用为目的非法猎捕、收购、运输、出售第一款规定以外的在野外环境自然生长繁殖的陆生野生动物，情节严重的，依照前款的规定处罚 [14]  。\n第三百四十二条　【非法占用农用地罪】违反土地管理法规，非法占用耕地、林地等农用地，改变被占用土地用途，数量较大，造成耕地、林地等农用地大量毁坏的，处五年以下有期徒刑或者拘役，并处或者单处罚金。\n第三百四十二条之一　【破坏自然保护地罪】违反自然保护地管理法规，在国家公园、国家级自然保护区进行开垦、开发活动或者修建建筑物，造成严重后果或者有其他恶劣情节的，处五年以下有期徒刑或者拘役，并处或者单处罚金。\n有前款行为，同时构成其他犯罪的，依照处罚较重的规定定罪处罚 [14]  。\n第三百四十三条　【非法采矿罪】违反矿产资源法的规定，未取得采矿许可证擅自采矿，擅自进入国家规划矿区、对国民经济具有重要价值的矿区和他人矿区范围采矿，或者擅自开采国家规定实行保护性开采的特定矿种，情节严重的，处三年以下有期徒刑、拘役或者管制，并处或者单处罚金；情节特别严重的，处三年以上七年以下有期徒刑，并处罚金。\n【破坏性采矿罪】违反矿产资源法的规定，采取破坏性的开采方法开采矿产资源，造成矿产资源严重破坏的，处五年以下有期徒刑或者拘役，并处罚金。\n第三百四十四条　【危害国家重点保护植物罪】违反国家规定，非法采伐、毁坏珍贵树木或者国家重点保护的其他植物的，或者非法收购、运输、加工、出售珍贵树木或者国家重点保护的其他植物及其制品的，处三年以下有期徒刑、拘役或者管制，并处罚金；情节严重的，处三年以上七年以下有期徒刑，并处罚金。\n第三百四十四条之一　【非法引进、释放、丢弃外来入侵物种罪】违反国家规定，非法引进、释放或者丢弃外来入侵物种，情节严重的，处三年以下有期徒刑或者拘役，并处或者单处罚金 [14]  。\n第三百四十五条　【盗伐林木罪】盗伐森林或者其他林木，数量较大的，处三年以下有期徒刑、拘役或者管制，并处或者单处罚金；数量巨大的，处三年以上七年以下有期徒刑，并处罚金；数量特别巨大的，处七年以上有期徒刑，并处罚金。\n【滥伐林木罪】违反森林法的规定，滥伐森林或者其他林木，数量较大的，处三年以下有期徒刑、拘役或者管制，并处或者单处罚金；数量巨大的，处三年以上七年以下有期徒刑，并处罚金。\n【非法收购、运输盗伐、滥伐的林木罪】非法收购、运输明知是盗伐、滥伐的林木，情节严重的，处三年以下有期徒刑、拘役或者管制，并处或者单处罚金；情节特别严重的，处三年以上七年以下有期徒刑，并处罚金。\n盗伐、滥伐国家级自然保护区内的森林或者其他林木的，从重处罚。\n第三百四十六条　【单位犯破坏环境资源罪的处罚规定】单位犯本节第三百三十八条至第三百四十五条规定之罪的，对单位判处罚金，并对其直接负责的主管人员和其他直接责任人员，依照本节各该条的规定处罚。\n第七节　走私、贩卖、运输、制造毒品罪\n第三百四十七条　【走私、贩卖、运输、制造毒品罪】走私、贩卖、运输、制造毒品，无论数量多少，都应当追究刑事责任，予以刑事处罚。\n走私、贩卖、运输、制造毒品，有下列情形之一的，处十五年有期徒刑、无期徒刑或者死刑，并处没收财产：\n（一）走私、贩卖、运输、制造鸦片一千克以上、海洛因或者甲基苯丙胺五十克以上或者其他毒品数量大的；\n（二）走私、贩卖、运输、制造毒品集团的首要分子；\n（三）武装掩护走私、贩卖、运输、制造毒品的；\n（四）以暴力抗拒检查、拘留、逮捕，情节严重的；\n（五）参与有组织的国际贩毒活动的。\n走私、贩卖、运输、制造鸦片二百克以上不满一千克、海洛因或者甲基苯丙胺十克以上不满五十克或者其他毒品数量较大的，处七年以上有期徒刑，并处罚金。\n走私、贩卖、运输、制造鸦片不满二百克、海洛因或者甲基苯丙胺不满十克或者其他少量毒品的，处三年以下有期徒刑、拘役或者管制，并处罚金；情节严重的，处三年以上七年以下有期徒刑，并处罚金。\n单位犯第二款、第三款、第四款罪的，对单位判处罚金，并对其直接负责的主管人员和其他直接责任人员，依照各该款的规定处罚。\n利用、教唆未成年人走私、贩卖、运输、制造毒品，或者向未成年人出售毒品的，从重处罚。\n对多次走私、贩卖、运输、制造毒品，未经处理的，毒品数量累计计算。\n第三百四十八条　【非法持有毒品罪】非法持有鸦片一千克以上、海洛因或者甲基苯丙胺五十克以上或者其他毒品数量大的，处七年以上有期徒刑或者无期徒刑，并处罚金；非法持有鸦片二百克以上不满一千克、海洛因或者甲基苯丙胺十克以上不满五十克或者其他毒品数量较大的，处三年以下有期徒刑、拘役或者管制，并处罚金；情节严重的，处三年以上七年以下有期徒刑，并处罚金。\n第三百四十九条　【包庇毒品犯罪分子罪；窝藏、转移、隐瞒毒品、毒赃罪】包庇走私、贩卖、运输、制造毒品的犯罪分子的，为犯罪分子窝藏、转移、隐瞒毒品或者犯罪所得的财物的，处三年以下有期徒刑、拘役或者管制；情节严重的，处三年以上十年以下有期徒刑。\n缉毒人员或者其他国家机关工作人员掩护、包庇走私、贩卖、运输、制造毒品的犯罪分子的，依照前款的规定从重处罚。\n犯前两款罪，事先通谋的，以走私、贩卖、运输、制造毒品罪的共犯论处。\n第三百五十条　【非法生产、买卖、运输制毒物品、走私制毒物品罪】违反国家规定，非法生产、买卖、运输醋酸酐、乙醚、三氯甲烷或者其他用于制造毒品的原料、配剂，或者携带上述物品进出境，情节较重的，处三年以下有期徒刑、拘役或者管制，并处罚金；情节严重的，处三年以上七年以下有期徒刑，并处罚金；情节特别严重的，处七年以上有期徒刑，并处罚金或者没收财产。\n明知他人制造毒品而为其生产、买卖、运输前款规定的物品的，以制造毒品罪的共犯论处。\n单位犯前两款罪的，对单位判处罚金，并对其直接负责的主管人员和其他直接责任人员，依照前两款的规定处罚。\n第三百五十一条　【非法种植毒品原植物罪】非法种植罂粟、大麻等毒品原植物的，一律强制铲除。有下列情形之一的，处五年以下有期徒刑、拘役或者管制，并处罚金：\n（一）种植罂粟五百株以上不满三千株或者其他毒品原植物数量较大的；\n（二）经公安机关处理后又种植的；\n（三）抗拒铲除的。\n非法种植罂粟三千株以上或者其他毒品原植物数量大的，处五年以上有期徒刑，并处罚金或者没收财产。\n非法种植罂粟或者其他毒品原植物，在收获前自动铲除的，可以免除处罚。\n第三百五十二条　【非法买卖、运输、携带、持有毒品原植物种子、幼苗罪】非法买卖、运输、携带、持有未经灭活的罂粟等毒品原植物种子或者幼苗，数量较大的，处三年以下有期徒刑、拘役或者管制，并处或者单处罚金。\n第三百五十三条　【引诱、教唆、欺骗他人吸毒罪】引诱、教唆、欺骗他人吸食、注射毒品的，处三年以下有期徒刑、拘役或者管制，并处罚金；情节严重的，处三年以上七年以下有期徒刑，并处罚金。\n【强迫他人吸毒罪】强迫他人吸食、注射毒品的，处三年以上十年以下有期徒刑，并处罚金。\n引诱、教唆、欺骗或者强迫未成年人吸食、注射毒品的，从重处罚。\n第三百五十四条　【容留他人吸毒罪】容留他人吸食、注射毒品的，处三年以下有期徒刑、拘役或者管制，并处罚金。\n第三百五十五条　【非法提供麻醉药品、精神药品罪】依法从事生产、运输、管理、使用国家管制的麻醉药品、精神药品的人员，违反国家规定，向吸食、注射毒品的人提供国家规定管制的能够使人形成瘾癖的麻醉药品、精神药品的，处三年以下有期徒刑或者拘役，并处罚金；情节严重的，处三年以上七年以下有期徒刑，并处罚金。向走私、贩卖毒品的犯罪分子或者以牟利为目的，向吸食、注射毒品的人提供国家规定管制的能够使人形成瘾癖的麻醉药品、精神药品的，依照本法第三百四十七条的规定定罪处罚。\n单位犯前款罪的，对单位判处罚金，并对其直接负责的主管人员和其他直接责任人员，依照前款的规定处罚。\n第三百五十五条之一　【妨害兴奋剂管理罪】引诱、教唆、欺骗运动员使用兴奋剂参加国内、国际重大体育竞赛，或者明知运动员参加上述竞赛而向其提供兴奋剂，情节严重的，处三年以下有期徒刑或者拘役，并处罚金。\n组织、强迫运动员使用兴奋剂参加国内、国际重大体育竞赛的，依照前款的规定从重处罚 [14]  。\n第三百五十六条　【毒品犯罪的再犯】因走私、贩卖、运输、制造、非法持有毒品罪被判过刑，又犯本节规定之罪的，从重处罚。\n第三百五十七条　【毒品的范围及毒品数量的计算】本法所称的毒品，是指鸦片、海洛因、甲基苯丙胺（冰毒）、吗啡、大麻、可卡因以及国家规定管制的其他能够使人形成瘾癖的麻醉药品和精神药品。\n毒品的数量以查证属实的走私、贩卖、运输、制造、非法持有毒品的数量计算，不以纯度折算。\n第八节　组织、强迫、引诱、容留、介绍卖淫罪\n第三百五十八条　【组织卖淫罪；强迫卖淫罪】组织、强迫他人卖淫的，处五年以上十年以下有期徒刑，并处罚金；情节严重的，处十年以上有期徒刑或者无期徒刑，并处罚金或者没收财产。\n组织、强迫未成年人卖淫的，依照前款的规定从重处罚。\n【数罪并罚】犯前两款罪，并有杀害、伤害、强奸、绑架等犯罪行为的，依照数罪并罚的规定处罚。\n【协助组织卖淫罪】为组织卖淫的人招募、运送人员或者有其他协助组织他人卖淫行为的，处五年以下有期徒刑，并处罚金；情节严重的，处五年以上十年以下有期徒刑，并处罚金。\n第三百五十九条　【引诱、容留、介绍卖淫罪】引诱、容留、介绍他人卖淫的，处五年以下有期徒刑、拘役或者管制，并处罚金；情节严重的，处五年以上有期徒刑，并处罚金。\n【引诱幼女卖淫罪】引诱不满十四周岁的幼女卖淫的，处五年以上有期徒刑，并处罚金。\n第三百六十条　【传播性病罪】明知自己患有梅毒、淋病等严重性病卖淫、嫖娼的，处五年以下有期徒刑、拘役或者管制，并处罚金。\n第三百六十一条　【特定单位的人员组织、强迫、引诱、容留、介绍卖淫的处理规定】旅馆业、饮食服务业、文化娱乐业、出租汽车业等单位的人员，利用本单位的条件，组织、强迫、引诱、容留、介绍他人卖淫的，依照本法第三百五十八条、第三百五十九条的规定定罪处罚。\n前款所列单位的主要负责人，犯前款罪的，从重处罚。\n第三百六十二条　【包庇罪】旅馆业、饮食服务业、文化娱乐业、出租汽车业等单位的人员，在公安机关查处卖淫、嫖娼活动时，为违法犯罪分子通风报信，情节严重的，依照本法第三百一十条的规定定罪处罚。\n第九节　制作、贩卖、传播淫秽物品罪\n第三百六十三条　【制作、复制、出版、贩卖、传播淫秽物品牟利罪】以牟利为目的，制作、复制、出版、贩卖、传播淫秽物品的，处三年以下有期徒刑、拘役或者管制，并处罚金；情节严重的，处三年以上十年以下有期徒刑，并处罚金；情节特别严重的，处十年以上有期徒刑或者无期徒刑，并处罚金或者没收财产。\n【为他人提供书号出版淫秽书刊罪】为他人提供书号，出版淫秽书刊的，处三年以下有期徒刑、拘役或者管制，并处或者单处罚金；明知他人用于出版淫秽书刊而提供书号的，依照前款的规定处罚。\n第三百六十四条　【传播淫秽物品罪】传播淫秽的书刊、影片、音像、图片或者其他淫秽物品，情节严重的，处二年以下有期徒刑、拘役或者管制。\n【组织播放淫秽音像制品罪】组织播放淫秽的电影、录像等音像制品的，处三年以下有期徒刑、拘役或者管制，并处罚金；情节严重的，处三年以上十年以下有期徒刑，并处罚金。\n制作、复制淫秽的电影、录像等音像制品组织播放的，依照第二款的规定从重处罚。\n向不满十八周岁的未成年人传播淫秽物品的，从重处罚。\n第三百六十五条　【组织淫秽表演罪】组织进行淫秽表演的，处三年以下有期徒刑、拘役或者管制，并处罚金；情节严重的，处三年以上十年以下有期徒刑，并处罚金。\n第三百六十六条　【单位犯本节规定之罪的处罚】单位犯本节第三百六十三条、第三百六十四条、第三百六十五条规定之罪的，对单位判处罚金，并对其直接负责的主管人员和其他直接责任人员，依照各该条的规定处罚。\n第三百六十七条　【淫秽物品的范围】本法所称淫秽物品，是指具体描绘性行为或者露骨宣扬色情的诲淫性的书刊、影片、录像带、录音带、图片及其他淫秽物品。\n有关人体生理、医学知识的科学著作不是淫秽物品。\n包含有色情内容的有艺术价值的文学、艺术作品不视为淫秽物品。\n第七章　危害国防利益罪\n第三百六十八条　【阻碍军人执行职务罪】以暴力、威胁方法阻碍军人依法执行职务的，处三年以下有期徒刑、拘役、管制或者罚金。\n【阻碍军事行动罪】故意阻碍武装部队军事行动，造成严重后果的，处五年以下有期徒刑或者拘役。\n第三百六十九条　【破坏武器装备、军事设施、军事通信罪】破坏武器装备、军事设施、军事通信的，处三年以下有期徒刑、拘役或者管制；破坏重要武器装备、军事设施、军事通信的，处三年以上十年以下有期徒刑；情节特别严重的，处十年以上有期徒刑、无期徒刑或者死刑。\n【过失损坏武器装备、军事设施、军事通信罪】过失犯前款罪，造成严重后果的，处三年以下有期徒刑或者拘役；造成特别严重后果的，处三年以上七年以下有期徒刑。\n战时犯前两款罪的，从重处罚。\n第三百七十条　【故意提供不合格武器装备、军事设施罪】明知是不合格的武器装备、军事设施而提供给武装部队的，处五年以下有期徒刑或者拘役；情节严重的，处五年以上十年以下有期徒刑；情节特别严重的，处十年以上有期徒刑、无期徒刑或者死刑。\n【过失提供不合格武器装备、军事设施罪】过失犯前款罪，造成严重后果的，处三年以下有期徒刑或者拘役；造成特别严重后果的，处三年以上七年以下有期徒刑。\n单位犯第一款罪的，对单位判处罚金，并对其直接负责的主管人员和其他直接责任人员，依照第一款的规定处罚。\n第三百七十一条　【聚众冲击军事禁区罪】聚众冲击军事禁区，严重扰乱军事禁区秩序的，对首要分子，处五年以上十年以下有期徒刑；对其他积极参加的，处五年以下有期徒刑、拘役、管制或者剥夺政治权利。\n【聚众扰乱军事管理区秩序罪】聚众扰乱军事管理区秩序，情节严重，致使军事管理区工作无法进行，造成严重损失的，对首要分子，处三年以上七年以下有期徒刑；对其他积极参加的，处三年以下有期徒刑、拘役、管制或者剥夺政治权利。\n第三百七十二条　【冒充军人招摇撞骗罪】冒充军人招摇撞骗的，处三年以下有期徒刑、拘役、管制或者剥夺政治权利；情节严重的，处三年以上十年以下有期徒刑。\n第三百七十三条　【煽动军人逃离部队罪；雇用逃离部队军人罪】煽动军人逃离部队或者明知是逃离部队的军人而雇用，情节严重的，处三年以下有期徒刑、拘役或者管制。\n第三百七十四条　【接送不合格兵员罪】在征兵工作中徇私舞弊，接送不合格兵员，情节严重的，处三年以下有期徒刑或者拘役；造成特别严重后果的，处三年以上七年以下有期徒刑。\n第三百七十五条　【伪造、变造、买卖武装部队公文、证件、印章罪；盗窃、抢夺武装部队公文、证件、印章罪】伪造、变造、买卖或者盗窃、抢夺武装部队公文、证件、印章的，处三年以下有期徒刑、拘役、管制或者剥夺政治权利；情节严重的，处三年以上十年以下有期徒刑。\n【非法生产、买卖武装部队制式服装罪】非法生产、买卖武装部队制式服装，情节严重的，处三年以下有期徒刑、拘役或者管制，并处或者单处罚金。\n【伪造、盗窃、买卖、非法提供、非法使用武装部队专用标志罪】伪造、盗窃、买卖或者非法提供、使用武装部队车辆号牌等专用标志，情节严重的，处三年以下有期徒刑、拘役或者管制，并处或者单处罚金；情节特别严重的，处三年以上七年以下有期徒刑，并处罚金。\n单位犯第二款、第三款罪的，对单位判处罚金，并对其直接负责的主管人员和其他直接责任人员，依照各该款的规定处罚。\n第三百七十六条　【战时拒绝、逃避征召、军事训练罪】预备役人员战时拒绝、逃避征召或者军事训练，情节严重的，处三年以下有期徒刑或者拘役。\n【战时拒绝、逃避服役罪】公民战时拒绝、逃避服役，情节严重的，处二年以下有期徒刑或者拘役。\n第三百七十七条　【战时故意提供虚假敌情罪】战时故意向武装部队提供虚假敌情，造成严重后果的，处三年以上十年以下有期徒刑；造成特别严重后果的，处十年以上有期徒刑或者无期徒刑。\n第三百七十八条　【战时造谣扰乱军心罪】战时造谣惑众，扰乱军心的，处三年以下有期徒刑、拘役或者管制；情节严重的，处三年以上十年以下有期徒刑。\n第三百七十九条　【战时窝藏逃离部队军人罪】战时明知是逃离部队的军人而为其提供隐蔽处所、财物，情节严重的，处三年以下有期徒刑或者拘役。\n第三百八十条　【战时拒绝、故意延误军事订货罪】战时拒绝或者故意延误军事订货，情节严重的，对单位判处罚金，并对其直接负责的主管人员和其他直接责任人员，处五年以下有期徒刑或者拘役；造成严重后果的，处五年以上有期徒刑。\n第三百八十一条　【战时拒绝军事征收、征用罪】战时拒绝军事征收、征用，情节严重的，处三年以下有期徒刑或者拘役。\n第八章　贪污贿赂罪\n第三百八十二条　【贪污罪】国家工作人员利用职务上的便利，侵吞、窃取、骗取或者以其他手段非法占有公共财物的，是贪污罪。\n受国家机关、国有公司、企业、事业单位、人民团体委托管理、经营国有财产的人员，利用职务上的便利，侵吞、窃取、骗取或者以其他手段非法占有国有财物的，以贪污论。\n与前两款所列人员勾结，伙同贪污的，以共犯论处。\n第三百八十三条　【贪污罪、受贿罪的处罚规定】对犯贪污罪的，根据情节轻重，分别依照下列规定处罚：\n（一）贪污数额较大或者有其他较重情节的，处三年以下有期徒刑或者拘役，并处罚金。\n（二）贪污数额巨大或者有其他严重情节的，处三年以上十年以下有期徒刑，并处罚金或者没收财产。\n（三）贪污数额特别巨大或者有其他特别严重情节的，处十年以上有期徒刑或者无期徒刑，并处罚金或者没收财产；数额特别巨大，并使国家和人民利益遭受特别重大损失的，处无期徒刑或者死刑，并处没收财产。\n对多次贪污未经处理的，按照累计贪污数额处罚。\n犯第一款罪，在提起公诉前如实供述自己罪行、真诚悔罪、积极退赃，避免、减少损害结果的发生，有第一项规定情形的，可以从轻、减轻或者免除处罚；有第二项、第三项规定情形的，可以从轻处罚。\n犯第一款罪，有第三项规定情形被判处死刑缓期执行的，人民法院根据犯罪情节等情况可以同时决定在其死刑缓期执行二年期满依法减为无期徒刑后，终身监禁，不得减刑、假释。\n第三百八十四条　【挪用公款罪】国家工作人员利用职务上的便利，挪用公款归个人使用，进行非法活动的，或者挪用公款数额较大、进行营利活动的，或者挪用公款数额较大、超过三个月未还的，是挪用公款罪，处五年以下有期徒刑或者拘役；情节严重的，处五年以上有期徒刑。挪用公款数额巨大不退还的，处十年以上有期徒刑或者无期徒刑。\n挪用用于救灾、抢险、防汛、优抚、扶贫、移民、救济款物归个人使用的，从重处罚。\n第三百八十五条　【受贿罪】国家工作人员利用职务上的便利，索取他人财物的，或者非法收受他人财物，为他人谋取利益的，是受贿罪。\n国家工作人员在经济往来中，违反国家规定，收受各种名义的回扣、手续费，归个人所有的，以受贿论处。\n第三百八十六条　【受贿罪的处罚规定】对犯受贿罪的，根据受贿所得数额及情节，依照本法第三百八十三条的规定处罚。索贿的从重处罚。\n第三百八十七条　【单位受贿罪】国家机关、国有公司、企业、事业单位、人民团体，索取、非法收受他人财物，为他人谋取利益，情节严重的，对单位判处罚金，并对其直接负责的主管人员和其他直接责任人员，处五年以下有期徒刑或者拘役。\n前款所列单位，在经济往来中，在帐外暗中收受各种名义的回扣、手续费的，以受贿论，依照前款的规定处罚。\n第三百八十八条　【斡旋型受贿罪】国家工作人员利用本人职权或者地位形成的便利条件，通过其他国家工作人员职务上的行为，为请托人谋取不正当利益，索取请托人财物或者收受请托人财物的，以受贿论处。\n第三百八十八条之一　【利用影响力受贿罪】国家工作人员的近亲属或者其他与该国家工作人员关系密切的人，通过该国家工作人员职务上的行为，或者利用该国家工作人员职权或者地位形成的便利条件，通过其他国家工作人员职务上的行为，为请托人谋取不正当利益，索取请托人财物或者收受请托人财物，数额较大或者有其他较重情节的，处三年以下有期徒刑或者拘役，并处罚金；数额巨大或者有其他严重情节的，处三年以上七年以下有期徒刑，并处罚金；数额特别巨大或者有其他特别严重情节的，处七年以上有期徒刑，并处罚金或者没收财产。\n离职的国家工作人员或者其近亲属以及其他与其关系密切的人，利用该离职的国家工作人员原职权或者地位形成的便利条件实施前款行为的，依照前款的规定定罪处罚。\n第三百八十九条　【行贿罪】为谋取不正当利益，给予国家工作人员以财物的，是行贿罪。\n在经济往来中，违反国家规定，给予国家工作人员以财物，数额较大的，或者违反国家规定，给予国家工作人员以各种名义的回扣、手续费的，以行贿论处。\n因被勒索给予国家工作人员以财物，没有获得不正当利益的，不是行贿。\n第三百九十条　【行贿罪的处罚规定】对犯行贿罪的，处五年以下有期徒刑或者拘役，并处罚金；因行贿谋取不正当利益，情节严重的，或者使国家利益遭受重大损失的，处五年以上十年以下有期徒刑，并处罚金；情节特别严重的，或者使国家利益遭受特别重大损失的，处十年以上有期徒刑或者无期徒刑，并处罚金或者没收财产。\n行贿人在被追诉前主动交待行贿行为的，可以从轻或者减轻处罚。其中，犯罪较轻的，对侦破重大案件起关键作用的，或者有重大立功表现的，可以减轻或者免除处罚。\n第三百九十条之一　【对有影响力的人行贿罪】为谋取不正当利益，向国家工作人员的近亲属或者其他与该国家工作人员关系密切的人，或者向离职的国家工作人员或者其近亲属以及其他与其关系密切的人行贿的，处三年以下有期徒刑或者拘役，并处罚金；情节严重的，或者使国家利益遭受重大损失的，处三年以上七年以下有期徒刑，并处罚金；情节特别严重的，或者使国家利益遭受特别重大损失的，处七年以上十年以下有期徒刑，并处罚金。\n单位犯前款罪的，对单位判处罚金，并对其直接负责的主管人员和其他直接责任人员，处三年以下有期徒刑或者拘役，并处罚金。\n第三百九十一条　【对单位行贿罪】为谋取不正当利益，给予国家机关、国有公司、企业、事业单位、人民团体以财物的，或者在经济往来中，违反国家规定，给予各种名义的回扣、手续费的，处三年以下有期徒刑或者拘役，并处罚金。\n单位犯前款罪的，对单位判处罚金，并对其直接负责的主管人员和其他直接责任人员，依照前款的规定处罚。\n第三百九十二条　【介绍贿赂罪】向国家工作人员介绍贿赂，情节严重的，处三年以下有期徒刑或者拘役，并处罚金。\n介绍贿赂人在被追诉前主动交待介绍贿赂行为的，可以减轻处罚或者免除处罚。\n第三百九十三条　【单位行贿罪】单位为谋取不正当利益而行贿，或者违反国家规定，给予国家工作人员以回扣、手续费，情节严重的，对单位判处罚金，并对其直接负责的主管人员和其他直接责任人员，处五年以下有期徒刑或者拘役，并处罚金。因行贿取得的违法所得归个人所有的，依照本法第三百八十九条、第三百九十条的规定定罪处罚。\n第三百九十四条　【贪污罪】国家工作人员在国内公务活动或者对外交往中接受礼物，依照国家规定应当交公而不交公，数额较大的，依照本法第三百八十二条、第三百八十三条的规定定罪处罚。\n第三百九十五条　【巨额财产来源不明罪】国家工作人员的财产、支出明显超过合法收入，差额巨大的，可以责令该国家工作人员说明来源，不能说明来源的，差额部分以非法所得论，处五年以下有期徒刑或者拘役；差额特别巨大的，处五年以上十年以下有期徒刑。财产的差额部分予以追缴。\n【隐瞒境外存款罪】国家工作人员在境外的存款，应当依照国家规定申报。数额较大、隐瞒不报的，处二年以下有期徒刑或者拘役；情节较轻的，由其所在单位或者上级主管机关酌情给予行政处分。\n第三百九十六条　【私分国有资产罪】国家机关、国有公司、企业、事业单位、人民团体，违反国家规定，以单位名义将国有资产集体私分给个人，数额较大的，对其直接负责的主管人员和其他直接责任人员，处三年以下有期徒刑或者拘役，并处或者单处罚金；数额巨大的，处三年以上七年以下有期徒刑，并处罚金。\n【私分罚没财物罪】司法机关、行政执法机关违反国家规定，将应当上缴国家的罚没财物，以单位名义集体私分给个人的，依照前款的规定处罚。\n第九章　渎职罪\n第三百九十七条　【滥用职权罪；玩忽职守罪】国家机关工作人员滥用职权或者玩忽职守，致使公共财产、国家和人民利益遭受重大损失的，处三年以下有期徒刑或者拘役；情节特别严重的，处三年以上七年以下有期徒刑。本法另有规定的，依照规定。\n国家机关工作人员徇私舞弊，犯前款罪的，处五年以下有期徒刑或者拘役；情节特别严重的，处五年以上十年以下有期徒刑。本法另有规定的，依照规定。\n第三百九十八条　【故意泄露国家秘密罪；过失泄露国家秘密罪】国家机关工作人员违反保守国家秘密法的规定，故意或者过失泄露国家秘密，情节严重的，处三年以下有期徒刑或者拘役；情节特别严重的，处三年以上七年以下有期徒刑。\n非国家机关工作人员犯前款罪的，依照前款的规定酌情处罚。\n第三百九十九条　【徇私枉法罪】司法工作人员徇私枉法、徇情枉法，对明知是无罪的人而使他受追诉、对明知是有罪的人而故意包庇不使他受追诉，或者在刑事审判活动中故意违背事实和法律作枉法裁判的，处五年以下有期徒刑或者拘役；情节严重的，处五年以上十年以下有期徒刑；情节特别严重的，处十年以上有期徒刑。\n【民事、行政枉法裁判罪】在民事、行政审判活动中故意违背事实和法律作枉法裁判，情节严重的，处五年以下有期徒刑或者拘役；情节特别严重的，处五年以上十年以下有期徒刑。\n【执行判决、裁定失职罪；执行判决、裁定滥用职权罪】在执行判决、裁定活动中，严重不负责任或者滥用职权，不依法采取诉讼保全措施、不履行法定执行职责，或者违法采取诉讼保全措施、强制执行措施，致使当事人或者其他人的利益遭受重大损失的，处五年以下有期徒刑或者拘役；致使当事人或者其他人的利益遭受特别重大损失的，处五年以上十年以下有期徒刑。\n【择一重处】司法工作人员收受贿赂，有前三款行为的，同时又构成本法第三百八十五条规定之罪的，依照处罚较重的规定定罪处罚。\n第三百九十九条之一　【枉法仲裁罪】依法承担仲裁职责的人员，在仲裁活动中故意违背事实和法律作枉法裁决，情节严重的，处三年以下有期徒刑或者拘役；情节特别严重的，处三年以上七年以下有期徒刑。\n第四百条　【私放在押人员罪】司法工作人员私放在押的犯罪嫌疑人、被告人或者罪犯的，处五年以下有期徒刑或者拘役；情节严重的，处五年以上十年以下有期徒刑；情节特别严重的，处十年以上有期徒刑。\n【失职致使在押人员脱逃罪】司法工作人员由于严重不负责任，致使在押的犯罪嫌疑人、被告人或者罪犯脱逃，造成严重后果的，处三年以下有期徒刑或者拘役；造成特别严重后果的，处三年以上十年以下有期徒刑。\n第四百零一条　【徇私舞弊减刑、假释、暂予监外执行罪】司法工作人员徇私舞弊，对不符合减刑、假释、暂予监外执行条件的罪犯，予以减刑、假释或者暂予监外执行的，处三年以下有期徒刑或者拘役；情节严重的，处三年以上七年以下有期徒刑。\n第四百零二条　【徇私舞弊不移交刑事案件罪】行政执法人员徇私舞弊，对依法应当移交司法机关追究刑事责任的不移交，情节严重的，处三年以下有期徒刑或者拘役；造成严重后果的，处三年以上七年以下有期徒刑。\n第四百零三条　【滥用管理公司、证券职权罪】国家有关主管部门的国家机关工作人员，徇私舞弊，滥用职权，对不符合法律规定条件的公司设立、登记申请或者股票、债券发行、上市申请，予以批准或者登记，致使公共财产、国家和人民利益遭受重大损失的，处五年以下有期徒刑或者拘役。\n上级部门强令登记机关及其工作人员实施前款行为的，对其直接负责的主管人员，依照前款的规定处罚。\n第四百零四条　【徇私舞弊不征、少征税款罪】税务机关的工作人员徇私舞弊，不征或者少征应征税款，致使国家税收遭受重大损失的，处五年以下有期徒刑或者拘役；造成特别重大损失的，处五年以上有期徒刑。\n第四百零五条　【徇私舞弊发售发票、抵扣税款、出口退税罪】税务机关的工作人员违反法律、行政法规的规定，在办理发售发票、抵扣税款、出口退税工作中，徇私舞弊，致使国家利益遭受重大损失的，处五年以下有期徒刑或者拘役；致使国家利益遭受特别重大损失的，处五年以上有期徒刑。\n【违法提供出口退税证罪】其他国家机关工作人员违反国家规定，在提供出口货物报关单、出口收汇核销单等出口退税凭证的工作中，徇私舞弊，致使国家利益遭受重大损失的，依照前款的规定处罚。\n第四百零六条　【国家机关工作人员签订、履行合同失职被骗罪】国家机关工作人员在签订、履行合同过程中，因严重不负责任被诈骗，致使国家利益遭受重大损失的，处三年以下有期徒刑或者拘役；致使国家利益遭受特别重大损失的，处三年以上七年以下有期徒刑。\n第四百零七条　【违法发放林木采伐许可证罪】林业主管部门的工作人员违反森林法的规定，超过批准的年采伐限额发放林木采伐许可证或者违反规定滥发林木采伐许可证，情节严重，致使森林遭受严重破坏的，处三年以下有期徒刑或者拘役。\n第四百零八条　【环境监管失职罪】负有环境保护监督管理职责的国家机关工作人员严重不负责任，导致发生重大环境污染事故，致使公私财产遭受重大损失或者造成人身伤亡的严重后果的，处三年以下有期徒刑或者拘役。\n第四百零八条之一　【食品、药品监管渎职罪】负有食品药品安全监督管理职责的国家机关工作人员，滥用职权或者玩忽职守，有下列情形之一，造成严重后果或者有其他严重情节的，处五年以下有期徒刑或者拘役；造成特别严重后果或者有其他特别严重情节的，处五年以上十年以下有期徒刑：\n（一）瞒报、谎报食品安全事故、药品安全事件的；\n（二）对发现的严重食品药品安全违法行为未按规定查处的；\n（三）在药品和特殊食品审批审评过程中，对不符合条件的申请准予许可的；\n（四）依法应当移交司法机关追究刑事责任不移交的；\n（五）有其他滥用职权或者玩忽职守行为的 [14]  。\n徇私舞弊犯前款罪的，从重处罚。\n第四百零九条　【传染病防治失职罪】从事传染病防治的政府卫生行政部门的工作人员严重不负责任，导致传染病传播或者流行，情节严重的，处三年以下有期徒刑或者拘役。\n第四百一十条　【非法批准征收、征用、占用土地罪；非法低价出让国有土地使用权罪】国家机关工作人员徇私舞弊，违反土地管理法规，滥用职权，非法批准征收、征用、占用土地，或者非法低价出让国有土地使用权，情节严重的，处三年以下有期徒刑或者拘役；致使国家或者集体利益遭受特别重大损失的，处三年以上七年以下有期徒刑。\n第四百一十一条　【放纵走私罪】海关工作人员徇私舞弊，放纵走私，情节严重的，处五年以下有期徒刑或者拘役；情节特别严重的，处五年以上有期徒刑。\n第四百一十二条　【商检徇私舞弊罪】国家商检部门、商检机构的工作人员徇私舞弊，伪造检验结果的，处五年以下有期徒刑或者拘役；造成严重后果的，处五年以上十年以下有期徒刑。\n【商检失职罪】前款所列人员严重不负责任，对应当检验的物品不检验，或者延误检验出证、错误出证，致使国家利益遭受重大损失的，处三年以下有期徒刑或者拘役。\n第四百一十三条　【动植物检疫徇私舞弊罪】动植物检疫机关的检疫人员徇私舞弊，伪造检疫结果的，处五年以下有期徒刑或者拘役；造成严重后果的，处五年以上十年以下有期徒刑。\n【动植物检疫失职罪】前款所列人员严重不负责任，对应当检疫的检疫物不检疫，或者延误检疫出证、错误出证，致使国家利益遭受重大损失的，处三年以下有期徒刑或者拘役。\n第四百一十四条　【放纵制售伪劣商品犯罪行为罪】对生产、销售伪劣商品犯罪行为负有追究责任的国家机关工作人员，徇私舞弊，不履行法律规定的追究职责，情节严重的，处五年以下有期徒刑或者拘役。\n第四百一十五条　【办理偷越国（边）境人员出入境证件罪；放行偷越国（边）境人员罪】负责办理护照、签证以及其他出入境证件的国家机关工作人员，对明知是企图偷越国（边）境的人员，予以办理出入境证件的，或者边防、海关等国家机关工作人员，对明知是偷越国（边）境的人员，予以放行的，处三年以下有期徒刑或者拘役；情节严重的，处三年以上七年以下有期徒刑。\n第四百一十六条　【不解救被拐卖、绑架妇女、儿童罪】对被拐卖、绑架的妇女、儿童负有解救职责的国家机关工作人员，接到被拐卖、绑架的妇女、儿童及其家属的解救要求或者接到其他人的举报，而对被拐卖、绑架的妇女、儿童不进行解救，造成严重后果的，处五年以下有期徒刑或者拘役。\n【阻碍解救被拐卖、绑架妇女、儿童罪】负有解救职责的国家机关工作人员利用职务阻碍解救的，处二年以上七年以下有期徒刑；情节较轻的，处二年以下有期徒刑或者拘役。\n第四百一十七条　【帮助犯罪分子逃避处罚罪】有查禁犯罪活动职责的国家机关工作人员，向犯罪分子通风报信、提供便利，帮助犯罪分子逃避处罚的，处三年以下有期徒刑或者拘役；情节严重的，处三年以上十年以下有期徒刑。\n第四百一十八条　【招收公务员、学生徇私舞弊罪】国家机关工作人员在招收公务员、学生工作中徇私舞弊，情节严重的，处三年以下有期徒刑或者拘役。\n第四百一十九条　【失职造成珍贵文物损毁、流失罪】国家机关工作人员严重不负责任，造成珍贵文物损毁或者流失，后果严重的，处三年以下有期徒刑或者拘役。\n第十章　军人违反职责罪\n第四百二十条　【军人违反职责罪的界定】军人违反职责，危害国家军事利益，依照法律应当受刑罚处罚的行为，是军人违反职责罪。\n第四百二十一条　【战时违抗命令罪】战时违抗命令，对作战造成危害的，处三年以上十年以下有期徒刑；致使战斗、战役遭受重大损失的，处十年以上有期徒刑、无期徒刑或者死刑。\n第四百二十二条　【隐瞒、谎报军情罪；拒传、假传军令罪】故意隐瞒、谎报军情或者拒传、假传军令，对作战造成危害的，处三年以上十年以下有期徒刑；致使战斗、战役遭受重大损失的，处十年以上有期徒刑、无期徒刑或者死刑。\n第四百二十三条　【投降罪】在战场上贪生怕死，自动放下武器投降敌人的，处三年以上十年以下有期徒刑；情节严重的，处十年以上有期徒刑或者无期徒刑。\n投降后为敌人效劳的，处十年以上有期徒刑、无期徒刑或者死刑。\n第四百二十四条　【战时临阵脱逃罪】战时临阵脱逃的，处三年以下有期徒刑；情节严重的，处三年以上十年以下有期徒刑；致使战斗、战役遭受重大损失的，处十年以上有期徒刑、无期徒刑或者死刑。\n第四百二十五条　【擅离、玩忽军事职守罪】指挥人员和值班、值勤人员擅离职守或者玩忽职守，造成严重后果的，处三年以下有期徒刑或者拘役；造成特别严重后果的，处三年以上七年以下有期徒刑。\n战时犯前款罪的，处五年以上有期徒刑。\n第四百二十六条　【阻碍执行军事职务罪】以暴力、威胁方法，阻碍指挥人员或者值班、值勤人员执行职务的，处五年以下有期徒刑或者拘役；情节严重的，处五年以上十年以下有期徒刑；情节特别严重的，处十年以上有期徒刑或者无期徒刑。战时从重处罚。\n第四百二十七条　【指使部属违反职责罪】滥用职权，指使部属进行违反职责的活动，造成严重后果的，处五年以下有期徒刑或者拘役；情节特别严重的，处五年以上十年以下有期徒刑。\n第四百二十八条　【违令作战消极罪】指挥人员违抗命令，临阵畏缩，作战消极，造成严重后果的，处五年以下有期徒刑；致使战斗、战役遭受重大损失或者有其他特别严重情节的，处五年以上有期徒刑。\n第四百二十九条　【拒不救援友邻部队罪】在战场上明知友邻部队处境危急请求救援，能救援而不救援，致使友邻部队遭受重大损失的，对指挥人员，处五年以下有期徒刑。\n第四百三十条　【军人叛逃罪】在履行公务期间，擅离岗位，叛逃境外或者在境外叛逃，危害国家军事利益的，处五年以下有期徒刑或者拘役；情节严重的，处五年以上有期徒刑。\n驾驶航空器、舰船叛逃的，或者有其他特别严重情节的，处十年以上有期徒刑、无期徒刑或者死刑。\n第四百三十一条　【非法获取军事秘密罪】以窃取、刺探、收买方法，非法获取军事秘密的，处五年以下有期徒刑；情节严重的，处五年以上十年以下有期徒刑；情节特别严重的，处十年以上有期徒刑。\n【为境外窃取、刺探、收买、非法提供军事秘密罪】为境外的机构、组织、人员窃取、刺探、收买、非法提供军事秘密的，处五年以上十年以下有期徒刑；情节严重的，处十年以上有期徒刑、无期徒刑或者死刑 [14]  。\n第四百三十二条　【故意泄露军事秘密罪；过失泄露军事秘密罪】违反保守国家秘密法规，故意或者过失泄露军事秘密，情节严重的，处五年以下有期徒刑或者拘役；情节特别严重的，处五年以上十年以下有期徒刑。\n战时犯前款罪的，处五年以上十年以下有期徒刑；情节特别严重的，处十年以上有期徒刑或者无期徒刑。\n第四百三十三条　【战时造谣惑众罪】战时造谣惑众，动摇军心的，处三年以下有期徒刑；情节严重的，处三年以上十年以下有期徒刑；情节特别严重的，处十年以上有期徒刑或者无期徒刑。\n第四百三十四条　【战时自伤罪】战时自伤身体，逃避军事义务的，处三年以下有期徒刑；情节严重的，处三年以上七年以下有期徒刑。\n第四百三十五条　【逃离部队罪】违反兵役法规，逃离部队，情节严重的，处三年以下有期徒刑或者拘役。\n战时犯前款罪的，处三年以上七年以下有期徒刑。\n第四百三十六条　【武器装备肇事罪】违反武器装备使用规定，情节严重，因而发生责任事故，致人重伤、死亡或者造成其他严重后果的，处三年以下有期徒刑或者拘役；后果特别严重的，处三年以上七年以下有期徒刑。\n第四百三十七条　【擅自改变武器装备编配用途罪】违反武器装备管理规定，擅自改变武器装备的编配用途，造成严重后果的，处三年以下有期徒刑或者拘役；造成特别严重后果的，处三年以上七年以下有期徒刑。\n第四百三十八条　【盗窃、抢夺武器装备、军用物资罪】盗窃、抢夺武器装备或者军用物资的，处五年以下有期徒刑或者拘役；情节严重的，处五年以上十年以下有期徒刑；情节特别严重的，处十年以上有期徒刑、无期徒刑或者死刑。\n【盗窃、抢夺枪支、弹药、爆炸物、危险物质罪】盗窃、抢夺枪支、弹药、爆炸物的，依照本法第一百二十七条的规定处罚。\n第四百三十九条　【非法出卖、转让武器装备罪】非法出卖、转让军队武器装备的，处三年以上十年以下有期徒刑；出卖、转让大量武器装备或者有其他特别严重情节的，处十年以上有期徒刑、无期徒刑或者死刑。\n第四百四十条　【遗弃武器装备罪】违抗命令，遗弃武器装备的，处五年以下有期徒刑或者拘役；遗弃重要或者大量武器装备的，或者有其他严重情节的，处五年以上有期徒刑。\n第四百四十一条　【遗失武器装备罪】遗失武器装备，不及时报告或者有其他严重情节的，处三年以下有期徒刑或者拘役。\n第四百四十二条　【擅自出卖、转让军队房地产罪】违反规定，擅自出卖、转让军队房地产，情节严重的，对直接责任人员，处三年以下有期徒刑或者拘役；情节特别严重的，处三年以上十年以下有期徒刑。\n第四百四十三条　【虐待部属罪】滥用职权，虐待部属，情节恶劣，致人重伤或者造成其他严重后果的，处五年以下有期徒刑或者拘役；致人死亡的，处五年以上有期徒刑。\n第四百四十四条　【遗弃伤病军人罪】在战场上故意遗弃伤病军人，情节恶劣的，对直接责任人员，处五年以下有期徒刑。\n第四百四十五条　【战时拒不救治伤病军人罪】战时在救护治疗职位上，有条件救治而拒不救治危重伤病军人的，处五年以下有期徒刑或者拘役；造成伤病军人重残、死亡或者有其他严重情节的，处五年以上十年以下有期徒刑。\n第四百四十六条　【战时残害居民、掠夺居民财物罪】战时在军事行动地区，残害无辜居民或者掠夺无辜居民财物的，处五年以下有期徒刑；情节严重的，处五年以上十年以下有期徒刑；情节特别严重的，处十年以上有期徒刑、无期徒刑或者死刑。\n第四百四十七条　【私放俘虏罪】私放俘虏的，处五年以下有期徒刑；私放重要俘虏、私放俘虏多人或者有其他严重情节的，处五年以上有期徒刑。\n第四百四十八条　【虐待俘虏罪】虐待俘虏，情节恶劣的，处三年以下有期徒刑。\n第四百四十九条　【战时缓刑】在战时，对被判处三年以下有期徒刑没有现实危险宣告缓刑的犯罪军人，允许其戴罪立功，确有立功表现时，可以撤销原判刑罚，不以犯罪论处。\n第四百五十条　【本章适用的主体范围】本章适用于中国人民解放军的现役军官、文职干部、士兵及具有军籍的学员和中国人民武装警察部队的现役警官、文职干部、士兵及具有军籍的学员以及文职人员、执行军事任务的预备役人员和其他人员 [14]  。\n第四百五十一条　【战时的界定】本章所称战时，是指国家宣布进入战争状态、部队受领作战任务或者遭敌突然袭击时。\n部队执行戒严任务或者处置突发性暴力事件时，以战时论。\n附 则\n第四百五十二条　【本法施行日期】本法自1997年10月1日起施行。\n【废止的规范】列于本法附件一的全国人民代表大会常务委员会制定的条例、补充规定和决定，已纳入本法或者已不适用，自本法施行之日起，予以废止。\n【保留的规范】列于本法附件二的全国人民代表大会常务委员会制定的补充规定和决定予以保留。其中，有关行政处罚和行政措施的规定继续有效；有关刑事责任的规定已纳入本法，自本法施行之日起，适用本法规定。', 1, '2022-07-13 20:21:57', 1, '2022-07-13 20:21:57');
INSERT INTO `lc_law_article` VALUES (3, 200, '中华人民共和国治安管理法', '目  录\n\n    第一章  总  则\n\n    第二章  处罚的种类和适用\n\n    第三章  违反治安管理的行为和处罚\n\n    第一节  扰乱公共秩序的行为和处罚\n\n    第二节  妨害公共安全的行为和处罚\n\n    第三节  侵犯人身权利、财产权利的行为和处罚\n\n    第四节  妨害社会管理的行为和处罚\n\n    第四章  处罚程序\n\n    第一节  调  查\n\n    第二节  决  定\n\n    第三节  执  行\n\n    第五章  执法监督\n\n    第六章  附  则\n\n   \n\n    第一章  总  则\n\n    第一条  为维护社会治安秩序，保障公共安全，保护公民、法人和其他组织的合法权益，规范和保障公安机关及其人民警察依法履行治安管理职责，制定本法。\n\n    第二条  扰乱公共秩序，妨害公共安全，侵犯人身权利、财产权利，妨害社会管理，具有社会危害性，依照《中华人民共和国刑法》的规定构成犯罪的，依法追究刑事责任；尚不够刑事处罚的，由公安机关依照本法给予治安管理处罚。\n\n    第三条  治安管理处罚的程序，适用本法的规定；本法没有规定的，适用《中华人民共和国行政处罚法》的有关规定。\n\n    第四条  在中华人民共和国领域内发生的违反治安管理行为，除法律有特别规定的外，适用本法。\n\n    在中华人民共和国船舶和航空器内发生的违反治安管理行为，除法律有特别规定的外，适用本法。\n\n    第五条  治安管理处罚必须以事实为依据，与违反治安管理行为的性质、情节以及社会危害程度相当。\n\n    实施治安管理处罚，应当公开、公正，尊重和保障人权，保护公民的人格尊严。\n\n    办理治安案件应当坚持教育与处罚相结合的原则。\n\n    第六条  各级人民政府应当加强社会治安综合治理，采取有效措施，化解社会矛盾，增进社会和谐，维护社会稳定。\n\n    第七条  国务院公安部门负责全国的治安管理工作。县级以上地方各级人民政府公安机关负责本行政区域内的治安管理工作。\n\n    治安案件的管辖由国务院公安部门规定。\n\n    第八条  违反治安管理的行为对他人造成损害的，行为人或者其监护人应当依法承担民事责任。\n\n    第九条  对于因民间纠纷引起的打架斗殴或者损毁他人财物等违反治安管理行为，情节较轻的，公安机关可以调解处理。经公安机关调解，当事人达成协议的，不予处罚。经调解未达成协议或者达成协议后不履行的，公安机关应当依照本法的规定对违反治安管理行为人给予处罚，并告知当事人可以就民事争议依法向人民法院提起民事诉讼。\n\n    第二章  处罚的种类和适用\n\n    第十条  治安管理处罚的种类分为：\n\n    (一)警告；\n\n    (二)罚款；\n\n    (三)行政拘留；\n\n    (四)吊销公安机关发放的许可证。\n\n    对违反治安管理的外国人，可以附加适用限期出境或者驱逐出境。\n\n    第十一条  办理治安案件所查获的毒品、淫秽物品等违禁品，赌具、赌资，吸食、注射毒品的用具以及直接用于实施违反治安管理行为的本人所有的工具，应当收缴，按照规定处理。\n\n    违反治安管理所得的财物，追缴退还被侵害人；没有被侵害人的，登记造册，公开拍卖或者按照国家有关规定处理，所得款项上缴国库。\n\n    第十二条  已满十四周岁不满十八周岁的人违反治安管理的，从轻或者减轻处罚；不满十四周岁的人违反治安管理的，不予处罚，但是应当责令其监护人严加管教。\n\n    第十三条  精神病人在不能辨认或者不能控制自己行为的时候违反治安管理的，不予处罚，但是应当责令其监护人严加看管和治疗。间歇性的精神病人在精神正常的时候违反治安管理的，应当给予处罚。\n\n    第十四条  盲人或者又聋又哑的人违反治安管理的，可以从轻、减轻或者不予处罚。\n\n    第十五条  醉酒的人违反治安管理的，应当给予处罚。  醉酒的人在醉酒状态中，对本人有危险或者对他人的人身、财产或者公共安全有威胁的，应当对其采取保护性措施约束至酒醒。\n\n    第十六条  有两种以上违反治安管理行为的，分别决定，合并执行。行政拘留处罚合并执行的，最长不超过二十日。\n\n    第十七条  共同违反治安管理的，根据违反治安管理行为人在违反治安管理行为中所起的作用，分别处罚。\n\n    教唆、胁迫、诱骗他人违反治安管理的，按照其教唆、胁迫、诱骗的行为处罚。\n\n    第十八条  单位违反治安管理的，对其直接负责的主管人员和其他直接责任人员依照本法的规定处罚。其他法律、行政法规对同一行为规定给予单位处罚的，依照其规定处罚。\n\n    第十九条  违反治安管理有下列情形之一的，减轻处罚或者不予处罚：\n\n    (一)情节特别轻微的；\n\n    (二)主动消除或者减轻违法后果，并取得被侵害人谅解的；\n\n    (三)出于他人胁迫或者诱骗的；\n\n    (四)主动投案，向公安机关如实陈述自己的违法行为的；\n\n    (五)有立功表现的。\n\n    第二十条  违反治安管理有下列情形之一的，从重处罚：\n\n    (一)有较严重后果的；\n\n    (二)教唆、胁迫、诱骗他人违反治安管理的；\n\n    (三)对报案人、控告人、举报人、证人打击报复的；\n\n    (四)六个月内曾受过治安管理处罚的。\n\n    第二十一条  违反治安管理行为人有下列情形之一，依照本法应当给予行政拘留处罚的，不执行行政拘留处罚：\n\n    (一)已满十四周岁不满十六周岁的；\n\n    (二)已满十六周岁不满十八周岁，初次违反治安管理的；\n\n    (三)七十周岁以上的；\n\n    (四)怀孕或者哺乳自己不满一周岁婴儿的。\n\n    第二十二条  违反治安管理行为在六个月内没有被公安机关发现的，不再处罚。\n\n    前款规定的期限，从违反治安管理行为发生之日起计算；违反治安管理行为有连续或者继续状态的，从行为终了之日起计算。\n\n    第三章  违反治安管理的行为和处罚\n\n    第一节  扰乱公共秩序的行为和处罚\n\n    第二十三条  有下列行为之一的，处警告或者二百元以下罚款；情节较重的，处五日以上十日以下拘留，可以并处五百元以下罚款：\n\n    (一)扰乱机关、团体、企业、事业单位秩序，致使工作、生产、营业、医疗、教学、科研不能正常进行，尚未造成严重损失的；\n\n    (二)扰乱车站、港口、码头、机场、商场、公园、展览馆或者其他公共场所秩序的；\n\n    (三)扰乱公共汽车、电车、火车、船舶、航空器或者其他公共交通工具上的秩序的；\n\n    (四)非法拦截或者强登、扒乘机动车、船舶、航空器以及其他交通工具，影响交通工具正常行驶的；\n\n    (五)破坏依法进行的选举秩序的。\n\n    聚众实施前款行为的，对首要分子处十日以上十五日以下拘留，可以并处一千元以下罚款。\n\n    第二十四条  有下列行为之一，扰乱文化、体育等大型群众性活动秩序的，处警告或者二百元以下罚款；情节严重的，处五日以上十日以下拘留，可以并处五百元以下罚款：\n\n    (一)强行进入场内的；\n\n    (二)违反规定，在场内燃放烟花爆竹或者其他物品的；\n\n    (三)展示侮辱性标语、条幅等物品的；\n\n    (四)围攻裁判员、运动员或者其他工作人员的；\n\n    (五)向场内投掷杂物，不听制止的；\n\n    (六)扰乱大型群众性活动秩序的其他行为。\n\n    因扰乱体育比赛秩序被处以拘留处罚的，可以同时责令其十二个月内不得进入体育场馆观看同类比赛；违反规定进入体育场馆的，强行带离现场。\n\n    第二十五条  有下列行为之一的，处五日以上十日以下拘留，可以并处五百元以下罚款；情节较轻的，处五日以下拘留或者五百元以下罚款：\n\n    (一)散布谣言，谎报险情、疫情、警情或者以其他方法故意扰乱公共秩序的；\n\n    (二)投放虚假的爆炸性、毒害性、放射性、腐蚀性物质或者传染病病原体等危险物质扰乱公共秩序的；\n\n    (三)扬言实施放火、爆炸、投放危险物质扰乱公共秩序的。\n\n    第二十六条  有下列行为之一的，处五日以上十日以下拘留，可以并处五百元以下罚款；情节较重的，处十日以上十五日以下拘留，可以并处一千元以下罚款：\n\n    (一)结伙斗殴的；\n\n    (二)追逐、拦截他人的；\n\n    (三)强拿硬要或者任意损毁、占用公私财物的；\n\n    (四)其他寻衅滋事行为。\n\n    第二十七条  有下列行为之一的，处十日以上十五日以下拘留，可以并处一千元以下罚款；情节较轻的，处五日以上十日以下拘留，可以并处五百元以下罚款：\n\n    (一)组织、教唆、胁迫、诱骗、煽动他人从事邪教、会道门活动或者利用邪教、会道门、迷信活动，扰乱社会秩序、损害他人身体健康的；\n\n    (二)冒用宗教、气功名义进行扰乱社会秩序、损害他人身体健康活动的。\n\n    第二十八条  违反国家规定，故意干扰无线电业务正常进行的，或者对正常运行的无线电台(站)产生有害干扰，经有关主管部门指出后，拒不采取有效措施消除的，处五日以上十日以下拘留；情节严重的，处十日以上十五日以下拘留。\n\n    第二十九条  有下列行为之一的，处五日以下拘留；情节较重的，处五日以上十日以下拘留：\n\n    (一)违反国家规定，侵入计算机信息系统，造成危害的；\n\n    (二)违反国家规定，对计算机信息系统功能进行删除、修改、增加、干扰，造成计算机信息系统不能正常运行的；\n\n    (三)违反国家规定，对计算机信息系统中存储、处理、传输的数据和应用程序进行删除、修改、增加的；\n\n    (四)故意制作、传播计算机病毒等破坏性程序，影响计算机信息系统正常运行的。\n\n    第二节  妨害公共安全的行为和处罚\n\n    第三十条  违反国家规定，制造、买卖、储存、运输、邮寄、携带、使用、提供、处置爆炸性、毒害性、放射性、腐蚀性物质或者传染病病原体等危险物质的，处十日以上十五日以下拘留；情节较轻的，处五日以上十日以下拘留。\n\n    第三十一条  爆炸性、毒害性、放射性、腐蚀性物质或者传染病病原体等危险物质被盗、被抢或者丢失，未按规定报告的，处五日以下拘留；故意隐瞒不报的，处五日以上十日以下拘留。\n\n    第三十二条  非法携带枪支、弹药或者弩、匕首等国家规定的管制器具的，处五日以下拘留，可以并处五百元以下罚款；情节较轻的，处警告或者二百元以下罚款。\n\n    非法携带枪支、弹药或者弩、匕首等国家规定的管制器具进入公共场所或者公共交通工具的，处五日以上十日以下拘留，可以并处五百元以下罚款。\n\n    第三十三条  有下列行为之一的，处十日以上十五日以下拘留：\n\n    (一)盗窃、损毁油气管道设施、电力电信设施、广播电视设施、水利防汛工程设施或者水文监测、测量、气象测报、环境监测、地质监测、地震监测等公共设施的；\n\n    (二)移动、损毁国家边境的界碑、界桩以及其他边境标志、边境设施或者领土、领海标志设施的；\n\n    (三)非法进行影响国(边)界线走向的活动或者修建有碍国(边)境管理的设施的。\n\n    第三十四条  盗窃、损坏、擅自移动使用中的航空设施，或者强行进入航空器驾驶舱的，处十日以上十五日以下拘留。\n\n    在使用中的航空器上使用可能影响导航系统正常功能的器具、工具，不听劝阻的，处五日以下拘留或者五百元以下罚款。\n\n    第三十五条  有下列行为之一的，处五日以上十日以下拘留，可以并处五百元以下罚款；情节较轻的，处五日以下拘留或者五百元以下罚款：\n\n    (一)盗窃、损毁或者擅自移动铁路设施、设备、机车车辆配件或者安全标志的；\n\n    (二)在铁路线路上放置障碍物，或者故意向列车投掷物品的；\n\n    (三)在铁路线路、桥梁、涵洞处挖掘坑穴、采石取沙的；\n\n    (四)在铁路线路上私设道口或者平交过道的。\n\n    第三十六条  擅自进入铁路防护网或者火车来临时在铁路线路上行走坐卧、抢越铁路，影响行车安全的，处警告或者二百元以下罚款。\n\n    第三十七条  有下列行为之一的，处五日以下拘留或者五百元以下罚款；情节严重的，处五日以上十日以下拘留，可以并处五百元以下罚款：\n\n    (一)未经批准，安装、使用电网的，或者安装、使用电网不符合安全规定的；\n\n    (二)在车辆、行人通行的地方施工，对沟井坎穴不设覆盖物、防围和警示标志的，或者故意损毁、移动覆盖物、防围和警示标志的；\n\n    (三)盗窃、损毁路面井盖、照明等公共设施的。\n\n    第三十八条  举办文化、体育等大型群众性活动，违反有关规定，有发生安全事故危险的，责令停止活动，立即疏散；对组织者处五日以上十日以下拘留，并处二百元以上五百元以下罚款；情节较轻的，处五日以下拘留或者五百元以下罚款。\n\n    第三十九条  旅馆、饭店、影剧院、娱乐场、运动场、展览馆或者其他供社会公众活动的场所的经营管理人员，违反安全规定，致使该场所有发生安全事故危险，经公安机关责令改正，拒不改正的，处五日以下拘留。\n\n    第三节  侵犯人身权利、财产权利的行为和处罚\n\n    第四十条  有下列行为之一的，处十日以上十五日以下拘留，并处五百元以上一千元以下罚款；情节较轻的，处五日以上十日以下拘留，并处二百元以上五百元以下罚款：\n\n    (一)组织、胁迫、诱骗不满十六周岁的人或者残疾人进行恐怖、残忍表演的；\n\n    (二)以暴力、威胁或者其他手段强迫他人劳动的；\n\n    (三)非法限制他人人身自由、非法侵入他人住宅或者非法搜查他人身体的。\n\n    第四十一条  胁迫、诱骗或者利用他人乞讨的，处十日以上十五日以下拘留，可以并处一千元以下罚款。\n\n    反复纠缠、强行讨要或者以其他滋扰他人的方式乞讨的，处五日以下拘留或者警告。\n\n    第四十二条  有下列行为之一的，处五日以下拘留或者五百元以下罚款；情节较重的，处五日以上十日以下拘留，可以并处五百元以下罚款：\n\n    (一)写恐吓信或者以其他方法威胁他人人身安全的；\n\n    (二)公然侮辱他人或者捏造事实诽谤他人的；\n\n    (三)捏造事实诬告陷害他人，企图使他人受到刑事追究或者受到治安管理处罚的；\n\n    (四)对证人及其近亲属进行威胁、侮辱、殴打或者打击报复的；\n\n    (五)多次发送淫秽、侮辱、恐吓或者其他信息，干扰他人正常生活的；\n\n    (六)偷窥、偷拍、窃听、散布他人隐私的。\n\n    第四十三条  殴打他人的，或者故意伤害他人身体的，处五日以上十日以下拘留，并处二百元以上五百元以下罚款；情节较轻的，处五日以下拘留或者五百元以下罚款。\n\n    有下列情形之一的，处十日以上十五日以下拘留，并处五百元以上一千元以下罚款：\n\n    (一)结伙殴打、伤害他人的；\n\n    (二)殴打、伤害残疾人、孕妇、不满十四周岁的人或者六十周岁以上的人的；\n\n    (三)多次殴打、伤害他人或者一次殴打、伤害多人的。\n\n    第四十四条  猥亵他人的，或者在公共场所故意裸露身体，情节恶劣的，处五日以上十日以下拘留；猥亵智力残疾人、精神病人、不满十四周岁的人或者有其他严重情节的，处十日以上十五日以下拘留。\n\n    第四十五条  有下列行为之一的，处五日以下拘留或者警告：\n\n    (一)虐待家庭成员，被虐待人要求处理的；\n\n    (二)遗弃没有独立生活能力的被扶养人的。\n\n    第四十六条  强买强卖商品，强迫他人提供服务或者强迫他人接受服务的，处五日以上十日以下拘留，并处二百元以上五百元以下罚款；情节较轻的，处五日以下拘留或者五百元以下罚款。\n\n    第四十七条  煽动民族仇恨、民族歧视，或者在出版物、计算机信息网络中刊载民族歧视、侮辱内容的，处十日以上十五日以下拘留，可以并处一千元以下罚款。\n\n    第四十八条  冒领、隐匿、毁弃、私自开拆或者非法检查他人邮件的，处五日以下拘留或者五百元以下罚款。\n\n    第四十九条  盗窃、诈骗、哄抢、抢夺、敲诈勒索或者故意损毁公私财物的，处五日以上十日以下拘留，可以并处五百元以下罚款；情节较重的，处十日以上十五日以下拘留，可以并处一千元以下罚款。\n\n    第四节  妨害社会管理的行为和处罚\n\n    第五十条  有下列行为之一的，处警告或者二百元以下罚款；情节严重的，处五日以上十日以下拘留，可以并处五百元以下罚款：\n\n    (一)拒不执行人民政府在紧急状态情况下依法发布的决定、命令的；\n\n    (二)阻碍国家机关工作人员依法执行职务的；\n\n    (三)阻碍执行紧急任务的消防车、救护车、工程抢险车、警车等车辆通行的；\n\n    (四)强行冲闯公安机关设置的警戒带、警戒区的。\n\n    阻碍人民警察依法执行职务的，从重处罚。\n\n    第五十一条  冒充国家机关工作人员或者以其他虚假身份招摇撞骗的，处五日以上十日以下拘留，可以并处五百元以下罚款；情节较轻的，处五日以下拘留或者五百元以下罚款。\n\n    冒充军警人员招摇撞骗的，从重处罚。\n\n    第五十二条  有下列行为之一的，处十日以上十五日以下拘留，可以并处一千元以下罚款；情节较轻的，处五日以上十日以下拘留，可以并处五百元以下罚款：\n\n    (一)伪造、变造或者买卖国家机关、人民团体、企业、事业单位或者其他组织的公文、证件、证明文件、印章的；\n\n    (二)买卖或者使用伪造、变造的国家机关、人民团体、企业、事业单位或者其他组织的公文、证件、证明文件的；\n\n    (三)伪造、变造、倒卖车票、船票、航空客票、文艺演出票、体育比赛入场券或者其他有价票证、凭证的；\n\n    (四)伪造、变造船舶户牌，买卖或者使用伪造、变造的船舶户牌，或者涂改船舶发动机号码的。\n\n    第五十三条  船舶擅自进入、停靠国家禁止、限制进入的水域或者岛屿的，对船舶负责人及有关责任人员处五百元以上一千元以下罚款；情节严重的，处五日以下拘留，并处五百元以上一千元以下罚款。\n\n    第五十四条  有下列行为之一的，处十日以上十五日以下拘留，并处五百元以上一千元以下罚款；情节较轻的，处五日以下拘留或者五百元以下罚款：\n\n    (一)违反国家规定，未经注册登记，以社会团体名义进行活动，被取缔后，仍进行活动的；\n\n    (二)被依法撤销登记的社会团体，仍以社会团体名义进行活动的；\n\n    (三)未经许可，擅自经营按照国家规定需要由公安机关许可的行业的。\n\n    有前款第三项行为的，予以取缔。\n\n    取得公安机关许可的经营者，违反国家有关管理规定，情节严重的，公安机关可以吊销许可证。\n\n    第五十五条  煽动、策划非法集会、游行、示威，不听劝阻的，处十日以上十五日以下拘留。\n\n    第五十六条  旅馆业的工作人员对住宿的旅客不按规定登记姓名、身份证件种类和号码的，或者明知住宿的旅客将危险物质带入旅馆，不予制止的，处二百元以上五百元以下罚款。\n\n    旅馆业的工作人员明知住宿的旅客是犯罪嫌疑人员或者被公安机关通缉的人员，不向公安机关报告的，处二百元以上五百元以下罚款；情节严重的，处五日以下拘留，可以并处五百元以下罚款。\n\n    第五十七条  房屋出租人将房屋出租给无身份证件的人居住的，或者不按规定登记承租人姓名、身份证件种类和号码的，处二百元以上五百元以下罚款。\n\n    房屋出租人明知承租人利用出租房屋进行犯罪活动，不向公安机关报告的，处二百元以上五百元以下罚款；情节严重的，处五日以下拘留，可以并处五百元以下罚款。  第五十八条  违反关于社会生活噪声污染防治的法律规定，制造噪声干扰他人正常生活的，处警告；警告后不改正的，处二百元以上五百元以下罚款。\n\n    第五十九条  有下列行为之一的，处五百元以上一千元以下罚款；情节严重的，处五日以上十日以下拘留，并处五百元以上一千元以下罚款：\n\n    (一)典当业工作人员承接典当的物品，不查验有关证明、不履行登记手续，或者明知是违法犯罪嫌疑人、赃物，不向公安机关报告的；\n\n    (二)违反国家规定，收购铁路、油田、供电、电信、矿山、水利、测量和城市公用设施等废旧专用器材的；\n\n    (三)收购公安机关通报寻查的赃物或者有赃物嫌疑的物品的；\n\n    (四)收购国家禁止收购的其他物品的。\n\n    第六十条  有下列行为之一的，处五日以上十日以下拘留，并处二百元以上五百元以下罚款：\n\n    (一)隐藏、转移、变卖或者损毁行政执法机关依法扣押、查封、冻结的财物的；\n\n    (二)伪造、隐匿、毁灭证据或者提供虚假证言、谎报案情，影响行政执法机关依法办案的；\n\n    (三)明知是赃物而窝藏、转移或者代为销售的；\n\n    (四)被依法执行管制、剥夺政治权利或者在缓刑、保外就医等监外执行中的罪犯或者被依法采取刑事强制措施的人，有违反法律、行政法规和国务院公安部门有关监督管理规定的行为。\n\n    第六十一条  协助组织或者运送他人偷越国(边)境的，处十日以上十五日以下拘留，并处一千元以上五千元以下罚款。\n\n    第六十二条  为偷越国(边)境人员提供条件的，处五日以上十日以下拘留，并处五百元以上二千元以下罚款。\n\n    偷越国(边)境的，处五日以下拘留或者五百元以下罚款。\n\n    第六十三条  有下列行为之一的，处警告或者二百元以下罚款；情节较重的，处五日以上十日以下拘留，并处二百元以上五百元以下罚款：\n\n    (一)刻划、涂污或者以其他方式故意损坏国家保护的文物、名胜古迹的；\n\n    (二)违反国家规定，在文物保护单位附近进行爆破、挖掘等活动，危及文物安全的。\n\n    第六十四条  有下列行为之一的，处五百元以上一千元以下罚款；情节严重的，处十日以上十五日以下拘留，并处五百元以上一千元以下罚款：\n\n    (一)偷开他人机动车的；\n\n    (二)未取得驾驶证驾驶或者偷开他人航空器、机动船舶的。\n\n    第六十五条  有下列行为之一的，处五日以上十日以下拘留；情节严重的，处十日以上十五日以下拘留，可以并处一千元以下罚款：\n\n    (一)故意破坏、污损他人坟墓或者毁坏、丢弃他人尸骨、骨灰的；\n\n    (二)在公共场所停放尸体或者因停放尸体影响他人正常生活、工作秩序，不听劝阻的。\n\n    第六十六条  卖淫、嫖娼的，处十日以上十五日以下拘留，可以并处五千元以下罚款；情节较轻的，处五日以下拘留或者五百元以下罚款。\n\n    在公共场所拉客招嫖的，处五日以下拘留或者五百元以下罚款。\n\n    第六十七条  引诱、容留、介绍他人卖淫的，处十日以上十五日以下拘留，可以并处五千元以下罚款；情节较轻的，处五日以下拘留或者五百元以下罚款。\n\n    第六十八条  制作、运输、复制、出售、出租淫秽的书刊、图片、影片、音像制品等淫秽物品或者利用计算机信息网络、电话以及其他通讯工具传播淫秽信息的，处十日以上十五日以下拘留，可以并处三千元以下罚款；情节较轻的，处五日以下拘留或者五百元以下罚款。\n\n    第六十九条  有下列行为之一的，处十日以上十五日以下拘留，并处五百元以上一千元以下罚款：\n\n    (一)组织播放淫秽音像的；\n\n    (二)组织或者进行淫秽表演的；\n\n    (三)参与聚众淫乱活动的。\n\n    明知他人从事前款活动，为其提供条件的，依照前款的规定处罚。\n\n    第七十条  以营利为目的，为赌博提供条件的，或者参与赌博赌资较大的，处五日以下拘留或者五百元以下罚款；情节严重的，处十日以上十五日以下拘留，并处五百元以上三千元以下罚款。\n\n    第七十一条  有下列行为之一的，处十日以上十五日以下拘留，可以并处三千元以下罚款；情节较轻的，处五日以下拘留或者五百元以下罚款：\n\n    (一)非法种植罂粟不满五百株或者其他少量毒品原植物的；\n\n    (二)非法买卖、运输、携带、持有少量未经灭活的罂粟等毒品原植物种子或者幼苗的；\n\n    (三)非法运输、买卖、储存、使用少量罂粟壳的。\n\n    有前款第一项行为，在成熟前自行铲除的，不予处罚。\n\n    第七十二条  有下列行为之一的，处十日以上十五日以下拘留，可以并处二千元以下罚款；情节较轻的，处五日以下拘留或者五百元以下罚款：\n\n    (一)非法持有鸦片不满二百克、海洛因或者甲基苯丙胺不满十克或者其他少量毒品的；\n\n    (二)向他人提供毒品的；\n\n    (三)吸食、注射毒品的；\n\n    (四)胁迫、欺骗医务人员开具麻醉药品、精神药品的。\n\n    第七十三条  教唆、引诱、欺骗他人吸食、注射毒品的，处十日以上十五日以下拘留，并处五百元以上二千元以下罚款。\n\n    第七十四条  旅馆业、饮食服务业、文化娱乐业、出租汽车业等单位的人员，在公安机关查处吸毒、赌博、卖淫、嫖娼活动时，为违法犯罪行为人通风报信的，处十日以上十五日以下拘留。\n\n    第七十五条  饲养动物，干扰他人正常生活的，处警告；警告后不改正的，或者放任动物恐吓他人的，处二百元以上五百元以下罚款。\n\n    驱使动物伤害他人的，依照本法第四十三条第一款的规定处罚。\n\n    第七十六条  有本法第六十七条、第六十八条、第七十条的行为，屡教不改的，可以按照国家规定采取强制性教育措施。\n\n    第四章  处罚程序\n\n    第一节  调  查\n\n    第七十七条  公安机关对报案、控告、举报或者违反治安管理行为人主动投案，以及其他行政主管部门、司法机关移送的违反治安管理案件，应当及时受理，并进行登记。\n\n    第七十八条  公安机关受理报案、控告、举报、投案后，认为属于违反治安管理行为的，应当立即进行调查；认为不属于违反治安管理行为的，应当告知报案人、控告人、举报人、投案人，并说明理由。\n\n    第七十九条  公安机关及其人民警察对治安案件的调查，应当依法进行。严禁刑讯逼供或者采用威胁、引诱、欺骗等非法手段收集证据。\n\n    以非法手段收集的证据不得作为处罚的根据。\n\n    第八十条  公安机关及其人民警察在办理治安案件时，对涉及的国家秘密、商业秘密或者个人隐私，应当予以保密。\n\n    第八十一条  人民警察在办理治安案件过程中，遇有下列情形之一的，应当回避；违反治安管理行为人、被侵害人或者其法定代理人也有权要求他们回避：\n\n    (一)是本案当事人或者当事人的近亲属的；\n\n    (二)本人或者其近亲属与本案有利害关系的；\n\n    (三)与本案当事人有其他关系，可能影响案件公正处理的。\n\n    人民警察的回避，由其所属的公安机关决定；公安机关负责人的回避，由上一级公安机关决定。\n\n    第八十二条  需要传唤违反治安管理行为人接受调查的，经公安机关办案部门负责人批准，使用传唤证传唤。对现场发现的违反治安管理行为人，人民警察经出示工作证件，可以口头传唤，但应当在询问笔录中注明。\n\n    公安机关应当将传唤的原因和依据告知被传唤人。对无正当理由不接受传唤或者逃避传唤的人，可以强制传唤。\n\n    第八十三条  对违反治安管理行为人，公安机关传唤后应当及时询问查证，询问查证的时间不得超过八小时；情况复杂，依照本法规定可能适用行政拘留处罚的，询问查证的时间不得超过二十四小时。\n\n    公安机关应当及时将传唤的原因和处所通知被传唤人家属。\n\n    第八十四条  询问笔录应当交被询问人核对；对没有阅读能力的，应当向其宣读。记载有遗漏或者差错的，被询问人可以提出补充或者更正。被询问人确认笔录无误后，应当签名或者盖章，询问的人民警察也应当在笔录上签名。\n\n    被询问人要求就被询问事项自行提供书面材料的，应当准许；必要时，人民警察也可以要求被询问人自行书写。\n\n    询问不满十六周岁的违反治安管理行为人，应当通知其父母或者其他监护人到场。\n\n    第八十五条  人民警察询问被侵害人或者其他证人，可以到其所在单位或者住处进行；必要时，也可以通知其到公安机关提供证言。\n\n    人民警察在公安机关以外询问被侵害人或者其他证人，应当出示工作证件。\n\n    询问被侵害人或者其他证人，同时适用本法第八十四条的规定。\n\n    第八十六条  询问聋哑的违反治安管理行为人、被侵害人或者其他证人，应当有通晓手语的人提供帮助，并在笔录上注明。\n\n    询问不通晓当地通用的语言文字的违反治安管理行为人、被侵害人或者其他证人，应当配备翻译人员，并在笔录上注明。\n\n    第八十七条  公安机关对与违反治安管理行为有关的场所、物品、人身可以进行检查。检查时，人民警察不得少于二人，并应当出示工作证件和县级以上人民政府公安机关开具的检查证明文件。对确有必要立即进行检查的，人民警察经出示工作证件，可以当场检查，但检查公民住所应当出示县级以上人民政府公安机关开具的检查证明文件。\n\n    检查妇女的身体，应当由女性工作人员进行。  第八十八条  检查的情况应当制作检查笔录，由检查人、被检查人和见证人签名或者盖章；被检查人拒绝签名的，人民警察应当在笔录上注明。  第八十九条  公安机关办理治安案件，对与案件有关的需要作为证据的物品，可以扣押；对被侵害人或者善意第三人合法占有的财产，不得扣押，应当予以登记。对与案件无关的物品，不得扣押。\n\n    对扣押的物品，应当会同在场见证人和被扣押物品持有人查点清楚，当场开列清单一式二份，由调查人员、见证人和持有人签名或者盖章，一份交给持有人，另一份附卷备查。\n\n    对扣押的物品，应当妥善保管，不得挪作他用；对不宜长期保存的物品，按照有关规定处理。经查明与案件无关的，应当及时退还；经核实属于他人合法财产的，应当登记后立即退还；满六个月无人对该财产主张权利或者无法查清权利人的，应当公开拍卖或者按照国家有关规定处理，所得款项上缴国库。\n\n    第九十条  为了查明案情，需要解决案件中有争议的专门性问题的，应当指派或者聘请具有专门知识的人员进行鉴定；鉴定人鉴定后，应当写出鉴定意见，并且签名。\n\n    第二节  决  定\n\n    第九十一条  治安管理处罚由县级以上人民政府公安机关决定；其中警告、五百元以下的罚款可以由公安派出所决定。\n\n    第九十二条  对决定给予行政拘留处罚的人，在处罚前已经采取强制措施限制人身自由的时间，应当折抵。限制人身自由一日，折抵行政拘留一日。\n\n    第九十三条  公安机关查处治安案件，对没有本人陈述，但其他证据能够证明案件事实的，可以作出治安管理处罚决定。但是，只有本人陈述，没有其他证据证明的，不能作出治安管理处罚决定。\n\n    第九十四条  公安机关作出治安管理处罚决定前，应当告知违反治安管理行为人作出治安管理处罚的事实、理由及依据，并告知违反治安管理行为人依法享有的权利。\n\n    违反治安管理行为人有权陈述和申辩。公安机关必须充分听取违反治安管理行为人的意见，对违反治安管理行为人提出的事实、理由和证据，应当进行复核；违反治安管理行为人提出的事实、理由或者证据成立的，公安机关应当采纳。\n\n    公安机关不得因违反治安管理行为人的陈述、申辩而加重处罚。\n\n    第九十五条  治安案件调查结束后，公安机关应当根据不同情况，分别作出以下处理：\n\n    (一)确有依法应当给予治安管理处罚的违法行为的，根据情节轻重及具体情况，作出处罚决定；\n\n    (二)依法不予处罚的，或者违法事实不能成立的，作出不予处罚决定；\n\n    (三)违法行为已涉嫌犯罪的，移送主管机关依法追究刑事责任；\n\n    (四)发现违反治安管理行为人有其他违法行为的，在对违反治安管理行为作出处罚决定的同时，通知有关行政主管部门处理。\n\n    第九十六条  公安机关作出治安管理处罚决定的，应当制作治安管理处罚决定书。决定书应当载明下列内容：\n\n    (一)被处罚人的姓名、性别、年龄、身份证件的名称和号码、住址；\n\n    (二)违法事实和证据；\n\n    (三)处罚的种类和依据；\n\n    (四)处罚的执行方式和期限；\n\n    (五)对处罚决定不服，申请行政复议、提起行政诉讼的途径和期限；\n\n    (六)作出处罚决定的公安机关的名称和作出决定的日期。\n\n    决定书应当由作出处罚决定的公安机关加盖印章。\n\n    第九十七条  公安机关应当向被处罚人宣告治安管理处罚决定书，并当场交付被处罚人；无法当场向被处罚人宣告的，应当在二日内送达被处罚人。决定给予行政拘留处罚的，应当及时通知被处罚人的家属。\n\n    有被侵害人的，公安机关应当将决定书副本抄送被侵害人。\n\n    第九十八条  公安机关作出吊销许可证以及处二千元以上罚款的治安管理处罚决定前，应当告知违反治安管理行为人有权要求举行听证；违反治安管理行为人要求听证的，公安机关应当及时依法举行听证。\n\n    第九十九条  公安机关办理治安案件的期限，自受理之日起不得超过三十日；案情重大、复杂的，经上一级公安机关批准，可以延长三十日。\n\n    为了查明案情进行鉴定的期间，不计入办理治安案件的期限。\n\n    第一百条  违反治安管理行为事实清楚，证据确凿，处警告或者二百元以下罚款的，可以当场作出治安管理处罚决定。\n\n    第一百零一条  当场作出治安管理处罚决定的，人民警察应当向违反治安管理行为人出示工作证件，并填写处罚决定书。处罚决定书应当当场交付被处罚人；有被侵害人的，并将决定书副本抄送被侵害人。\n\n    前款规定的处罚决定书，应当载明被处罚人的姓名、违法行为、处罚依据、罚款数额、时间、地点以及公安机关名称，并由经办的人民警察签名或者盖章。\n\n    当场作出治安管理处罚决定的，经办的人民警察应当在二十四小时内报所属公安机关备案。\n\n    第一百零二条  被处罚人对治安管理处罚决定不服的，可以依法申请行政复议或者提起行政诉讼。\n\n    第三节  执  行\n\n    第一百零三条  对被决定给予行政拘留处罚的人，由作出决定的公安机关送达拘留所执行。\n\n    第一百零四条  受到罚款处罚的人应当自收到处罚决定书之日起十五日内，到指定的银行缴纳罚款。但是，有下列情形之一的，人民警察可以当场收缴罚款：\n\n    (一)被处五十元以下罚款，被处罚人对罚款无异议的；\n\n    (二)在边远、水上、交通不便地区，公安机关及其人民警察依照本法的规定作出罚款决定后，被处罚人向指定的银行缴纳罚款确有困难，经被处罚人提出的；\n\n    (三)被处罚人在当地没有固定住所，不当场收缴事后难以执行的。\n\n    第一百零五条  人民警察当场收缴的罚款，应当自收缴罚款之日起二日内，交至所属的公安机关；在水上、旅客列车上当场收缴的罚款，应当自抵岸或者到站之日起二日内，交至所属的公安机关；公安机关应当自收到罚款之日起二日内将罚款缴付指定的银行。\n\n    第一百零六条  人民警察当场收缴罚款的，应当向被处罚人出具省、自治区、直辖市人民政府财政部门统一制发的罚款收据；不出具统一制发的罚款收据的，被处罚人有权拒绝缴纳罚款。\n\n    第一百零七条  被处罚人不服行政拘留处罚决定，申请行政复议、提起行政诉讼的，可以向公安机关提出暂缓执行行政拘留的申请。公安机关认为暂缓执行行政拘留不致发生社会危险的，由被处罚人或者其近亲属提出符合本法第一百零八条规定条件的担保人，或者按每日行政拘留二百元的标准交纳保证金，行政拘留的处罚决定暂缓执行。\n\n    第一百零八条  担保人应当符合下列条件：\n\n    (一)与本案无牵连；\n\n    (二)享有政治权利，人身自由未受到限制；\n\n    (三)在当地有常住户口和固定住所；\n\n    (四)有能力履行担保义务。\n\n    第一百零九条  担保人应当保证被担保人不逃避行政拘留处罚的执行。\n\n    担保人不履行担保义务，致使被担保人逃避行政拘留处罚的执行的，由公安机关对其处三千元以下罚款。\n\n    第一百一十条  被决定给予行政拘留处罚的人交纳保证金，暂缓行政拘留后，逃避行政拘留处罚的执行的，保证金予以没收并上缴国库，已经作出的行政拘留决定仍应执行。\n\n    第一百一十一条  行政拘留的处罚决定被撤销，或者行政拘留处罚开始执行的，公安机关收取的保证金应当及时退还交纳人。\n\n    第五章  执法监督\n\n    第一百一十二条  公安机关及其人民警察应当依法、公正、严格、高效办理治安案件，文明执法，不得徇私舞弊。\n\n    第一百一十三条  公安机关及其人民警察办理治安案件，禁止对违反治安管理行为人打骂、虐待或者侮辱。\n\n    第一百一十四条  公安机关及其人民警察办理治安案件，应当自觉接受社会和公民的监督。\n\n    公安机关及其人民警察办理治安案件，不严格执法或者有违法违纪行为的，任何单位和个人都有权向公安机关或者人民检察院、行政监察机关检举、控告；收到检举、控告的机关，应当依据职责及时处理。\n\n    第一百一十五条  公安机关依法实施罚款处罚，应当依照有关法律、行政法规的规定，实行罚款决定与罚款收缴分离；收缴的罚款应当全部上缴国库。\n\n    第一百一十六条  人民警察办理治安案件，有下列行为之一的，依法给予行政处分；构成犯罪的，依法追究刑事责任：\n\n    (一)刑讯逼供、体罚、虐待、侮辱他人的；\n\n    (二)超过询问查证的时间限制人身自由的；\n\n    (三)不执行罚款决定与罚款收缴分离制度或者不按规定将罚没的财物上缴国库或者依法处理的；\n\n    (四)私分、侵占、挪用、故意损毁收缴、扣押的财物的；\n\n    (五)违反规定使用或者不及时返还被侵害人财物的；\n\n    (六)违反规定不及时退还保证金的；\n\n    (七)利用职务上的便利收受他人财物或者谋取其他利益的；  \n\n    (八)当场收缴罚款不出具罚款收据或者不如实填写罚款数额的；\n\n    (九)接到要求制止违反治安管理行为的报警后，不及时出警的；\n\n    (十)在查处违反治安管理活动时，为违法犯罪行为人通风报信的；\n\n    (十一)有徇私舞弊、滥用职权，不依法履行法定职责的其他情形的。\n\n    办理治安案件的公安机关有前款所列行为的，对直接负责的主管人员和其他直接责任人员给予相应的行政处分。\n\n    第一百一十七条  公安机关及其人民警察违法行使职权，侵犯公民、法人和其他组织合法权益的，应当赔礼道歉；造成损害的，应当依法承担赔偿责任。\n\n    第六章  附  则\n\n    第一百一十八条  本法所称以上、以下、以内，包括本数。\n\n    第一百一十九条  本法自2006年3月1日起施行。1986年9月5日公布、1994年5月12日修订公布的《中华人民共和国治安管理处罚条例》同时废止。', 1, '2022-07-13 20:23:08', 1, '2022-07-13 20:23:25');
INSERT INTO `lc_law_article` VALUES (4, 300, '中华人民共和国刑事诉讼法', '第一编　总则\n第一章　任务和基本原则\n第一条　【立法目的与根据】为了保证刑法的正确实施，惩罚犯罪，保护人民，保障国家安全和社会公共安全，维护社会主义社会秩序，根据宪法，制定本法。\n第二条　【刑事诉讼法的任务】中华人民共和国刑事诉讼法的任务，是保证准确、及时地查明犯罪事实，正确应用法律，惩罚犯罪分子，保障无罪的人不受刑事追究，教育公民自觉遵守法律，积极同犯罪行为作斗争，维护社会主义法制，尊重和保障人权，保护公民的人身权利、财产权利、民主权利和其他权利，保障社会主义建设事业的顺利进行。\n第三条　【职权原则　严格遵守法定程序原则】对刑事案件的侦查、拘留、执行逮捕、预审，由公安机关负责。检察、批准逮捕、检察机关直接受理的案件的侦查、提起公诉，由人民检察院负责。审判由人民法院负责。除法律特别规定的以外，其他任何机关、团体和个人都无权行使这些权力。\n人民法院、人民检察院和公安机关进行刑事诉讼，必须严格遵守本法和其他法律的有关规定。\n第四条　【国家安全机关的职权】国家安全机关依照法律规定，办理危害国家安全的刑事案件，行使与公安机关相同的职权。\n第五条　【人民法院、人民检察院依法独立行使职权原则】人民法院依照法律规定独立行使审判权，人民检察院依照法律规定独立行使检察权，不受行政机关、社会团体和个人的干涉。\n第六条　【依靠群众原则　以事实为根据，以法律为准绳原则平等原则】人民法院、人民检察院和公安机关进行刑事诉讼，必须依靠群众，必须以事实为根据，以法律为准绳。对于一切公民，在适用法律上一律平等，在法律面前，不允许有任何特权。\n第七条　【分工负责、互相配合、互相制约原则】人民法院、人民检察院和公安机关进行刑事诉讼，应当分工负责，互相配合，互相制约，以保证准确有效地执行法律。\n第八条　【法律监督原则】人民检察院依法对刑事诉讼实行法律监督。\n第九条　【用本民族语言、文字进行诉讼原则】各民族公民都有用本民族语言文字进行诉讼的权利。人民法院、人民检察院和公安机关对于不通晓当地通用的语言文字的诉讼参与人，应当为他们翻译。\n在少数民族聚居或者多民族杂居的地区，应当用当地通用的语言进行审讯，用当地通用的文字发布判决书、布告和其他文件。\n第十条　【两审终审制】人民法院审判案件，实行两审终审制。\n第十一条　【审判公开原则保障辩护原则】人民法院审判案件，除本法另有规定的以外，一律公开进行。被告人有权获得辩护，人民法院有义务保证被告人获得辩护。\n第十二条　【法院定罪原则】未经人民法院依法判决，对任何人都不得确定有罪。\n第十三条　【人民陪审员制度】人民法院审判案件，依照本法实行人民陪审员陪审的制度。\n第十四条　【保障诉讼参与人诉讼权利原则】人民法院、人民检察院和公安机关应当保障犯罪嫌疑人、被告人和其他诉讼参与人依法享有的辩护权和其他诉讼权利。\n诉讼参与人对于审判人员、检察人员和侦查人员侵犯公民诉讼权利和人身侮辱的行为，有权提出控告。\n第十五条　【认罪认罚从宽制度】犯罪嫌疑人、被告人自愿如实供述自己的罪行，承认指控的犯罪事实，愿意接受处罚的，可以依法从宽处理。\n第十六条　【依法不追诉原则】有下列情形之一的，不追究刑事责任，已经追究的，应当撤销案件，或者不起诉，或者终止审理，或者宣告无罪：\n（一）情节显著轻微、危害不大，不认为是犯罪的；\n（二）犯罪已过追诉时效期限的；\n（三）经特赦令免除刑罚的；\n（四）依照刑法告诉才处理的犯罪，没有告诉或者撤回告诉的；\n（五）犯罪嫌疑人、被告人死亡的；\n（六）其他法律规定免予追究刑事责任的。\n第十七条　【追究外国人刑事责任适用我国刑事诉讼法原则】对于外国人犯罪应当追究刑事责任的，适用本法的规定。\n对于享有外交特权和豁免权的外国人犯罪应当追究刑事责任的，通过外交途径解决。\n第十八条　【刑事司法协助原则】根据中华人民共和国缔结或者参加的国际条约，或者按照互惠原则，我国司法机关和外国司法机关可以相互请求刑事司法协助。\n第二章　管辖\n第十九条　【职能管辖】刑事案件的侦查由公安机关进行，法律另有规定的除外。\n人民检察院在对诉讼活动实行法律监督中发现的司法工作人员利用职权实施的非法拘禁、刑讯逼供、非法搜查等侵犯公民权利、损害司法公正的犯罪，可以由人民检察院立案侦查。对于公安机关管辖的国家机关工作人员利用职权实施的重大犯罪案件，需要由人民检察院直接受理的时候，经省级以上人民检察院决定，可以由人民检察院立案侦查。\n自诉案件，由人民法院直接受理。\n第二十条　【基层法院管辖】基层人民法院管辖第一审普通刑事案件，但是依照本法由上级人民法院管辖的除外。\n第二十一条　【中级法院管辖】中级人民法院管辖下列第一审刑事案件：\n（一）危害国家安全、恐怖活动案件；\n（二）可能判处无期徒刑、死刑的案件。\n第二十二条　【高级法院管辖】高级人民法院管辖的第一审刑事案件，是全省（自治区、直辖市）性的重大刑事案件。\n第二十三条　【最高法院管辖】最高人民法院管辖的第一审刑事案件，是全国性的重大刑事案件。\n第二十四条　【级别管辖的变通】上级人民法院在必要的时候，可以审判下级人民法院管辖的第一审刑事案件；下级人民法院认为案情重大、复杂需要由上级人民法院审判的第一审刑事案件，可以请求移送上一级人民法院审判。\n第二十五条　【地域管辖】刑事案件由犯罪地的人民法院管辖。如果由被告人居住地的人民法院审判更为适宜的，可以由被告人居住地的人民法院管辖。\n第二十六条　【优先、移送管辖】几个同级人民法院都有权管辖的案件，由最初受理的人民法院审判。在必要的时候，可以移送主要犯罪地的人民法院审判。\n第二十七条　【指定管辖】上级人民法院可以指定下级人民法院审判管辖不明的案件，也可以指定下级人民法院将案件移送其他人民法院审判。\n第二十八条　【专门管辖】专门人民法院案件的管辖另行规定。\n第三章　回避\n第二十九条　【回避的对象、方式与事由】审判人员、检察人员、侦查人员有下列情形之一的，应当自行回避，当事人及其法定代理人也有权要求他们回避：\n（一）是本案的当事人或者是当事人的近亲属的；\n（二）本人或者他的近亲属和本案有利害关系的；\n（三）担任过本案的证人、鉴定人、辩护人、诉讼代理人的；\n（四）与本案当事人有其他关系，可能影响公正处理案件的。\n第三十条　【办案人员行为之禁止】审判人员、检察人员、侦查人员不得接受当事人及其委托的人的请客送礼，不得违反规定会见当事人及其委托的人。\n审判人员、检察人员、侦查人员违反前款规定的，应当依法追究法律责任。当事人及其法定代理人有权要求他们回避。\n第三十一条　【回避的决定】审判人员、检察人员、侦查人员的回避，应当分别由院长、检察长、公安机关负责人决定；院长的回避，由本院审判委员会决定；检察长和公安机关负责人的回避，由同级人民检察院检察委员会决定。\n【回避决定的效力】对侦查人员的回避作出决定前，侦查人员不能停止对案件的侦查。\n【回避的复议】对驳回申请回避的决定，当事人及其法定代理人可以申请复议一次。\n第三十二条　【其他人员的回避】本章关于回避的规定适用于书记员、翻译人员和鉴定人。\n辩护人、诉讼代理人可以依照本章的规定要求回避、申请复议。\n第四章　辩护与代理\n第三十三条　【辩护的方式与辩护人的范围】犯罪嫌疑人、被告人除自己行使辩护权以外，还可以委托一至二人作为辩护人。下列的人可以被委托为辩护人：\n（一）律师；\n（二）人民团体或者犯罪嫌疑人、被告人所在单位推荐的人；\n（三）犯罪嫌疑人、被告人的监护人、亲友。\n正在被执行刑罚或者依法被剥夺、限制人身自由的人，不得担任辩护人。\n被开除公职和被吊销律师、公证员执业证书的人，不得担任辩护人，但系犯罪嫌疑人、被告人的监护人、近亲属的除外。\n第三十四条　【委托辩护的时间】犯罪嫌疑人自被侦查机关第一次讯问或者采取强制措施之日起，有权委托辩护人；在侦查期间，只能委托律师作为辩护人。被告人有权随时委托辩护人。\n侦查机关在第一次讯问犯罪嫌疑人或者对犯罪嫌疑人采取强制措施的时候，应当告知犯罪嫌疑人有权委托辩护人。人民检察院自收到移送审查起诉的案件材料之日起三日以内，应当告知犯罪嫌疑人有权委托辩护人。人民法院自受理案件之日起三日以内，应当告知被告人有权委托辩护人。犯罪嫌疑人、被告人在押期间要求委托辩护人的，人民法院、人民检察院和公安机关应当及时转达其要求。\n【委托辩护的形式】犯罪嫌疑人、被告人在押的，也可以由其监护人、近亲属代为委托辩护人。\n【辩护人的告知义务】辩护人接受犯罪嫌疑人、被告人委托后，应当及时告知办理案件的机关。\n第三十五条　【法律援助辩护】犯罪嫌疑人、被告人因经济困难或者其他原因没有委托辩护人的，本人及其近亲属可以向法律援助机构提出申请。对符合法律援助条件的，法律援助机构应当指派律师为其提供辩护。\n犯罪嫌疑人、被告人是盲、聋、哑人，或者是尚未完全丧失辨认或者控制自己行为能力的精神病人，没有委托辩护人的，人民法院、人民检察院和公安机关应当通知法律援助机构指派律师为其提供辩护。\n犯罪嫌疑人、被告人可能被判处无期徒刑、死刑，没有委托辩护人的，人民法院、人民检察院和公安机关应当通知法律援助机构指派律师为其提供辩护。\n第三十六条　【值班律师制度】法律援助机构可以在人民法院、看守所等场所派驻值班律师。犯罪嫌疑人、被告人没有委托辩护人，法律援助机构没有指派律师为其提供辩护的，由值班律师为犯罪嫌疑人、被告人提供法律咨询、程序选择建议、申请变更强制措施、对案件处理提出意见等法律帮助。\n人民法院、人民检察院、看守所应当告知犯罪嫌疑人、被告人有权约见值班律师，并为犯罪嫌疑人、被告人约见值班律师提供便利。\n第三十七条　【辩护人的责任】辩护人的责任是根据事实和法律，提出犯罪嫌疑人、被告人无罪、罪轻或者减轻、免除其刑事责任的材料和意见，维护犯罪嫌疑人、被告人的诉讼权利和其他合法权益。\n第三十八条　【侦查期间辩护律师的权利】辩护律师在侦查期间可以为犯罪嫌疑人提供法律帮助；代理申诉、控告；申请变更强制措施；向侦查机关了解犯罪嫌疑人涉嫌的罪名和案件有关情况，提出意见。\n第三十九条　【辩护人的会见权与通信权】辩护律师可以同在押的犯罪嫌疑人、被告人会见和通信。其他辩护人经人民法院、人民检察院许可，也可以同在押的犯罪嫌疑人、被告人会见和通信。\n辩护律师持律师执业证书、律师事务所证明和委托书或者法律援助公函要求会见在押的犯罪嫌疑人、被告人的，看守所应当及时安排会见，至迟不得超过四十八小时。\n危害国家安全犯罪、恐怖活动犯罪案件，在侦查期间辩护律师会见在押的犯罪嫌疑人，应当经侦查机关许可。上述案件，侦查机关应当事先通知看守所。\n辩护律师会见在押的犯罪嫌疑人、被告人，可以了解案件有关情况，提供法律咨询等；自案件移送审查起诉之日起，可以向犯罪嫌疑人、被告人核实有关证据。辩护律师会见犯罪嫌疑人、被告人时不被监听。\n辩护律师同被监视居住的犯罪嫌疑人、被告人会见、通信，适用第一款、第三款、第四款的规定。\n第四十条　【辩护人的查阅案卷权】辩护律师自人民检察院对案件审查起诉之日起，可以查阅、摘抄、复制本案的案卷材料。其他辩护人经人民法院、人民检察院许可，也可以查阅、摘抄、复制上述材料。\n第四十一条　【辩护人申请调查取证权】辩护人认为在侦查、审查起诉期间公安机关、人民检察院收集的证明犯罪嫌疑人、被告人无罪或者罪轻的证据材料未提交的，有权申请人民检察院、人民法院调取。\n第四十二条　【辩护人对特定证据的处理原则】辩护人收集的有关犯罪嫌疑人不在犯罪现场、未达到刑事责任年龄、属于依法不负刑事责任的精神病人的证据，应当及时告知公安机关、人民检察院。\n第四十三条　【辩护律师的调查取证权】辩护律师经证人或者其他有关单位和个人同意，可以向他们收集与本案有关的材料，也可以申请人民检察院、人民法院收集、调取证据，或者申请人民法院通知证人出庭作证。\n辩护律师经人民检察院或者人民法院许可，并且经被害人或者其近亲属、被害人提供的证人同意，可以向他们收集与本案有关的材料。\n第四十四条 【辩护人的义务】辩护人或者其他任何人，不得帮助犯罪嫌疑人、被告人隐匿、毁灭、伪造证据或者串供，不得威胁、引诱证人作伪证以及进行其他干扰司法机关诉讼活动的行为。\n违反前款规定的，应当依法追究法律责任，辩护人涉嫌犯罪的，应当由办理辩护人所承办案件的侦查机关以外的侦查机关办理。辩护人是律师的，应当及时通知其所在的律师事务所或者所属的律师协会。\n第四十五条　【被告人拒绝辩护】在审判过程中，被告人可以拒绝辩护人继续为他辩护，也可以另行委托辩护人辩护。\n第四十六条　【诉讼代理人介入刑事诉讼的时间】公诉案件的被害人及其法定代理人或者近亲属，附带民事诉讼的当事人及其法定代理人，自案件移送审查起诉之日起，有权委托诉讼代理人。自诉案件的自诉人及其法定代理人，附带民事诉讼的当事人及其法定代理人，有权随时委托诉讼代理人。\n人民检察院自收到移送审查起诉的案件材料之日起三日以内，应当告知被害人及其法定代理人或者其近亲属、附带民事诉讼的当事人及其法定代理人有权委托诉讼代理人。人民法院自受理自诉案件之日起三日以内，应当告知自诉人及其法定代理人、附带民事诉讼的当事人及其法定代理人有权委托诉讼代理人。\n第四十七条　【诉讼代理人的范围】委托诉讼代理人，参照本法第三十三条的规定执行。\n第四十八条　【辩护律师的保密义务及其权利】辩护律师对在执业活动中知悉的委托人的有关情况和信息，有权予以保密。但是，辩护律师在执业活动中知悉委托人或者其他人，准备或者正在实施危害国家安全、公共安全以及严重危害他人人身安全的犯罪的，应当及时告知司法机关。\n第四十九条　【辩护人、诉讼代理人的申诉与控告权】辩护人、诉讼代理人认为公安机关、人民检察院、人民法院及其工作人员阻碍其依法行使诉讼权利的，有权向同级或者上一级人民检察院申诉或者控告。人民检察院对申诉或者控告应当及时进行审查，情况属实的，通知有关机关予以纠正。\n第五章　证据\n第五十条　【证据及其种类】可以用于证明案件事实的材料，都是证据。\n证据包括：\n（一）物证；\n（二）书证；\n（三）证人证言；\n（四）被害人陈述；\n（五）犯罪嫌疑人、被告人供述和辩解；\n（六）鉴定意见；\n（七）勘验、检查、辨认、侦查实验等笔录；\n（八）视听资料、电子数据。\n证据必须经过查证属实，才能作为定案的根据。\n第五十一条　【举证责任】公诉案件中被告人有罪的举证责任由人民检察院承担，自诉案件中被告人有罪的举证责任由自诉人承担。\n第五十二条　【证据收集的一般原则】审判人员、检察人员、侦查人员必须依照法定程序，收集能够证实犯罪嫌疑人、被告人有罪或者无罪、犯罪情节轻重的各种证据。严禁刑讯逼供和以威胁、引诱、欺骗以及其他非法方法收集证据，不得强迫任何人证实自己有罪。必须保证一切与案件有关或者了解案情的公民，有客观地充分地提供证据的条件，除特殊情况外，可以吸收他们协助调查。\n第五十三条　【运用证据的原则】公安机关提请批准逮捕书、人民检察院起诉书、人民法院判决书，必须忠实于事实真象。故意隐瞒事实真象的，应当追究责任。\n第五十四条　【证据的收集与使用】人民法院、人民检察院和公安机关有权向有关单位和个人收集、调取证据。有关单位和个人应当如实提供证据。\n行政机关在行政执法和查办案件过程中收集的物证、书证、视听资料、电子数据等证据材料，在刑事诉讼中可以作为证据使用。\n对涉及国家秘密、商业秘密、个人隐私的证据，应当保密。\n凡是伪造证据、隐匿证据或者毁灭证据的，无论属于何方，必须受法律追究。\n第五十五条　【重证据、重调查研究、不轻信口供原则】对一切案件的判处都要重证据，重调查研究，不轻信口供。只有被告人供述，没有其他证据的，不能认定被告人有罪和处以刑罚；没有被告人供述，证据确实、充分的，可以认定被告人有罪和处以刑罚。\n证据确实、充分，应当符合以下条件：\n（一）定罪量刑的事实都有证据证明；\n（二）据以定案的证据均经法定程序查证属实；\n（三）综合全案证据，对所认定事实已排除合理怀疑。\n第五十六条　【非法证据排除规则】采用刑讯逼供等非法方法收集的犯罪嫌疑人、被告人供述和采用暴力、威胁等非法方法收集的证人证言、被害人陈述，应当予以排除。收集物证、书证不符合法定程序，可能严重影响司法公正的，应当予以补正或者作出合理解释；不能补正或者作出合理解释的，对该证据应当予以排除。\n在侦查、审查起诉、审判时发现有应当排除的证据的，应当依法予以排除，不得作为起诉意见、起诉决定和判决的依据。\n第五十七条　【对非法证据的纠正】人民检察院接到报案、控告、举报或者发现侦查人员以非法方法收集证据的，应当进行调查核实。对于确有以非法方法收集证据情形的，应当提出纠正意见；构成犯罪的，依法追究刑事责任。\n第五十八条　【证据收集合法性的调查】法庭审理过程中，审判人员认为可能存在本法第五十六条规定的以非法方法收集证据情形的，应当对证据收集的合法性进行法庭调查。\n当事人及其辩护人、诉讼代理人有权申请人民法院对以非法方法收集的证据依法予以排除。申请排除以非法方法收集的证据的，应当提供相关线索或者材料。\n第五十九条　【证据收集合法性的证明】在对证据收集的合法性进行法庭调查的过程中，人民检察院应当对证据收集的合法性加以证明。\n现有证据材料不能证明证据收集的合法性的，人民检察院可以提请人民法院通知有关侦查人员或者其他人员出庭说明情况；人民法院可以通知有关侦查人员或者其他人员出庭说明情况。有关侦查人员或者其他人员也可以要求出庭说明情况。经人民法院通知，有关人员应当出庭。\n第六十条　【非法证据的处理】对于经过法庭审理，确认或者不能排除存在本法第五十六条规定的以非法方法收集证据情形的，对有关证据应当予以排除。\n第六十一条　【证人证言法庭质证原则】证人证言必须在法庭上经过公诉人、被害人和被告人、辩护人双方质证并且查实以后，才能作为定案的根据。法庭查明证人有意作伪证或者隐匿罪证的时候，应当依法处理。\n第六十二条　【证人的资格与义务】凡是知道案件情况的人，都有作证的义务。\n生理上、精神上有缺陷或者年幼，不能辨别是非、不能正确表达的人，不能作证人。\n第六十三条　【证人及其近亲属的保护】人民法院、人民检察院和公安机关应当保障证人及其近亲属的安全。\n对证人及其近亲属进行威胁、侮辱、殴打或者打击报复，构成犯罪的，依法追究刑事责任；尚不够刑事处罚的，依法给予治安管理处罚。\n第六十四条　【证人、鉴定人与被害人的特殊保护】对于危害国家安全犯罪、恐怖活动犯罪、黑社会性质的组织犯罪、毒品犯罪等案件，证人、鉴定人、被害人因在诉讼中作证，本人或者其近亲属的人身安全面临危险的，人民法院、人民检察院和公安机关应当采取以下一项或者多项保护措施：\n（一）不公开真实姓名、住址和工作单位等个人信息；\n（二）采取不暴露外貌、真实声音等出庭作证措施；\n（三）禁止特定的人员接触证人、鉴定人、被害人及其近亲属；\n（四）对人身和住宅采取专门性保护措施；\n（五）其他必要的保护措施。\n证人、鉴定人、被害人认为因在诉讼中作证，本人或者其近亲属的人身安全面临危险的，可以向人民法院、人民检察院、公安机关请求予以保护。\n人民法院、人民检察院、公安机关依法采取保护措施，有关单位和个人应当配合。\n第六十五条　【证人作证费用的负担及待遇】证人因履行作证义务而支出的交通、住宿、就餐等费用，应当给予补助。证人作证的补助列入司法机关业务经费，由同级政府财政予以保障。\n有工作单位的证人作证，所在单位不得克扣或者变相克扣其工资、奖金及其他福利待遇。\n第六章　强制措施\n第六十六条　【拘传、取保候审、监视居住的概括规定】人民法院、人民检察院和公安机关根据案件情况，对犯罪嫌疑人、被告人可以拘传、取保候审或者监视居住。\n第六十七条　【取保候审的条件与执行】人民法院、人民检察院和公安机关对有下列情形之一的犯罪嫌疑人、被告人，可以取保候审：\n（一）可能判处管制、拘役或者独立适用附加刑的；\n（二）可能判处有期徒刑以上刑罚，采取取保候审不致发生社会危险性的；\n（三）患有严重疾病、生活不能自理，怀孕或者正在哺乳自己婴儿的妇女，采取取保候审不致发生社会危险性的；\n（四）羁押期限届满，案件尚未办结，需要采取取保候审的。\n取保候审由公安机关执行。\n第六十八条　【取保候审的方式】人民法院、人民检察院和公安机关决定对犯罪嫌疑人、被告人取保候审，应当责令犯罪嫌疑人、被告人提出保证人或者交纳保证金。\n第六十九条　【保证人的条件】保证人必须符合下列条件：\n（一）与本案无牵连；\n（二）有能力履行保证义务；\n（三）享有政治权利，人身自由未受到限制；\n（四）有固定的住处和收入。\n第七十条　【保证人的义务及不履行义务的法律后果】保证人应当履行以下义务：\n（一）监督被保证人遵守本法第七十一条的规定；\n（二）发现被保证人可能发生或者已经发生违反本法第七十一条规定的行为的，应当及时向执行机关报告。\n被保证人有违反本法第七十一条规定的行为，保证人未履行保证义务的，对保证人处以罚款，构成犯罪的，依法追究刑事责任。\n第七十一条　【被取保候审人的义务及违反义务的法律后果】被取保候审的犯罪嫌疑人、被告人应当遵守以下规定：\n（一）未经执行机关批准不得离开所居住的市、县；\n（二）住址、工作单位和联系方式发生变动的，在二十四小时以内向执行机关报告；\n（三）在传讯的时候及时到案；\n（四）不得以任何形式干扰证人作证；\n（五）不得毁灭、伪造证据或者串供。\n人民法院、人民检察院和公安机关可以根据案件情况，责令被取保候审的犯罪嫌疑人、被告人遵守以下一项或者多项规定：\n（一）不得进入特定的场所；\n（二）不得与特定的人员会见或者通信；\n（三）不得从事特定的活动；\n（四）将护照等出入境证件、驾驶证件交执行机关保存。\n被取保候审的犯罪嫌疑人、被告人违反前两款规定，已交纳保证金的，没收部分或者全部保证金，并且区别情形，责令犯罪嫌疑人、被告人具结悔过，重新交纳保证金、提出保证人，或者监视居住、予以逮捕。\n对违反取保候审规定，需要予以逮捕的，可以对犯罪嫌疑人、被告人先行拘留。\n第七十二条　【保证金数额的确定及缴纳】取保候审的决定机关应当综合考虑保证诉讼活动正常进行的需要，被取保候审人的社会危险性，案件的性质、情节，可能判处刑罚的轻重，被取保候审人的经济状况等情况，确定保证金的数额。\n提供保证金的人应当将保证金存入执行机关指定银行的专门账户。\n第七十三条　【保证金退还】犯罪嫌疑人、被告人在取保候审期间未违反本法第七十一条规定的，取保候审结束的时候，凭解除取保候审的通知或者有关法律文书到银行领取退还的保证金。\n第七十四条　【监视居住的条件与执行机关】人民法院、人民检察院和公安机关对符合逮捕条件，有下列情形之一的犯罪嫌疑人、被告人，可以监视居住：\n（一）患有严重疾病、生活不能自理的；\n（二）怀孕或者正在哺乳自己婴儿的妇女；\n（三）系生活不能自理的人的唯一扶养人；\n（四）因为案件的特殊情况或者办理案件的需要，采取监视居住措施更为适宜的；\n（五）羁押期限届满，案件尚未办结，需要采取监视居住措施的。\n对符合取保候审条件，但犯罪嫌疑人、被告人不能提出保证人，也不交纳保证金的，可以监视居住。\n监视居住由公安机关执行。\n第七十五条　【监视居住的执行与监督】监视居住应当在犯罪嫌疑人、被告人的住处执行；无固定住处的，可以在指定的居所执行。对于涉嫌危害国家安全犯罪、恐怖活动犯罪，在住处执行可能有碍侦查的，经上一级公安机关批准，也可以在指定的居所执行。但是，不得在羁押场所、专门的办案场所执行。\n指定居所监视居住的，除无法通知的以外，应当在执行监视居住后二十四小时以内，通知被监视居住人的家属。\n被监视居住的犯罪嫌疑人、被告人委托辩护人，适用本法第三十四条的规定。\n人民检察院对指定居所监视居住的决定和执行是否合法实行监督。\n第七十六条　【指定居所监视居住的刑期折抵】指定居所监视居住的期限应当折抵刑期。被判处管制的，监视居住一日折抵刑期一日；被判处拘役、有期徒刑的，监视居住二日折抵刑期一日。\n第七十七条　【被监视居住人的义务及违反义务的法律后果】被监视居住的犯罪嫌疑人、被告人应当遵守以下规定：\n（一）未经执行机关批准不得离开执行监视居住的处所；\n（二）未经执行机关批准不得会见他人或者通信；\n（三）在传讯的时候及时到案；\n（四）不得以任何形式干扰证人作证；\n（五）不得毁灭、伪造证据或者串供；\n（六）将护照等出入境证件、身份证件、驾驶证件交执行机关保存。\n被监视居住的犯罪嫌疑人、被告人违反前款规定，情节严重的，可以予以逮捕；需要予以逮捕的，可以对犯罪嫌疑人、被告人先行拘留。\n第七十八条　【对被监视居住人的监督与监控】执行机关对被监视居住的犯罪嫌疑人、被告人，可以采取电子监控、不定期检查等监视方法对其遵守监视居住规定的情况进行监督；在侦查期间，可以对被监视居住的犯罪嫌疑人的通信进行监控。\n第七十九条　【取保候审、监视居住的期限及其解除】人民法院、人民检察院和公安机关对犯罪嫌疑人、被告人取保候审最长不得超过十二个月，监视居住最长不得超过六个月。\n在取保候审、监视居住期间，不得中断对案件的侦查、起诉和审理。对于发现不应当追究刑事责任或者取保候审、监视居住期限届满的，应当及时解除取保候审、监视居住。解除取保候审、监视居住，应当及时通知被取保候审、监视居住人和有关单位。\n第八十条　【逮捕的权限划分】逮捕犯罪嫌疑人、被告人，必须经过人民检察院批准或者人民法院决定，由公安机关执行。\n第八十一条　【逮捕的条件】对有证据证明有犯罪事实，可能判处徒刑以上刑罚的犯罪嫌疑人、被告人，采取取保候审尚不足以防止发生下列社会危险性的，应当予以逮捕：\n（一）可能实施新的犯罪的；\n（二）有危害国家安全、公共安全或者社会秩序的现实危险的；\n（三）可能毁灭、伪造证据，干扰证人作证或者串供的；\n（四）可能对被害人、举报人、控告人实施打击报复的；\n（五）企图自杀或者逃跑的。\n批准或者决定逮捕，应当将犯罪嫌疑人、被告人涉嫌犯罪的性质、情节，认罪认罚等情况，作为是否可能发生社会危险性的考虑因素。\n对有证据证明有犯罪事实，可能判处十年有期徒刑以上刑罚的，或者有证据证明有犯罪事实，可能判处徒刑以上刑罚，曾经故意犯罪或者身份不明的，应当予以逮捕。\n被取保候审、监视居住的犯罪嫌疑人、被告人违反取保候审、监视居住规定，情节严重的，可以予以逮捕。\n第八十二条　【拘留的条件】公安机关对于现行犯或者重大嫌疑分子，如果有下列情形之一的，可以先行拘留：\n（一）正在预备犯罪、实行犯罪或者在犯罪后即时被发觉的；\n（二）被害人或者在场亲眼看见的人指认他犯罪的；\n（三）在身边或者住处发现有犯罪证据的；\n（四）犯罪后企图自杀、逃跑或者在逃的；\n（五）有毁灭、伪造证据或者串供可能的；\n（六）不讲真实姓名、住址，身份不明的；\n（七）有流窜作案、多次作案、结伙作案重大嫌疑的。\n第八十三条　【异地拘留、逮捕】公安机关在异地执行拘留、逮捕的时候，应当通知被拘留、逮捕人所在地的公安机关，被拘留、逮捕人所在地的公安机关应当予以配合。\n第八十四条　【扭送】对于有下列情形的人，任何公民都可以立即扭送公安机关、人民检察院或者人民法院处理：\n（一）正在实行犯罪或者在犯罪后即时被发觉的；\n（二）通缉在案的；\n（三）越狱逃跑的；\n（四）正在被追捕的。\n第八十五条　【拘留的程序】公安机关拘留人的时候，必须出示拘留证。\n拘留后，应当立即将被拘留人送看守所羁押，至迟不得超过二十四小时。除无法通知或者涉嫌危害国家安全犯罪、恐怖活动犯罪通知可能有碍侦查的情形以外，应当在拘留后二十四小时以内，通知被拘留人的家属。有碍侦查的情形消失以后，应当立即通知被拘留人的家属。\n第八十六条　【拘留的期限】公安机关对被拘留的人，应当在拘留后的二十四小时以内进行讯问。在发现不应当拘留的时候，必须立即释放，发给释放证明。\n第八十七条　【提请逮捕】公安机关要求逮捕犯罪嫌疑人的时候，应当写出提请批准逮捕书，连同案卷材料、证据，一并移送同级人民检察院审查批准。必要的时候，人民检察院可以派人参加公安机关对于重大案件的讨论。\n第八十八条　【批准逮捕中的讯问】人民检察院审查批准逮捕，可以讯问犯罪嫌疑人；有下列情形之一的，应当讯问犯罪嫌疑人：\n（一）对是否符合逮捕条件有疑问的；\n（二）犯罪嫌疑人要求向检察人员当面陈述的；\n（三）侦查活动可能有重大违法行为的。\n【批准逮捕中的询问与听取意见】人民检察院审查批准逮捕，可以询问证人等诉讼参与人，听取辩护律师的意见；辩护律师提出要求的，应当听取辩护律师的意见。\n第八十九条　【批捕权】人民检察院审查批准逮捕犯罪嫌疑人由检察长决定。重大案件应当提交检察委员会讨论决定。\n第九十条　【审查批捕】人民检察院对于公安机关提请批准逮捕的案件进行审查后，应当根据情况分别作出批准逮捕或者不批准逮捕的决定。对于批准逮捕的决定，公安机关应当立即执行，并且将执行情况及时通知人民检察院。对于不批准逮捕的，人民检察院应当说明理由，需要补充侦查的，应当同时通知公安机关。\n第九十一条　【提请批捕和审查批捕的时限】公安机关对被拘留的人，认为需要逮捕的，应当在拘留后的三日以内，提请人民检察院审查批准。在特殊情况下，提请审查批准的时间可以延长一日至四日。\n对于流窜作案、多次作案、结伙作案的重大嫌疑分子，提请审查批准的时间可以延长至三十日。\n人民检察院应当自接到公安机关提请批准逮捕书后的七日以内，作出批准逮捕或者不批准逮捕的决定。人民检察院不批准逮捕的，公安机关应当在接到通知后立即释放，并且将执行情况及时通知人民检察院。对于需要继续侦查，并且符合取保候审、监视居住条件的，依法取保候审或者监视居住。\n第九十二条　【不批捕的异议】公安机关对人民检察院不批准逮捕的决定，认为有错误的时候，可以要求复议，但是必须将被拘留的人立即释放。如果意见不被接受，可以向上一级人民检察院提请复核。上级人民检察院应当立即复核，作出是否变更的决定，通知下级人民检察院和公安机关执行。\n第九十三条　【逮捕的程序】公安机关逮捕人的时候，必须出示逮捕证。\n逮捕后，应当立即将被逮捕人送看守所羁押。除无法通知的以外，应当在逮捕后二十四小时以内，通知被逮捕人的家属。\n第九十四条　【逮捕后的处理】人民法院、人民检察院对于各自决定逮捕的人，公安机关对于经人民检察院批准逮捕的人，都必须在逮捕后的二十四小时以内进行讯问。在发现不应当逮捕的时候，必须立即释放，发给释放证明。\n第九十五条　【逮捕后的必要性审查】犯罪嫌疑人、被告人被逮捕后，人民检察院仍应当对羁押的必要性进行审查。对不需要继续羁押的，应当建议予以释放或者变更强制措施。有关机关应当在十日以内将处理情况通知人民检察院。\n第九十六条　【不当强制措施的撤销和变更】人民法院、人民检察院和公安机关如果发现对犯罪嫌疑人、被告人采取强制措施不当的，应当及时撤销或者变更。公安机关释放被逮捕的人或者变更逮捕措施的，应当通知原批准的人民检察院。\n第九十七条　【变更强制措施申请人】犯罪嫌疑人、被告人及其法定代理人、近亲属或者辩护人有权申请变更强制措施。人民法院、人民检察院和公安机关收到申请后，应当在三日以内作出决定；不同意变更强制措施的，应当告知申请人，并说明不同意的理由。\n第九十八条　【羁押期内不能办结的处理】犯罪嫌疑人、被告人被羁押的案件，不能在本法规定的侦查羁押、审查起诉、一审、二审期限内办结的，对犯罪嫌疑人、被告人应当予以释放；需要继续查证、审理的，对犯罪嫌疑人、被告人可以取保候审或者监视居住。\n第九十九条　【超期强制措施的处理】人民法院、人民检察院或者公安机关对被采取强制措施法定期限届满的犯罪嫌疑人、被告人，应当予以释放、解除取保候审、监视居住或者依法变更强制措施。犯罪嫌疑人、被告人及其法定代理人、近亲属或者辩护人对于人民法院、人民检察院或者公安机关采取强制措施法定期限届满的，有权要求解除强制措施。\n第一百条　【侦查监督】人民检察院在审查批准逮捕工作中，如果发现公安机关的侦查活动有违法情况，应当通知公安机关予以纠正，公安机关应当将纠正情况通知人民检察院。\n第七章　附带民事诉讼\n第一百零一条　【附带民事诉讼的提起】被害人由于被告人的犯罪行为而遭受物质损失的，在刑事诉讼过程中，有权提起附带民事诉讼。被害人死亡或者丧失行为能力的，被害人的法定代理人、近亲属有权提起附带民事诉讼。\n如果是国家财产、集体财产遭受损失的，人民检察院在提起公诉的时候，可以提起附带民事诉讼。\n第一百零二条　【财产保全】人民法院在必要的时候，可以采取保全措施，查封、扣押或者冻结被告人的财产。附带民事诉讼原告人或者人民检察院可以申请人民法院采取保全措施。人民法院采取保全措施，适用民事诉讼法的有关规定。\n第一百零三条　【附带民事诉讼的结案方式】人民法院审理附带民事诉讼案件，可以进行调解，或者根据物质损失情况作出判决、裁定。\n第一百零四条　【附带民事诉讼的审理】附带民事诉讼应当同刑事案件一并审判，只有为了防止刑事案件审判的过分迟延，才可以在刑事案件审判后，由同一审判组织继续审理附带民事诉讼。\n第八章　期间、送达\n第一百零五条　【期间及其计算】期间以时、日、月计算。\n期间开始的时和日不算在期间以内。\n法定期间不包括路途上的时间。上诉状或者其他文件在期满前已经交邮的，不算过期。\n期间的最后一日为节假日的，以节假日后的第一日为期满日期，但犯罪嫌疑人、被告人或者罪犯在押期间，应当至期满之日为止，不得因节假日而延长。\n第一百零六条　【期间恢复】当事人由于不能抗拒的原因或者有其他正当理由而耽误期限的，在障碍消除后五日以内，可以申请继续进行应当在期满以前完成的诉讼活动。\n前款申请是否准许，由人民法院裁定。\n第一百零七条　【送达】送达传票、通知书和其他诉讼文件应当交给收件人本人；如果本人不在，可以交给他的成年家属或者所在单位的负责人员代收。\n收件人本人或者代收人拒绝接收或者拒绝签名、盖章的时候，送达人可以邀请他的邻居或者其他见证人到场，说明情况，把文件留在他的住处，在送达证上记明拒绝的事由、送达的日期，由送达人签名，即认为已经送达。\n第九章　其他规定\n第一百零八条　【有关用语的解释】本法下列用语的含意是：\n（一）“侦查”是指公安机关、人民检察院对于刑事案件，依照法律进行的收集证据、查明案情的工作和有关的强制性措施；\n（二）“当事人”是指被害人、自诉人、犯罪嫌疑人、被告人、附带民事诉讼的原告人和被告人；\n（三）“法定代理人”是指被代理人的父母、养父母、监护人和负有保护责任的机关、团体的代表；\n（四）“诉讼参与人”是指当事人、法定代理人、诉讼代理人、辩护人、证人、鉴定人和翻译人员；\n（五）“诉讼代理人”是指公诉案件的被害人及其法定代理人或者近亲属、自诉案件的自诉人及其法定代理人委托代为参加诉讼的人和附带民事诉讼的当事人及其法定代理人委托代为参加诉讼的人；\n（六）“近亲属”是指夫、妻、父、母、子、女、同胞兄弟姊妹。\n第二编　立案、侦查和提起公诉\n第一章　立案\n第一百零九条　【立案的机关】公安机关或者人民检察院发现犯罪事实或者犯罪嫌疑人，应当按照管辖范围，立案侦查。\n第一百一十条　【立案的材料来源　对立案材料的接受和处理】任何单位和个人发现有犯罪事实或者犯罪嫌疑人，有权利也有义务向公安机关、人民检察院或者人民法院报案或者举报。\n被害人对侵犯其人身、财产权利的犯罪事实或者犯罪嫌疑人，有权向公安机关、人民检察院或者人民法院报案或者控告。\n公安机关、人民检察院或者人民法院对于报案、控告、举报，都应当接受。对于不属于自己管辖的，应当移送主管机关处理，并且通知报案人、控告人、举报人；对于不属于自己管辖而又必须采取紧急措施的，应当先采取紧急措施，然后移送主管机关。\n犯罪人向公安机关、人民检察院或者人民法院自首的，适用第三款规定。\n第一百一十一条　【报案、控告、举报的形式及要求】报案、控告、举报可以用书面或者口头提出。接受口头报案、控告、举报的工作人员，应当写成笔录，经宣读无误后，由报案人、控告人、举报人签名或者盖章。\n接受控告、举报的工作人员，应当向控告人、举报人说明诬告应负的法律责任。但是，只要不是捏造事实，伪造证据，即使控告、举报的事实有出入，甚至是错告的，也要和诬告严格加以区别。\n公安机关、人民检察院或者人民法院应当保障报案人、控告人、举报人及其近亲属的安全。报案人、控告人、举报人如果不愿公开自己的姓名和报案、控告、举报的行为，应当为他保守秘密。\n第一百一十二条　【对立案材料的审查和处理　立案的条件】人民法院、人民检察院或者公安机关对于报案、控告、举报和自首的材料，应当按照管辖范围，迅速进行审查，认为有犯罪事实需要追究刑事责任的时候，应当立案；认为没有犯罪事实，或者犯罪事实显著轻微，不需要追究刑事责任的时候，不予立案，并且将不立案的原因通知控告人。控告人如果不服，可以申请复议。\n第一百一十三条　【立案监督】人民检察院认为公安机关对应当立案侦查的案件而不立案侦查的，或者被害人认为公安机关对应当立案侦查的案件而不立案侦查，向人民检察院提出的，人民检察院应当要求公安机关说明不立案的理由。人民检察院认为公安机关不立案理由不能成立的，应当通知公安机关立案，公安机关接到通知后应当立案。\n第一百一十四条　【自诉的提起和受理】对于自诉案件，被害人有权向人民法院直接起诉。被害人死亡或者丧失行为能力的，被害人的法定代理人、近亲属有权向人民法院起诉。人民法院应当依法受理。\n第二章　侦查\n第一节　一般规定\n第一百一十五条　【侦查的一般要求】公安机关对已经立案的刑事案件，应当进行侦查，收集、调取犯罪嫌疑人有罪或者无罪、罪轻或者罪重的证据材料。对现行犯或者重大嫌疑分子可以依法先行拘留，对符合逮捕条件的犯罪嫌疑人，应当依法逮捕。\n第一百一十六条　【预审】公安机关经过侦查，对有证据证明有犯罪事实的案件，应当进行预审，对收集、调取的证据材料予以核实。\n第一百一十七条　【当事人、辩护人、诉讼代理人及其利害关系人申诉与控告权及其处理】当事人和辩护人、诉讼代理人、利害关系人对于司法机关及其工作人员有下列行为之一的，有权向该机关申诉或者控告：\n（一）采取强制措施法定期限届满，不予以释放、解除或者变更的；\n（二）应当退还取保候审保证金不退还的；\n（三）对与案件无关的财物采取查封、扣押、冻结措施的；\n（四）应当解除查封、扣押、冻结不解除的；\n（五）贪污、挪用、私分、调换、违反规定使用查封、扣押、冻结的财物的。\n受理申诉或者控告的机关应当及时处理。对处理不服的，可以向同级人民检察院申诉；人民检察院直接受理的案件，可以向上一级人民检察院申诉。人民检察院对申诉应当及时进行审查，情况属实的，通知有关机关予以纠正。\n第二节　讯问犯罪嫌疑人\n第一百一十八条　【讯问的主体】讯问犯罪嫌疑人必须由人民检察院或者公安机关的侦查人员负责进行。讯问的时候，侦查人员不得少于二人。\n犯罪嫌疑人被送交看守所羁押以后，侦查人员对其进行讯问，应当在看守所内进行。\n第一百一十九条　【讯问的时间与地点】对不需要逮捕、拘留的犯罪嫌疑人，可以传唤到犯罪嫌疑人所在市、县内的指定地点或者到他的住处进行讯问，但是应当出示人民检察院或者公安机关的证明文件。对在现场发现的犯罪嫌疑人，经出示工作证件，可以口头传唤，但应当在讯问笔录中注明。\n【传唤、拘传的限制性规定】传唤、拘传持续的时间不得超过十二小时；案情特别重大、复杂，需要采取拘留、逮捕措施的，传唤、拘传持续的时间不得超过二十四小时。\n不得以连续传唤、拘传的形式变相拘禁犯罪嫌疑人。传唤、拘传犯罪嫌疑人，应当保证犯罪嫌疑人的饮食和必要的休息时间。\n第一百二十条　【讯问的程序】侦查人员在讯问犯罪嫌疑人的时候，应当首先讯问犯罪嫌疑人是否有犯罪行为，让他陈述有罪的情节或者无罪的辩解，然后向他提出问题。犯罪嫌疑人对侦查人员的提问，应当如实回答。但是对与本案无关的问题，有拒绝回答的权利。\n侦查人员在讯问犯罪嫌疑人的时候，应当告知犯罪嫌疑人享有的诉讼权利，如实供述自己罪行可以从宽处理和认罪认罚的法律规定。\n第一百二十一条　【讯问聋、哑人的要求】讯问聋、哑的犯罪嫌疑人，应当有通晓聋、哑手势的人参加，并且将这种情况记明笔录。\n第一百二十二条　【讯问笔录的制作】讯问笔录应当交犯罪嫌疑人核对，对于没有阅读能力的，应当向他宣读。如果记载有遗漏或者差错，犯罪嫌疑人可以提出补充或者改正。犯罪嫌疑人承认笔录没有错误后，应当签名或者盖章。侦查人员也应当在笔录上签名。犯罪嫌疑人请求自行书写供述的，应当准许。必要的时候，侦查人员也可以要犯罪嫌疑人亲笔书写供词。\n第一百二十三条　【讯问的录音、录像】侦查人员在讯问犯罪嫌疑人的时候，可以对讯问过程进行录音或者录像；对于可能判处无期徒刑、死刑的案件或者其他重大犯罪案件，应当对讯问过程进行录音或者录像。\n录音或者录像应当全程进行，保持完整性。\n第三节　询问证人\n第一百二十四条　【询问证人的地点、方式与要求】侦查人员询问证人，可以在现场进行，也可以到证人所在单位、住处或者证人提出的地点进行，在必要的时候，可以通知证人到人民检察院或者公安机关提供证言。在现场询问证人，应当出示工作证件，到证人所在单位、住处或者证人提出的地点询问证人，应当出示人民检察院或者公安机关的证明文件。\n【个别询问原则】询问证人应当个别进行。\n第一百二十五条　【询问证人时的告知义务】询问证人，应当告知他应当如实地提供证据、证言和有意作伪证或者隐匿罪证要负的法律责任。\n第一百二十六条　【询问证人笔录的制作】本法第一百二十二条的规定，也适用于询问证人。\n第一百二十七条　【询问被害人的法律适用】询问被害人，适用本节各条规定。\n第四节　勘验、检查\n第一百二十八条　【勘验、检查的范围】侦查人员对于与犯罪有关的场所、物品、人身、尸体应当进行勘验或者检查。在必要的时候，可以指派或者聘请具有专门知识的人，在侦查人员的主持下进行勘验、检查。\n第一百二十九条　【现场保护及勘验】任何单位和个人，都有义务保护犯罪现场，并且立即通知公安机关派员勘验。\n第一百三十条　【执行勘验、检查】侦查人员执行勘验、检查，必须持有人民检察院或者公安机关的证明文件。\n第一百三十一条　【尸体解剖的程序】对于死因不明的尸体，公安机关有权决定解剖，并且通知死者家属到场。\n第一百三十二条　【人身检查】为了确定被害人、犯罪嫌疑人的某些特征、伤害情况或者生理状态，可以对人身进行检查，可以提取指纹信息，采集血液、尿液等生物样本。\n犯罪嫌疑人如果拒绝检查，侦查人员认为必要的时候，可以强制检查。\n检查妇女的身体，应当由女工作人员或者医师进行。\n第一百三十三条　【勘验、检查笔录的制作】勘验、检查的情况应当写成笔录，由参加勘验、检查的人和见证人签名或者盖章。\n第一百三十四条　【复验、复查】人民检察院审查案件的时候，对公安机关的勘验、检查，认为需要复验、复查时，可以要求公安机关复验、复查，并且可以派检察人员参加。\n第一百三十五条　【侦查实验】为了查明案情，在必要的时候，经公安机关负责人批准，可以进行侦查实验。\n侦查实验的情况应当写成笔录，由参加实验的人签名或者盖章。\n侦查实验，禁止一切足以造成危险、侮辱人格或者有伤风化的行为。\n第五节　搜查\n第一百三十六条　【搜查的对象】为了收集犯罪证据、查获犯罪人，侦查人员可以对犯罪嫌疑人以及可能隐藏罪犯或者犯罪证据的人的身体、物品、住处和其他有关的地方进行搜查。\n第一百三十七条　【协助义务的规定】任何单位和个人，有义务按照人民检察院和公安机关的要求，交出可以证明犯罪嫌疑人有罪或者无罪的物证、书证、视听资料等证据。\n第一百三十八条　【搜查证】进行搜查，必须向被搜查人出示搜查证。\n在执行逮捕、拘留的时候，遇有紧急情况，不另用搜查证也可以进行搜查。\n第一百三十九条　【搜查的程序和要求】在搜查的时候，应当有被搜查人或者他的家属，邻居或者其他见证人在场。\n搜查妇女的身体，应当由女工作人员进行。\n第一百四十条　【搜查笔录的制作】搜查的情况应当写成笔录，由侦查人员和被搜查人或者他的家属，邻居或者其他见证人签名或者盖章。如果被搜查人或者他的家属在逃或者拒绝签名、盖章，应当在笔录上注明。\n第六节　查封、扣押物证、书证\n第一百四十一条　【查封、扣押物证、书证的范围】在侦查活动中发现的可用以证明犯罪嫌疑人有罪或者无罪的各种财物、文件，应当查封、扣押；与案件无关的财物、文件，不得查封、扣押。\n对查封、扣押的财物、文件，要妥善保管或者封存，不得使用、调换或者损毁。\n第一百四十二条　【扣押清单的制作】对查封、扣押的财物、文件，应当会同在场见证人和被查封、扣押财物、文件持有人查点清楚，当场开列清单一式二份，由侦查人员、见证人和持有人签名或者盖章，一份交给持有人，另一份附卷备查。\n第一百四十三条　【扣押邮件、电报】侦查人员认为需要扣押犯罪嫌疑人的邮件、电报的时候，经公安机关或者人民检察院批准，即可通知邮电机关将有关的邮件、电报检交扣押。\n不需要继续扣押的时候，应即通知邮电机关。\n第一百四十四条　【查封、冻结财产】人民检察院、公安机关根据侦查犯罪的需要，可以依照规定查询、冻结犯罪嫌疑人的存款、汇款、债券、股票、基金份额等财产。有关单位和个人应当配合。\n【禁止重复冻结原则】犯罪嫌疑人的存款、汇款、债券、股票、基金份额等财产已被冻结的，不得重复冻结。\n第一百四十五条　【对扣押物的处理】对查封、扣押的财物、文件、邮件、电报或者冻结的存款、汇款、债券、股票、基金份额等财产，经查明确实与案件无关的，应当在三日以内解除查封、扣押、冻结，予以退还。\n第七节　鉴定\n第一百四十六条　【鉴定的范围 鉴定人的种类】为了查明案情，需要解决案件中某些专门性问题的时候，应当指派、聘请有专门知识的人进行鉴定。\n第一百四十七条　【鉴定的程序及法律责任】鉴定人进行鉴定后，应当写出鉴定意见，并且签名。\n鉴定人故意作虚假鉴定的，应当承担法律责任。\n第一百四十八条　【鉴定意见的告知义务　对鉴定意见的异议及其处理】侦查机关应当将用作证据的鉴定意见告知犯罪嫌疑人、被害人。如果犯罪嫌疑人、被害人提出申请，可以补充鉴定或者重新鉴定。\n第一百四十九条　【精神病鉴定的期间规定】对犯罪嫌疑人作精神病鉴定的期间不计入办案期限。\n第八节　技术侦查措施\n第一百五十条　【技术侦查措施实施原则】公安机关在立案后，对于危害国家安全犯罪、恐怖活动犯罪、黑社会性质的组织犯罪、重大毒品犯罪或者其他严重危害社会的犯罪案件，根据侦查犯罪的需要，经过严格的批准手续，可以采取技术侦查措施。\n人民检察院在立案后，对于利用职权实施的严重侵犯公民人身权利的重大犯罪案件，根据侦查犯罪的需要，经过严格的批准手续，可以采取技术侦查措施，按照规定交有关机关执行。\n追捕被通缉或者批准、决定逮捕的在逃的犯罪嫌疑人、被告人，经过批准，可以采取追捕所必需的技术侦查措施。\n第一百五十一条　【技术侦查措施决定的期限规定】批准决定应当根据侦查犯罪的需要，确定采取技术侦查措施的种类和适用对象。批准决定自签发之日起三个月以内有效。对于不需要继续采取技术侦查措施的，应当及时解除；对于复杂、疑难案件，期限届满仍有必要继续采取技术侦查措施的，经过批准，有效期可以延长，每次不得超过三个月。\n第一百五十二条　【技术侦查措施的实施要求】采取技术侦查措施，必须严格按照批准的措施种类、适用对象和期限执行。\n侦查人员对采取技术侦查措施过程中知悉的国家秘密、商业秘密和个人隐私，应当保密；对采取技术侦查措施获取的与案件无关的材料，必须及时销毁。\n采取技术侦查措施获取的材料，只能用于对犯罪的侦查、起诉和审判，不得用于其他用途。\n公安机关依法采取技术侦查措施，有关单位和个人应当配合，并对有关情况予以保密。\n第一百五十三条　【秘密侦查的适用原则】为了查明案情，在必要的时候，经公安机关负责人决定，可以由有关人员隐匿其身份实施侦查。但是，不得诱使他人犯罪，不得采用可能危害公共安全或者发生重大人身危险的方法。\n对涉及给付毒品等违禁品或者财物的犯罪活动，公安机关根据侦查犯罪的需要，可以依照规定实施控制下交付。\n第一百五十四条　【技术侦查措施取得证据的适用原则】依照本节规定采取侦查措施收集的材料在刑事诉讼中可以作为证据使用。如果使用该证据可能危及有关人员的人身安全，或者可能产生其他严重后果的，应当采取不暴露有关人员身份、技术方法等保护措施，必要的时候，可以由审判人员在庭外对证据进行核实。\n第九节　通缉\n第一百五十五条　【通缉的条件及程序】应当逮捕的犯罪嫌疑人如果在逃，公安机关可以发布通缉令，采取有效措施，追捕归案。\n各级公安机关在自己管辖的地区以内，可以直接发布通缉令；超出自己管辖的地区，应当报请有权决定的上级机关发布。\n第十节　侦查终结\n第一百五十六条　【一般侦查羁押期限】对犯罪嫌疑人逮捕后的侦查羁押期限不得超过二个月。案情复杂、期限届满不能终结的案件，可以经上一级人民检察院批准延长一个月。\n第一百五十七条　【特殊侦查羁押期限】因为特殊原因，在较长时间内不宜交付审判的特别重大复杂的案件，由最高人民检察院报请全国人民代表大会常务委员会批准延期审理。\n第一百五十八条　【重大复杂案件的侦查羁押期限】下列案件在本法第一百五十六条规定的期限届满不能侦查终结的，经省、自治区、直辖市人民检察院批准或者决定，可以延长二个月：\n（一）交通十分不便的边远地区的重大复杂案件；\n（二）重大的犯罪集团案件；\n（三）流窜作案的重大复杂案件；\n（四）犯罪涉及面广，取证困难的重大复杂案件。\n第一百五十九条　【重刑案件的侦查羁押期限】对犯罪嫌疑人可能判处十年有期徒刑以上刑罚，依照本法第一百五十八条规定延长期限届满，仍不能侦查终结的，经省、自治区、直辖市人民检察院批准或者决定，可以再延长二个月。\n第一百六十条　【侦查羁押期限的重新计算】在侦查期间，发现犯罪嫌疑人另有重要罪行的，自发现之日起依照本法第一百五十六条的规定重新计算侦查羁押期限。\n【特殊侦查羁押期限的起算】犯罪嫌疑人不讲真实姓名、住址，身份不明的，应当对其身份进行调查，侦查羁押期限自查清其身份之日起计算，但是不得停止对其犯罪行为的侦查取证。对于犯罪事实清楚，证据确实、充分，确实无法查明其身份的，也可以按其自报的姓名起诉、审判。\n第一百六十一条　【听取律师意见】在案件侦查终结前，辩护律师提出要求的，侦查机关应当听取辩护律师的意见，并记录在案。辩护律师提出书面意见的，应当附卷。\n第一百六十二条　【侦查终结】公安机关侦查终结的案件，应当做到犯罪事实清楚，证据确实、充分，并且写出起诉意见书，连同案卷材料、证据一并移送同级人民检察院审查决定；同时将案件移送情况告知犯罪嫌疑人及其辩护律师。\n犯罪嫌疑人自愿认罪的，应当记录在案，随案移送，并在起诉意见书中写明有关情况。\n第一百六十三条　【撤销案件】在侦查过程中，发现不应对犯罪嫌疑人追究刑事责任的，应当撤销案件；犯罪嫌疑人已被逮捕的，应当立即释放，发给释放证明，并且通知原批准逮捕的人民检察院。\n第十一节　人民检察院对直接受理的案件的侦查\n第一百六十四条　【人民检察院自行侦查案件的法律适用】人民检察院对直接受理的案件的侦查适用本章规定。\n第一百六十五条　【自侦案件中的拘留、逮捕及其执行】人民检察院直接受理的案件中符合本法第八十一条、第八十二条第四项、第五项规定情形，需要逮捕、拘留犯罪嫌疑人的，由人民检察院作出决定，由公安机关执行。\n第一百六十六条　【自侦案件中对被拘留人的处理】人民检察院对直接受理的案件中被拘留的人，应当在拘留后的二十四小时以内进行讯问。在发现不应当拘留的时候，必须立即释放，发给释放证明。\n第一百六十七条　【自侦案件中逮捕的时限规定】人民检察院对直接受理的案件中被拘留的人，认为需要逮捕的，应当在十四日以内作出决定。在特殊情况下，决定逮捕的时间可以延长一日至三日。对不需要逮捕的，应当立即释放；对需要继续侦查，并且符合取保候审、监视居住条件的，依法取保候审或者监视居住。\n第一百六十八条　【自侦案件侦查终结的处理】人民检察院侦查终结的案件，应当作出提起公诉、不起诉或者撤销案件的决定。\n第三章　提起公诉\n第一百六十九条　【公诉权】凡需要提起公诉的案件，一律由人民检察院审查决定。\n第一百七十条　【对监察机关移送起诉案件的审查】人民检察院对于监察机关移送起诉的案件，依照本法和监察法的有关规定进行审查。人民检察院经审查，认为需要补充核实的，应当退回监察机关补充调查，必要时可以自行补充侦查。\n【对监察机关移送案件强制措施的适用】对于监察机关移送起诉的已采取留置措施的案件，人民检察院应当对犯罪嫌疑人先行拘留，留置措施自动解除。人民检察院应当在拘留后的十日以内作出是否逮捕、取保候审或者监视居住的决定。在特殊情况下，决定的时间可以延长一日至四日。人民检察院决定采取强制措施的期间不计入审查起诉期限。\n第一百七十一条　【审查起诉的内容】人民检察院审查案件的时候，必须查明：\n（一）犯罪事实、情节是否清楚，证据是否确实、充分，犯罪性质和罪名的认定是否正确；\n（二）有无遗漏罪行和其他应当追究刑事责任的人；\n（三）是否属于不应追究刑事责任的；\n（四）有无附带民事诉讼；\n（五）侦查活动是否合法。\n第一百七十二条　【审查起诉的期限】人民检察院对于监察机关、公安机关移送起诉的案件，应当在一个月以内作出决定，重大、复杂的案件，可以延长十五日；犯罪嫌疑人认罪认罚，符合速裁程序适用条件的，应当在十日以内作出决定，对可能判处的有期徒刑超过一年的，可以延长至十五日。\n人民检察院审查起诉的案件，改变管辖的，从改变后的人民检察院收到案件之日起计算审查起诉期限。\n第一百七十三条　【审查起诉的程序】人民检察院审查案件，应当讯问犯罪嫌疑人，听取辩护人或者值班律师、被害人及其诉讼代理人的意见，并记录在案。辩护人或者值班律师、被害人及其诉讼代理人提出书面意见的，应当附卷。\n犯罪嫌疑人认罪认罚的，人民检察院应当告知其享有的诉讼权利和认罪认罚的法律规定，听取犯罪嫌疑人、辩护人或者值班律师、被害人及其诉讼代理人对下列事项的意见，并记录在案：\n（一）涉嫌的犯罪事实、罪名及适用的法律规定；\n（二）从轻、减轻或者免除处罚等从宽处罚的建议；\n（三）认罪认罚后案件审理适用的程序；\n（四）其他需要听取意见的事项。\n人民检察院依照前两款规定听取值班律师意见的，应当提前为值班律师了解案件有关情况提供必要的便利。\n第一百七十四条　【自愿认罪认罚的程序】犯罪嫌疑人自愿认罪，同意量刑建议和程序适用的，应当在辩护人或者值班律师在场的情况下签署认罪认罚具结书。\n犯罪嫌疑人认罪认罚，有下列情形之一的，不需要签署认罪认罚具结书：\n（一）犯罪嫌疑人是盲、聋、哑人，或者是尚未完全丧失辨认或者控制自己行为能力的精神病人的；\n（二）未成年犯罪嫌疑人的法定代理人、辩护人对未成年人认罪认罚有异议的；\n（三）其他不需要签署认罪认罚具结书的情形。\n第一百七十五条　【补充侦查】人民检察院审查案件，可以要求公安机关提供法庭审判所必需的证据材料；认为可能存在本法第五十六条规定的以非法方法收集证据情形的，可以要求其对证据收集的合法性作出说明。\n人民检察院审查案件，对于需要补充侦查的，可以退回公安机关补充侦查，也可以自行侦查。\n对于补充侦查的案件，应当在一个月以内补充侦查完毕。补充侦查以二次为限。补充侦查完毕移送人民检察院后，人民检察院重新计算审查起诉期限。\n对于二次补充侦查的案件，人民检察院仍然认为证据不足，不符合起诉条件的，应当作出不起诉的决定。\n第一百七十六条　【提起公诉的条件和程序】人民检察院认为犯罪嫌疑人的犯罪事实已经查清，证据确实、充分，依法应当追究刑事责任的，应当作出起诉决定，按照审判管辖的规定，向人民法院提起公诉，并将案卷材料、证据移送人民法院。\n【认罪认罚的量刑建议】犯罪嫌疑人认罪认罚的，人民检察院应当就主刑、附加刑、是否适用缓刑等提出量刑建议，并随案移送认罪认罚具结书等材料。\n第一百七十七条　【法定不起诉的条件】犯罪嫌疑人没有犯罪事实，或者有本法第十六条规定的情形之一的，人民检察院应当作出不起诉决定。\n【酌定不起诉的条件】对于犯罪情节轻微，依照刑法规定不需要判处刑罚或者免除刑罚的，人民检察院可以作出不起诉决定。\n【不起诉案件的处理】人民检察院决定不起诉的案件，应当同时对侦查中查封、扣押、冻结的财物解除查封、扣押、冻结。对被不起诉人需要给予行政处罚、处分或者需要没收其违法所得的，人民检察院应当提出检察意见，移送有关主管机关处理。有关主管机关应当将处理结果及时通知人民检察院。\n第一百七十八条　【不起诉决定的宣布】不起诉的决定，应当公开宣布，并且将不起诉决定书送达被不起诉人和他的所在单位。如果被不起诉人在押，应当立即释放。\n第一百七十九条　【公安机关对不起诉决定的复议、复核】对于公安机关移送起诉的案件，人民检察院决定不起诉的，应当将不起诉决定书送达公安机关。公安机关认为不起诉的决定有错误的时候，可以要求复议，如果意见不被接受，可以向上一级人民检察院提请复核。\n第一百八十条　【被害人对不起诉决定的异议】对于有被害人的案件，决定不起诉的，人民检察院应当将不起诉决定书送达被害人。被害人如果不服，可以自收到决定书后七日以内向上一级人民检察院申诉，请求提起公诉。人民检察院应当将复查决定告知被害人。对人民检察院维持不起诉决定的，被害人可以向人民法院起诉。被害人也可以不经申诉，直接向人民法院起诉。人民法院受理案件后，人民检察院应当将有关案件材料移送人民法院。\n第一百八十一条　【被不起诉人对不起诉决定的申诉】对于人民检察院依照本法第一百七十七条第二款规定作出的不起诉决定，被不起诉人如果不服，可以自收到决定书后七日以内向人民检察院申诉。人民检察院应当作出复查决定，通知被不起诉的人，同时抄送公安机关。\n第一百八十二条　【特殊案件的撤销、不起诉】犯罪嫌疑人自愿如实供述涉嫌犯罪的事实，有重大立功或者案件涉及国家重大利益的，经最高人民检察院核准，公安机关可以撤销案件，人民检察院可以作出不起诉决定，也可以对涉嫌数罪中的一项或者多项不起诉。\n根据前款规定不起诉或者撤销案件的，人民检察院、公安机关应当及时对查封、扣押、冻结的财物及其孳息作出处理。\n第三编　审判\n第一章　审判组织\n第一百八十三条　【合议庭组成】基层人民法院、中级人民法院审判第一审案件，应当由审判员三人或者由审判员和人民陪审员共三人或者七人组成合议庭进行，但是基层人民法院适用简易程序、速裁程序的案件可以由审判员一人独任审判。\n高级人民法院审判第一审案件，应当由审判员三人至七人或者由审判员和人民陪审员共三人或者七人组成合议庭进行。\n最高人民法院审判第一审案件，应当由审判员三人至七人组成合议庭进行。\n人民法院审判上诉和抗诉案件，由审判员三人或者五人组成合议庭进行。\n合议庭的成员人数应当是单数。\n第一百八十四条　【合议庭评议原则】合议庭进行评议的时候，如果意见分歧，应当按多数人的意见作出决定，但是少数人的意见应当写入笔录。评议笔录由合议庭的组成人员签名。\n第一百八十五条　【案件提交审判委员会】合议庭开庭审理并且评议后，应当作出判决。对于疑难、复杂、重大的案件，合议庭认为难以作出决定的，由合议庭提请院长决定提交审判委员会讨论决定。审判委员会的决定，合议庭应当执行。\n第二章　第一审程序\n第一节　公诉案件\n第一百八十六条　【对公诉案件的审查】人民法院对提起公诉的案件进行审查后，对于起诉书中有明确的指控犯罪事实的，应当决定开庭审判。\n第一百八十七条　【开庭前的准备】人民法院决定开庭审判后，应当确定合议庭的组成人员，将人民检察院的起诉书副本至迟在开庭十日以前送达被告人及其辩护人。\n在开庭以前，审判人员可以召集公诉人、当事人和辩护人、诉讼代理人，对回避、出庭证人名单、非法证据排除等与审判相关的问题，了解情况，听取意见。\n人民法院确定开庭日期后，应当将开庭的时间、地点通知人民检察院，传唤当事人，通知辩护人、诉讼代理人、证人、鉴定人和翻译人员，传票和通知书至迟在开庭三日以前送达。公开审判的案件，应当在开庭三日以前先期公布案由、被告人姓名、开庭时间和地点。\n上述活动情形应当写入笔录，由审判人员和书记员签名。\n第一百八十八条　【公开审理、不公开审理】人民法院审判第一审案件应当公开进行。但是有关国家秘密或者个人隐私的案件，不公开审理；涉及商业秘密的案件，当事人申请不公开审理的，可以不公开审理。\n不公开审理的案件，应当当庭宣布不公开审理的理由。\n第一百八十九条　【出庭支持公诉】人民法院审判公诉案件，人民检察院应当派员出席法庭支持公诉。\n第一百九十条　【开庭】开庭的时候，审判长查明当事人是否到庭，宣布案由；宣布合议庭的组成人员、书记员、公诉人、辩护人、诉讼代理人、鉴定人和翻译人员的名单；告知当事人有权对合议庭组成人员、书记员、公诉人、鉴定人和翻译人员申请回避；告知被告人享有辩护权利。\n【对认罪认罚的审查】被告人认罪认罚的，审判长应当告知被告人享有的诉讼权利和认罪认罚的法律规定，审查认罪认罚的自愿性和认罪认罚具结书内容的真实性、合法性。\n第一百九十一条　【法庭调查】公诉人在法庭上宣读起诉书后，被告人、被害人可以就起诉书指控的犯罪进行陈述，公诉人可以讯问被告人。\n被害人、附带民事诉讼的原告人和辩护人、诉讼代理人，经审判长许可，可以向被告人发问。\n审判人员可以讯问被告人。\n第一百九十二条　【出庭作证】公诉人、当事人或者辩护人、诉讼代理人对证人证言有异议，且该证人证言对案件定罪量刑有重大影响，人民法院认为证人有必要出庭作证的，证人应当出庭作证。\n人民警察就其执行职务时目击的犯罪情况作为证人出庭作证，适用前款规定。\n公诉人、当事人或者辩护人、诉讼代理人对鉴定意见有异议，人民法院认为鉴定人有必要出庭的，鉴定人应当出庭作证。经人民法院通知，鉴定人拒不出庭作证的，鉴定意见不得作为定案的根据。\n第一百九十三条　【强制出庭作证】经人民法院通知，证人没有正当理由不出庭作证的，人民法院可以强制其到庭，但是被告人的配偶、父母、子女除外。\n证人没有正当理由拒绝出庭或者出庭后拒绝作证的，予以训诫，情节严重的，经院长批准，处以十日以下的拘留。被处罚人对拘留决定不服的，可以向上一级人民法院申请复议。复议期间不停止执行。\n第一百九十四条　【调查核实证言、鉴定结论】证人作证，审判人员应当告知他要如实地提供证言和有意作伪证或者隐匿罪证要负的法律责任。公诉人、当事人和辩护人、诉讼代理人经审判长许可，可以对证人、鉴定人发问。审判长认为发问的内容与案件无关的时候，应当制止。\n审判人员可以询问证人、鉴定人。\n第一百九十五条　【调查核实物证、证据文书】公诉人、辩护人应当向法庭出示物证，让当事人辨认，对未到庭的证人的证言笔录、鉴定人的鉴定意见、勘验笔录和其他作为证据的文书，应当当庭宣读。审判人员应当听取公诉人、当事人和辩护人、诉讼代理人的意见。\n第一百九十六条　【休庭调查】法庭审理过程中，合议庭对证据有疑问的，可以宣布休庭，对证据进行调查核实。\n人民法院调查核实证据，可以进行勘验、检查、查封、扣押、鉴定和查询、冻结。\n第一百九十七条　【调取新证据】法庭审理过程中，当事人和辩护人、诉讼代理人有权申请通知新的证人到庭，调取新的物证，申请重新鉴定或者勘验。\n公诉人、当事人和辩护人、诉讼代理人可以申请法庭通知有专门知识的人出庭，就鉴定人作出的鉴定意见提出意见。\n法庭对于上述申请，应当作出是否同意的决定。\n第二款规定的有专门知识的人出庭，适用鉴定人的有关规定。\n第一百九十八条　【法庭辩论和最后陈述】法庭审理过程中，对与定罪、量刑有关的事实、证据都应当进行调查、辩论。\n经审判长许可，公诉人、当事人和辩护人、诉讼代理人可以对证据和案件情况发表意见并且可以互相辩论。\n审判长在宣布辩论终结后，被告人有最后陈述的权利。\n第一百九十九条　【违反法庭秩序的处理】在法庭审判过程中，如果诉讼参与人或者旁听人员违反法庭秩序，审判长应当警告制止。对不听制止的，可以强行带出法庭；情节严重的，处以一千元以下的罚款或者十五日以下的拘留。罚款、拘留必须经院长批准。被处罚人对罚款、拘留的决定不服的，可以向上一级人民法院申请复议。复议期间不停止执行。\n对聚众哄闹、冲击法庭或者侮辱、诽谤、威胁、殴打司法工作人员或者诉讼参与人，严重扰乱法庭秩序，构成犯罪的，依法追究刑事责任。\n第二百条　【评议、判决】在被告人最后陈述后，审判长宣布休庭，合议庭进行评议，根据已经查明的事实、证据和有关的法律规定，分别作出以下判决：\n（一）案件事实清楚，证据确实、充分，依据法律认定被告人有罪的，应当作出有罪判决；\n（二）依据法律认定被告人无罪的，应当作出无罪判决；\n（三）证据不足，不能认定被告人有罪的，应当作出证据不足、指控的犯罪不能成立的无罪判决。\n第二百零一条　【法院对认罪认罚案件量刑建议的处理】对于认罪认罚案件，人民法院依法作出判决时，一般应当采纳人民检察院指控的罪名和量刑建议，但有下列情形的除外：\n（一）被告人的行为不构成犯罪或者不应当追究其刑事责任的；\n（二）被告人违背意愿认罪认罚的；\n（三）被告人否认指控的犯罪事实的；\n（四）起诉指控的罪名与审理认定的罪名不一致的；\n（五）其他可能影响公正审判的情形。\n人民法院经审理认为量刑建议明显不当，或者被告人、辩护人对量刑建议提出异议的，人民检察院可以调整量刑建议。人民检察院不调整量刑建议或者调整量刑建议后仍然明显不当的，人民法院应当依法作出判决。\n第二百零二条　【宣告判决】宣告判决，一律公开进行。\n当庭宣告判决的，应当在五日以内将判决书送达当事人和提起公诉的人民检察院；定期宣告判决的，应当在宣告后立即将判决书送达当事人和提起公诉的人民检察院。判决书应当同时送达辩护人、诉讼代理人。\n第二百零三条　【判决书】判决书应当由审判人员和书记员署名，并且写明上诉的期限和上诉的法院。\n第二百零四条　【延期审理】在法庭审判过程中，遇有下列情形之一，影响审判进行的，可以延期审理：\n（一）需要通知新的证人到庭，调取新的物证，重新鉴定或者勘验的；\n（二）检察人员发现提起公诉的案件需要补充侦查，提出建议的；\n（三）由于申请回避而不能进行审判的。\n第二百零五条　【法庭审理中补充侦查的时限】依照本法第二百零四条第二项的规定延期审理的案件，人民检察院应当在一个月以内补充侦查完毕。\n第二百零六条　【中止审理】在审判过程中，有下列情形之一，致使案件在较长时间内无法继续审理的，可以中止审理：\n（一）被告人患有严重疾病，无法出庭的；\n（二）被告人脱逃的；\n（三）自诉人患有严重疾病，无法出庭，未委托诉讼代理人出庭的；\n（四）由于不能抗拒的原因。\n中止审理的原因消失后，应当恢复审理。中止审理的期间不计入审理期限。\n第二百零七条　【法庭笔录】法庭审判的全部活动，应当由书记员写成笔录，经审判长审阅后，由审判长和书记员签名。\n法庭笔录中的证人证言部分，应当当庭宣读或者交给证人阅读。证人在承认没有错误后，应当签名或者盖章。\n法庭笔录应当交给当事人阅读或者向他宣读。当事人认为记载有遗漏或者差错的，可以请求补充或者改正。当事人承认没有错误后，应当签名或者盖章。\n第二百零八条　【公诉案件的审限】人民法院审理公诉案件，应当在受理后二个月以内宣判，至迟不得超过三个月。对于可能判处死刑的案件或者附带民事诉讼的案件，以及有本法第一百五十八条规定情形之一的，经上一级人民法院批准，可以延长三个月；因特殊情况还需要延长的，报请最高人民法院批准。\n人民法院改变管辖的案件，从改变后的人民法院收到案件之日起计算审理期限。\n人民检察院补充侦查的案件，补充侦查完毕移送人民法院后，人民法院重新计算审理期限。\n第二百零九条　【审判监督】人民检察院发现人民法院审理案件违反法律规定的诉讼程序，有权向人民法院提出纠正意见。\n第二节　自诉案件\n第二百一十条　【自诉案件范围】自诉案件包括下列案件：\n（一）告诉才处理的案件；\n（二）被害人有证据证明的轻微刑事案件；\n（三）被害人有证据证明对被告人侵犯自己人身、财产权利的行为应当依法追究刑事责任，而公安机关或者人民检察院不予追究被告人刑事责任的案件。\n第二百一十一条　【自诉案件审查后的处理】人民法院对于自诉案件进行审查后，按照下列情形分别处理：\n（一）犯罪事实清楚，有足够证据的案件，应当开庭审判；\n（二）缺乏罪证的自诉案件，如果自诉人提不出补充证据，应当说服自诉人撤回自诉，或者裁定驳回。\n自诉人经两次依法传唤，无正当理由拒不到庭的，或者未经法庭许可中途退庭的，按撤诉处理。\n法庭审理过程中，审判人员对证据有疑问，需要调查核实的，适用本法第一百九十六条的规定。\n第二百一十二条　【自诉案件的结案方式】人民法院对自诉案件，可以进行调解；自诉人在宣告判决前，可以同被告人自行和解或者撤回自诉。本法第二百一十条第三项规定的案件不适用调解。\n人民法院审理自诉案件的期限，被告人被羁押的，适用本法第二百零八条第一款、第二款的规定；未被羁押的，应当在受理后六个月以内宣判。\n第二百一十三条　【反诉】自诉案件的被告人在诉讼过程中，可以对自诉人提起反诉。反诉适用自诉的规定。\n第三节　简易程序\n第二百一十四条　【简易程序的适用范围】基层人民法院管辖的案件，符合下列条件的，可以适用简易程序审判：\n（一）案件事实清楚、证据充分的；\n（二）被告人承认自己所犯罪行，对指控的犯罪事实没有异议的；\n（三）被告人对适用简易程序没有异议的。\n人民检察院在提起公诉的时候，可以建议人民法院适用简易程序。\n第二百一十五条　【不适用简易程序的情形】有下列情形之一的，不适用简易程序：\n（一）被告人是盲、聋、哑人，或者是尚未完全丧失辨认或者控制自己行为能力的精神病人的；\n（二）有重大社会影响的；\n（三）共同犯罪案件中部分被告人不认罪或者对适用简易程序有异议的；\n（四）其他不宜适用简易程序审理的。\n第二百一十六条　【适用简易程序审理案件的审判组织】适用简易程序审理案件，对可能判处三年有期徒刑以下刑罚的，可以组成合议庭进行审判，也可以由审判员一人独任审判；对可能判处的有期徒刑超过三年的，应当组成合议庭进行审判。\n【出庭支持简易程序审理公诉案件】适用简易程序审理公诉案件，人民检察院应当派员出席法庭。\n第二百一十七条　【简易程序的开庭准备】适用简易程序审理案件，审判人员应当询问被告人对指控的犯罪事实的意见，告知被告人适用简易程序审理的法律规定，确认被告人是否同意适用简易程序审理。\n第二百一十八条　【简易程序中的法庭辩论】适用简易程序审理案件，经审判人员许可，被告人及其辩护人可以同公诉人、自诉人及其诉讼代理人互相辩论。\n第二百一十九条　【简易程序的程序简化】适用简易程序审理案件，不受本章第一节关于送达期限、讯问被告人、询问证人、鉴定人、出示证据、法庭辩论程序规定的限制。但在判决宣告前应当听取被告人的最后陈述意见。\n第二百二十条　【简易程序的审限】适用简易程序审理案件，人民法院应当在受理后二十日以内审结；对可能判处的有期徒刑超过三年的，可以延长至一个半月。\n第二百二十一条　【简易程序变更为第一审普通程序】人民法院在审理过程中，发现不宜适用简易程序的，应当按照本章第一节或者第二节的规定重新审理。\n第四节　速裁程序\n第二百二十二条　【速裁程序适用的条件】基层人民法院管辖的可能判处三年有期徒刑以下刑罚的案件，案件事实清楚，证据确实、充分，被告人认罪认罚并同意适用速裁程序的，可以适用速裁程序，由审判员一人独任审判。\n人民检察院在提起公诉的时候，可以建议人民法院适用速裁程序。\n第二百二十三条　【不适用速裁程序的情形】有下列情形之一的，不适用速裁程序：\n（一）被告人是盲、聋、哑人，或者是尚未完全丧失辨认或者控制自己行为能力的精神病人的；\n（二）被告人是未成年人的；\n（三）案件有重大社会影响的；\n（四）共同犯罪案件中部分被告人对指控的犯罪事实、罪名、量刑建议或者适用速裁程序有异议的；\n（五）被告人与被害人或者其法定代理人没有就附带民事诉讼赔偿等事项达成调解或者和解协议的；\n（六）其他不宜适用速裁程序审理的。\n第二百二十四条　【速裁程序的具体适用】适用速裁程序审理案件，不受本章第一节规定的送达期限的限制，一般不进行法庭调查、法庭辩论，但在判决宣告前应当听取辩护人的意见和被告人的最后陈述意见。\n适用速裁程序审理案件，应当当庭宣判。\n第二百二十五条　【速裁程序案件的审期】适用速裁程序审理案件，人民法院应当在受理后十日以内审结；对可能判处的有期徒刑超过一年的，可以延长至十五日。\n第二百二十六条　【审理中出现不宜适用速裁程序情形的处理】人民法院在审理过程中，发现有被告人的行为不构成犯罪或者不应当追究其刑事责任、被告人违背意愿认罪认罚、被告人否认指控的犯罪事实或者其他不宜适用速裁程序审理的情形的，应当按照本章第一节或者第三节的规定重新审理。\n第三章　第二审程序\n第二百二十七条　【上诉的提起】被告人、自诉人和他们的法定代理人，不服地方各级人民法院第一审的判决、裁定，有权用书状或者口头向上一级人民法院上诉。被告人的辩护人和近亲属，经被告人同意，可以提出上诉。\n附带民事诉讼的当事人和他们的法定代理人，可以对地方各级人民法院第一审的判决、裁定中的附带民事诉讼部分，提出上诉。\n对被告人的上诉权，不得以任何借口加以剥夺。\n第二百二十八条　【抗诉的提起】地方各级人民检察院认为本级人民法院第一审的判决、裁定确有错误的时候，应当向上一级人民法院提出抗诉。\n第二百二十九条　【公诉案件被害人请求抗诉】被害人及其法定代理人不服地方各级人民法院第一审的判决的，自收到判决书后五日以内，有权请求人民检察院提出抗诉。人民检察院自收到被害人及其法定代理人的请求后五日以内，应当作出是否抗诉的决定并且答复请求人。\n第二百三十条　【上诉、抗诉的期限】不服判决的上诉和抗诉的期限为十日，不服裁定的上诉和抗诉的期限为五日，从接到判决书、裁定书的第二日起算。\n第二百三十一条　【上诉的方式】被告人、自诉人、附带民事诉讼的原告人和被告人通过原审人民法院提出上诉的，原审人民法院应当在三日以内将上诉状连同案卷、证据移送上一级人民法院，同时将上诉状副本送交同级人民检察院和对方当事人。\n被告人、自诉人、附带民事诉讼的原告人和被告人直接向第二审人民法院提出上诉的，第二审人民法院应当在三日以内将上诉状交原审人民法院送交同级人民检察院和对方当事人。\n第二百三十二条　【抗诉的方式】地方各级人民检察院对同级人民法院第一审判决、裁定的抗诉，应当通过原审人民法院提出抗诉书，并且将抗诉书抄送上一级人民检察院。原审人民法院应当将抗诉书连同案卷、证据移送上一级人民法院，并且将抗诉书副本送交当事人。\n上级人民检察院如果认为抗诉不当，可以向同级人民法院撤回抗诉，并且通知下级人民检察院。\n第二百三十三条　【上诉、抗诉案件的审查】第二审人民法院应当就第一审判决认定的事实和适用法律进行全面审查，不受上诉或者抗诉范围的限制。\n共同犯罪的案件只有部分被告人上诉的，应当对全案进行审查，一并处理。\n第二百三十四条　【二审审理方式】第二审人民法院对于下列案件，应当组成合议庭，开庭审理：\n（一）被告人、自诉人及其法定代理人对第一审认定的事实、证据提出异议，可能影响定罪量刑的上诉案件；\n（二）被告人被判处死刑的上诉案件；\n（三）人民检察院抗诉的案件；\n（四）其他应当开庭审理的案件。\n第二审人民法院决定不开庭审理的，应当讯问被告人，听取其他当事人、辩护人、诉讼代理人的意见。\n第二审人民法院开庭审理上诉、抗诉案件，可以到案件发生地或者原审人民法院所在地进行。\n第二百三十五条　【二审检察人员出庭】人民检察院提出抗诉的案件或者第二审人民法院开庭审理的公诉案件，同级人民检察院都应当派员出席法庭。第二审人民法院应当在决定开庭审理后及时通知人民检察院查阅案卷。人民检察院应当在一个月以内查阅完毕。人民检察院查阅案卷的时间不计入审理期限。\n第二百三十六条　【二审后处理】第二审人民法院对不服第一审判决的上诉、抗诉案件，经过审理后，应当按照下列情形分别处理：\n（一）原判决认定事实和适用法律正确、量刑适当的，应当裁定驳回上诉或者抗诉，维持原判；\n（二）原判决认定事实没有错误，但适用法律有错误，或者量刑不当的，应当改判；\n（三）原判决事实不清楚或者证据不足的，可以在查清事实后改判；也可以裁定撤销原判，发回原审人民法院重新审判。\n原审人民法院对于依照前款第三项规定发回重新审判的案件作出判决后，被告人提出上诉或者人民检察院提出抗诉的，第二审人民法院应当依法作出判决或者裁定，不得再发回原审人民法院重新审判。\n第二百三十七条　【上诉不加刑及其限制】第二审人民法院审理被告人或者他的法定代理人、辩护人、近亲属上诉的案件，不得加重被告人的刑罚。第二审人民法院发回原审人民法院重新审判的案件，除有新的犯罪事实，人民检察院补充起诉的以外，原审人民法院也不得加重被告人的刑罚。\n人民检察院提出抗诉或者自诉人提出上诉的，不受前款规定的限制。\n第二百三十八条　【一审违反法定程序案件的处理】第二审人民法院发现第一审人民法院的审理有下列违反法律规定的诉讼程序的情形之一的，应当裁定撤销原判，发回原审人民法院重新审判：\n（一）违反本法有关公开审判的规定的；\n（二）违反回避制度的；\n（三）剥夺或者限制了当事人的法定诉讼权利，可能影响公正审判的；\n（四）审判组织的组成不合法的；\n（五）其他违反法律规定的诉讼程序，可能影响公正审判的。\n第二百三十九条　【重审】原审人民法院对于发回重新审判的案件，应当另行组成合议庭，依照第一审程序进行审判。对于重新审判后的判决，依照本法第二百二十七条、第二百二十八条、第二百二十九条的规定可以上诉、抗诉。\n第二百四十条　【对裁定的二审】第二审人民法院对不服第一审裁定的上诉或者抗诉，经过审查后，应当参照本法第二百三十六条、第二百三十八条和第二百三十九条的规定，分别情形用裁定驳回上诉、抗诉，或者撤销、变更原裁定。\n第二百四十一条　【重审审限】第二审人民法院发回原审人民法院重新审判的案件，原审人民法院从收到发回的案件之日起，重新计算审理期限。\n第二百四十二条　【二审程序】第二审人民法院审判上诉或者抗诉案件的程序，除本章已有规定的以外，参照第一审程序的规定进行。\n第二百四十三条　【二审审限】第二审人民法院受理上诉、抗诉案件，应当在二个月以内审结。对于可能判处死刑的案件或者附带民事诉讼的案件，以及有本法第一百五十八条规定情形之一的，经省、自治区、直辖市高级人民法院批准或者决定，可以延长二个月；因特殊情况还需要延长的，报请最高人民法院批准。\n最高人民法院受理上诉、抗诉案件的审理期限，由最高人民法院决定。\n第二百四十四条　【二审效力】第二审的判决、裁定和最高人民法院的判决、裁定，都是终审的判决、裁定。\n第二百四十五条　【对查封、扣押、冻结物品的处理】公安机关、人民检察院和人民法院对查封、扣押、冻结的犯罪嫌疑人、被告人的财物及其孳息，应当妥善保管，以供核查，并制作清单，随案移送。任何单位和个人不得挪用或者自行处理。对被害人的合法财产，应当及时返还。对违禁品或者不宜长期保存的物品，应当依照国家有关规定处理。\n对作为证据使用的实物应当随案移送，对不宜移送的，应当将其清单、照片或者其他证明文件随案移送。\n人民法院作出的判决，应当对查封、扣押、冻结的财物及其孳息作出处理。\n人民法院作出的判决生效以后，有关机关应当根据判决对查封、扣押、冻结的财物及其孳息进行处理。对查封、扣押、冻结的赃款赃物及其孳息，除依法返还被害人的以外，一律上缴国库。\n司法工作人员贪污、挪用或者私自处理查封、扣押、冻结的财物及其孳息的，依法追究刑事责任；不构成犯罪的，给予处分。\n第四章　死刑复核程序\n第二百四十六条　【死刑核准权】死刑由最高人民法院核准。\n第二百四十七条　【死刑复核程序】中级人民法院判处死刑的第一审案件，被告人不上诉的，应当由高级人民法院复核后，报请最高人民法院核准。高级人民法院不同意判处死刑的，可以提审或者发回重新审判。\n高级人民法院判处死刑的第一审案件被告人不上诉的，和判处死刑的第二审案件，都应当报请最高人民法院核准。\n第二百四十八条　【死缓核准权】中级人民法院判处死刑缓期二年执行的案件，由高级人民法院核准。\n第二百四十九条　【死刑复核的合议庭组成】最高人民法院复核死刑案件，高级人民法院复核死刑缓期执行的案件，应当由审判员三人组成合议庭进行。\n第二百五十条　【死刑复核的结果】最高人民法院复核死刑案件，应当作出核准或者不核准死刑的裁定。对于不核准死刑的，最高人民法院可以发回重新审判或者予以改判。\n第二百五十一条　【死刑复核的调查】最高人民法院复核死刑案件，应当讯问被告人，辩护律师提出要求的，应当听取辩护律师的意见。\n【死刑复核中的检察监督】在复核死刑案件过程中，最高人民检察院可以向最高人民法院提出意见。最高人民法院应当将死刑复核结果通报最高人民检察院。\n第五章　审判监督程序\n第二百五十二条　【申诉的提出】当事人及其法定代理人、近亲属，对已经发生法律效力的判决、裁定，可以向人民法院或者人民检察院提出申诉，但是不能停止判决、裁定的执行。\n第二百五十三条　【因申诉而重新审判的情形】当事人及其法定代理人、近亲属的申诉符合下列情形之一的，人民法院应当重新审判：\n（一）有新的证据证明原判决、裁定认定的事实确有错误，可能影响定罪量刑的；\n（二）据以定罪量刑的证据不确实、不充分、依法应当予以排除，或者证明案件事实的主要证据之间存在矛盾的；\n（三）原判决、裁定适用法律确有错误的；\n（四）违反法律规定的诉讼程序，可能影响公正审判的；\n（五）审判人员在审理该案件的时候，有贪污受贿，徇私舞弊，枉法裁判行为的。\n第二百五十四条　【提起审判监督程序的主体及理由】各级人民法院院长对本院已经发生法律效力的判决和裁定，如果发现在认定事实上或者在适用法律上确有错误，必须提交审判委员会处理。\n最高人民法院对各级人民法院已经发生法律效力的判决和裁定，上级人民法院对下级人民法院已经发生法律效力的判决和裁定，如果发现确有错误，有权提审或者指令下级人民法院再审。\n最高人民检察院对各级人民法院已经发生法律效力的判决和裁定，上级人民检察院对下级人民法院已经发生法律效力的判决和裁定，如果发现确有错误，有权按照审判监督程序向同级人民法院提出抗诉。\n人民检察院抗诉的案件，接受抗诉的人民法院应当组成合议庭重新审理，对于原判决事实不清楚或者证据不足的，可以指令下级人民法院再审。\n第二百五十五条　【指令再审的法院】上级人民法院指令下级人民法院再审的，应当指令原审人民法院以外的下级人民法院审理；由原审人民法院审理更为适宜的，也可以指令原审人民法院审理。\n第二百五十六条　【重新审判的程序】人民法院按照审判监督程序重新审判的案件，由原审人民法院审理的，应当另行组成合议庭进行。如果原来是第一审案件，应当依照第一审程序进行审判，所作的判决、裁定，可以上诉、抗诉；如果原来是第二审案件，或者是上级人民法院提审的案件，应当依照第二审程序进行审判，所作的判决、裁定，是终审的判决、裁定。\n人民法院开庭审理的再审案件，同级人民检察院应当派员出席法庭。\n第二百五十七条　【再审案件中强制措施的决定】人民法院决定再审的案件，需要对被告人采取强制措施的，由人民法院依法决定；人民检察院提出抗诉的再审案件，需要对被告人采取强制措施的，由人民检察院依法决定。\n【再审中可中止原判决、裁定的执行】人民法院按照审判监督程序审判的案件，可以决定中止原判决、裁定的执行。\n第二百五十八条　【重新审判的期限】人民法院按照审判监督程序重新审判的案件，应当在作出提审、再审决定之日起三个月以内审结，需要延长期限的，不得超过六个月。\n接受抗诉的人民法院按照审判监督程序审判抗诉的案件，审理期限适用前款规定；对需要指令下级人民法院再审的，应当自接受抗诉之日起一个月以内作出决定，下级人民法院审理案件的期限适用前款规定。\n第四编　执行\n第二百五十九条　【执行的依据】判决和裁定在发生法律效力后执行。\n下列判决和裁定是发生法律效力的判决和裁定：\n（一）已过法定期限没有上诉、抗诉的判决和裁定；\n（二）终审的判决和裁定；\n（三）最高人民法院核准的死刑的判决和高级人民法院核准的死刑缓期二年执行的判决。\n第二百六十条　【无罪、免除刑事处罚的执行】第一审人民法院判决被告人无罪、免除刑事处罚的，如果被告人在押，在宣判后应当立即释放。\n第二百六十一条　【死刑令签发及死缓执行】最高人民法院判处和核准的死刑立即执行的判决，应当由最高人民法院院长签发执行死刑的命令。\n被判处死刑缓期二年执行的罪犯，在死刑缓期执行期间，如果没有故意犯罪，死刑缓期执行期满，应当予以减刑的，由执行机关提出书面意见，报请高级人民法院裁定；如果故意犯罪，情节恶劣，查证属实，应当执行死刑的，由高级人民法院报请最高人民法院核准；对于故意犯罪未执行死刑的，死刑缓期执行的期间重新计算，并报最高人民法院备案。\n第二百六十二条　【死刑执行及停止】下级人民法院接到最高人民法院执行死刑的命令后，应当在七日以内交付执行。但是发现有下列情形之一的，应当停止执行，并且立即报告最高人民法院，由最高人民法院作出裁定：\n（一）在执行前发现判决可能有错误的；\n（二）在执行前罪犯揭发重大犯罪事实或者有其他重大立功表现，可能需要改判的；\n（三）罪犯正在怀孕。\n前款第一项、第二项停止执行的原因消失后，必须报请最高人民法院院长再签发执行死刑的命令才能执行；由于前款第三项原因停止执行的，应当报请最高人民法院依法改判。\n第二百六十三条　【死刑执行程序】人民法院在交付执行死刑前，应当通知同级人民检察院派员临场监督。\n死刑采用枪决或者注射等方法执行。\n死刑可以在刑场或者指定的羁押场所内执行。\n指挥执行的审判人员，对罪犯应当验明正身，讯问有无遗言、信札，然后交付执行人员执行死刑。在执行前，如果发现可能有错误，应当暂停执行，报请最高人民法院裁定。\n执行死刑应当公布，不应示众。\n执行死刑后，在场书记员应当写成笔录。交付执行的人民法院应当将执行死刑情况报告最高人民法院。\n执行死刑后，交付执行的人民法院应当通知罪犯家属。\n第二百六十四条　【死缓、无期徒刑、有期徒刑和拘役判决的执行】罪犯被交付执行刑罚的时候，应当由交付执行的人民法院在判决生效后十日以内将有关的法律文书送达公安机关、监狱或者其他执行机关。\n对被判处死刑缓期二年执行、无期徒刑、有期徒刑的罪犯，由公安机关依法将该罪犯送交监狱执行刑罚。对被判处有期徒刑的罪犯，在被交付执行刑罚前，剩余刑期在三个月以下的，由看守所代为执行。对被判处拘役的罪犯，由公安机关执行。\n对未成年犯应当在未成年犯管教所执行刑罚。\n执行机关应当将罪犯及时收押，并且通知罪犯家属。\n判处有期徒刑、拘役的罪犯，执行期满，应当由执行机关发给释放证明书。\n第二百六十五条　【监外执行】对被判处有期徒刑或者拘役的罪犯，有下列情形之一的，可以暂予监外执行：\n（一）有严重疾病需要保外就医的；\n（二）怀孕或者正在哺乳自己婴儿的妇女；\n（三）生活不能自理，适用暂予监外执行不致危害社会的。\n对被判处无期徒刑的罪犯，有前款第二项规定情形的，可以暂予监外执行。\n对适用保外就医可能有社会危险性的罪犯，或者自伤自残的罪犯，不得保外就医。\n对罪犯确有严重疾病，必须保外就医的，由省级人民政府指定的医院诊断并开具证明文件。\n在交付执行前，暂予监外执行由交付执行的人民法院决定；在交付执行后，暂予监外执行由监狱或者看守所提出书面意见，报省级以上监狱管理机关或者设区的市一级以上公安机关批准。\n第二百六十六条　【监外执行的程序】监狱、看守所提出暂予监外执行的书面意见的，应当将书面意见的副本抄送人民检察院。人民检察院可以向决定或者批准机关提出书面意见。\n第二百六十七条　【监外执行的监督】决定或者批准暂予监外执行的机关应当将暂予监外执行决定抄送人民检察院。人民检察院认为暂予监外执行不当的，应当自接到通知之日起一个月以内将书面意见送交决定或者批准暂予监外执行的机关，决定或者批准暂予监外执行的机关接到人民检察院的书面意见后，应当立即对该决定进行重新核查。\n第二百六十八条　【监外执行的终止】对暂予监外执行的罪犯，有下列情形之一的，应当及时收监：\n（一）发现不符合暂予监外执行条件的；\n（二）严重违反有关暂予监外执行监督管理规定的；\n（三）暂予监外执行的情形消失后，罪犯刑期未满的。\n对于人民法院决定暂予监外执行的罪犯应当予以收监的，由人民法院作出决定，将有关的法律文书送达公安机关、监狱或者其他执行机关。\n不符合暂予监外执行条件的罪犯通过贿赂等非法手段被暂予监外执行的，在监外执行的期间不计入执行刑期。罪犯在暂予监外执行期间脱逃的，脱逃的期间不计入执行刑期。\n罪犯在暂予监外执行期间死亡的，执行机关应当及时通知监狱或者看守所。\n第二百六十九条　【非监禁罪犯的社区矫正】对被判处管制、宣告缓刑、假释或者暂予监外执行的罪犯，依法实行社区矫正，由社区矫正机构负责执行。\n第二百七十条　【剥夺政治权利的执行】对被判处剥夺政治权利的罪犯，由公安机关执行。执行期满，应当由执行机关书面通知本人及其所在单位、居住地基层组织。\n第二百七十一条　【罚金的执行】被判处罚金的罪犯，期满不缴纳的，人民法院应当强制缴纳；如果由于遭遇不能抗拒的灾祸等原因缴纳确实有困难的，经人民法院裁定，可以延期缴纳、酌情减少或者免除。\n第二百七十二条　【没收财产的执行】没收财产的判决，无论附加适用或者独立适用，都由人民法院执行；在必要的时候，可以会同公安机关执行。\n第二百七十三条　【对新罪、漏罪的追诉及减刑、假释的处理】罪犯在服刑期间又犯罪的，或者发现了判决的时候所没有发现的罪行，由执行机关移送人民检察院处理。\n被判处管制、拘役、有期徒刑或者无期徒刑的罪犯，在执行期间确有悔改或者立功表现，应当依法予以减刑、假释的时候，由执行机关提出建议书，报请人民法院审核裁定，并将建议书副本抄送人民检察院。人民检察院可以向人民法院提出书面意见。\n第二百七十四条　【对减刑、假释的监督】人民检察院认为人民法院减刑、假释的裁定不当，应当在收到裁定书副本后二十日以内，向人民法院提出书面纠正意见。人民法院应当在收到纠正意见后一个月以内重新组成合议庭进行审理，作出最终裁定。\n第二百七十五条　【刑罚执行中错案、申诉的处理】监狱和其他执行机关在刑罚执行中，如果认为判决有错误或者罪犯提出申诉，应当转请人民检察院或者原判人民法院处理。\n第二百七十六条　【执行的监督】人民检察院对执行机关执行刑罚的活动是否合法实行监督。如果发现有违法的情况，应当通知执行机关纠正。\n第五编　特别程序\n第一章　未成年人刑事案件诉讼程序\n第二百七十七条　【办理未成年人刑事案件的方针与原则】对犯罪的未成年人实行教育、感化、挽救的方针，坚持教育为主、惩罚为辅的原则。\n人民法院、人民检察院和公安机关办理未成年人刑事案件，应当保障未成年人行使其诉讼权利，保障未成年人得到法律帮助，并由熟悉未成年人身心特点的审判人员、检察人员、侦查人员承办。\n第二百七十八条　【指定辩护】未成年犯罪嫌疑人、被告人没有委托辩护人的，人民法院、人民检察院、公安机关应当通知法律援助机构指派律师为其提供辩护。\n第二百七十九条　【未成年犯罪人情况调查】公安机关、人民检察院、人民法院办理未成年人刑事案件，根据情况可以对未成年犯罪嫌疑人、被告人的成长经历、犯罪原因、监护教育等情况进行调查。\n第二百八十条　【对未成年犯罪人羁押措施的适用】对未成年犯罪嫌疑人、被告人应当严格限制适用逮捕措施。人民检察院审查批准逮捕和人民法院决定逮捕，应当讯问未成年犯罪嫌疑人、被告人，听取辩护律师的意见。\n对被拘留、逮捕和执行刑罚的未成年人与成年人应当分别关押、分别管理、分别教育。\n第二百八十一条　【对未成年犯罪人的讯问与审判】对于未成年人刑事案件，在讯问和审判的时候，应当通知未成年犯罪嫌疑人、被告人的法定代理人到场。无法通知、法定代理人不能到场或者法定代理人是共犯的，也可以通知未成年犯罪嫌疑人、被告人的其他成年亲属，所在学校、单位、居住地基层组织或者未成年人保护组织的代表到场，并将有关情况记录在案。到场的法定代理人可以代为行使未成年犯罪嫌疑人、被告人的诉讼权利。\n到场的法定代理人或者其他人员认为办案人员在讯问、审判中侵犯未成年人合法权益的，可以提出意见。讯问笔录、法庭笔录应当交给到场的法定代理人或者其他人员阅读或者向他宣读。\n讯问女性未成年犯罪嫌疑人，应当有女工作人员在场。\n审判未成年人刑事案件，未成年被告人最后陈述后，其法定代理人可以进行补充陈述。\n询问未成年被害人、证人，适用第一款、第二款、第三款的规定。\n第二百八十二条　【附条件不起诉】对于未成年人涉嫌刑法分则第四章、第五章、第六章规定的犯罪，可能判处一年有期徒刑以下刑罚，符合起诉条件，但有悔罪表现的，人民检察院可以作出附条件不起诉的决定。人民检察院在作出附条件不起诉的决定以前，应当听取公安机关、被害人的意见。\n对附条件不起诉的决定，公安机关要求复议、提请复核或者被害人申诉的，适用本法第一百七十九条、第一百八十条的规定。\n未成年犯罪嫌疑人及其法定代理人对人民检察院决定附条件不起诉有异议的，人民检察院应当作出起诉的决定。\n第二百八十三条　【附条件不起诉的考察】在附条件不起诉的考验期内，由人民检察院对被附条件不起诉的未成年犯罪嫌疑人进行监督考察。未成年犯罪嫌疑人的监护人，应当对未成年犯罪嫌疑人加强管教，配合人民检察院做好监督考察工作。\n附条件不起诉的考验期为六个月以上一年以下，从人民检察院作出附条件不起诉的决定之日起计算。\n被附条件不起诉的未成年犯罪嫌疑人，应当遵守下列规定：\n（一）遵守法律法规，服从监督；\n（二）按照考察机关的规定报告自己的活动情况；\n（三）离开所居住的市、县或者迁居，应当报经考察机关批准；\n（四）按照考察机关的要求接受矫治和教育。\n第二百八十四条　【附条件不起诉的法律后果】被附条件不起诉的未成年犯罪嫌疑人，在考验期内有下列情形之一的，人民检察院应当撤销附条件不起诉的决定，提起公诉：\n（一）实施新的犯罪或者发现决定附条件不起诉以前还有其他犯罪需要追诉的；\n（二）违反治安管理规定或者考察机关有关附条件不起诉的监督管理规定，情节严重的。\n被附条件不起诉的未成年犯罪嫌疑人，在考验期内没有上述情形，考验期满的，人民检察院应当作出不起诉的决定。\n第二百八十五条　【不公开审理原则】审判的时候被告人不满十八周岁的案件，不公开审理。但是，经未成年被告人及其法定代理人同意，未成年被告人所在学校和未成年人保护组织可以派代表到场。\n第二百八十六条　【未成年犯罪人犯罪记录的封存与查询】犯罪的时候不满十八周岁，被判处五年有期徒刑以下刑罚的，应当对相关犯罪记录予以封存。\n犯罪记录被封存的，不得向任何单位和个人提供，但司法机关为办案需要或者有关单位根据国家规定进行查询的除外。依法进行查询的单位，应当对被封存的犯罪记录的情况予以保密。\n第二百八十七条　【适用其他规定】办理未成年人刑事案件，除本章已有规定的以外，按照本法的其他规定进行。\n第二章　当事人和解的公诉案件诉讼程序\n第二百八十八条　【和解协议的适用范围】下列公诉案件，犯罪嫌疑人、被告人真诚悔罪，通过向被害人赔偿损失、赔礼道歉等方式获得被害人谅解，被害人自愿和解的，双方当事人可以和解：\n（一）因民间纠纷引起，涉嫌刑法分则第四章、第五章规定的犯罪案件，可能判处三年有期徒刑以下刑罚的；\n（二）除渎职犯罪以外的可能判处七年有期徒刑以下刑罚的过失犯罪案件。\n犯罪嫌疑人、被告人在五年以内曾经故意犯罪的，不适用本章规定的程序。\n第二百八十九条　【和解协议的审查与制作】双方当事人和解的，公安机关、人民检察院、人民法院应当听取当事人和其他有关人员的意见，对和解的自愿性、合法性进行审查，并主持制作和解协议书。\n第二百九十条　【和解协议的效力】对于达成和解协议的案件，公安机关可以向人民检察院提出从宽处理的建议。人民检察院可以向人民法院提出从宽处罚的建议；对于犯罪情节轻微，不需要判处刑罚的，可以作出不起诉的决定。人民法院可以依法对被告人从宽处罚。\n第三章　缺席审判程序\n第二百九十一条　【适用缺席审判案件的类型及条件】对于贪污贿赂犯罪案件，以及需要及时进行审判，经最高人民检察院核准的严重危害国家安全犯罪、恐怖活动犯罪案件，犯罪嫌疑人、被告人在境外，监察机关、公安机关移送起诉，人民检察院认为犯罪事实已经查清，证据确实、充分，依法应当追究刑事责任的，可以向人民法院提起公诉。人民法院进行审查后，对于起诉书中有明确的指控犯罪事实，符合缺席审判程序适用条件的，应当决定开庭审判。\n【缺席审判案件的管辖】前款案件，由犯罪地、被告人离境前居住地或者最高人民法院指定的中级人民法院组成合议庭进行审理。\n第二百九十二条　【传票、起诉书副本的送达】人民法院应当通过有关国际条约规定的或者外交途径提出的司法协助方式，或者被告人所在地法律允许的其他方式，将传票和人民检察院的起诉书副本送达被告人。传票和起诉书副本送达后，被告人未按要求到案的，人民法院应当开庭审理，依法作出判决，并对违法所得及其他涉案财产作出处理。\n第二百九十三条　【辩护权的行使及保障】人民法院缺席审判案件，被告人有权委托辩护人，被告人的近亲属可以代为委托辩护人。被告人及其近亲属没有委托辩护人的，人民法院应当通知法律援助机构指派律师为其提供辩护。\n第二百九十四条　【上诉、抗诉】人民法院应当将判决书送达被告人及其近亲属、辩护人。被告人或者其近亲属不服判决的，有权向上一级人民法院上诉。辩护人经被告人或者其近亲属同意，可以提出上诉。\n人民检察院认为人民法院的判决确有错误的，应当向上一级人民法院提出抗诉。\n第二百九十五条　【重新审理的条件】在审理过程中，被告人自动投案或者被抓获的，人民法院应当重新审理。\n罪犯在判决、裁定发生法律效力后到案的，人民法院应当将罪犯交付执行刑罚。交付执行刑罚前，人民法院应当告知罪犯有权对判决、裁定提出异议。罪犯对判决、裁定提出异议的，人民法院应当重新审理。\n依照生效判决、裁定对罪犯的财产进行的处理确有错误的，应当予以返还、赔偿。\n第二百九十六条　【被告人患有严重疾病时缺席审判的条件】因被告人患有严重疾病无法出庭，中止审理超过六个月，被告人仍无法出庭，被告人及其法定代理人、近亲属申请或者同意恢复审理的，人民法院可以在被告人不出庭的情况下缺席审理，依法作出判决。\n第二百九十七条　【被告人死亡情形下缺席审判的适用】被告人死亡的，人民法院应当裁定终止审理，但有证据证明被告人无罪，人民法院经缺席审理确认无罪的，应当依法作出判决。\n人民法院按照审判监督程序重新审判的案件，被告人死亡的，人民法院可以缺席审理，依法作出判决。\n第四章　犯罪嫌疑人、被告人逃匿、死亡案件违法所得的没收程序\n第二百九十八条　【没收违法所得程序的启动】对于贪污贿赂犯罪、恐怖活动犯罪等重大犯罪案件，犯罪嫌疑人、被告人逃匿，在通缉一年后不能到案，或者犯罪嫌疑人、被告人死亡，依照刑法规定应当追缴其违法所得及其他涉案财产的，人民检察院可以向人民法院提出没收违法所得的申请。\n公安机关认为有前款规定情形的，应当写出没收违法所得意见书，移送人民检察院。\n没收违法所得的申请应当提供与犯罪事实、违法所得相关的证据材料，并列明财产的种类、数量、所在地及查封、扣押、冻结的情况。\n人民法院在必要的时候，可以查封、扣押、冻结申请没收的财产。\n第二百九十九条　【没收违法所得的审理程序】没收违法所得的申请，由犯罪地或者犯罪嫌疑人、被告人居住地的中级人民法院组成合议庭进行审理。\n人民法院受理没收违法所得的申请后，应当发出公告。公告期间为六个月。犯罪嫌疑人、被告人的近亲属和其他利害关系人有权申请参加诉讼，也可以委托诉讼代理人参加诉讼。\n人民法院在公告期满后对没收违法所得的申请进行审理。利害关系人参加诉讼的，人民法院应当开庭审理。\n第三百条　【没收违法所得审理的结果】人民法院经审理，对经查证属于违法所得及其他涉案财产，除依法返还被害人的以外，应当裁定予以没收；对不属于应当追缴的财产的，应当裁定驳回申请，解除查封、扣押、冻结措施。\n对于人民法院依照前款规定作出的裁定，犯罪嫌疑人、被告人的近亲属和其他利害关系人或者人民检察院可以提出上诉、抗诉。\n第三百零一条　【没收违法所得审理的终止】在审理过程中，在逃的犯罪嫌疑人、被告人自动投案或者被抓获的，人民法院应当终止审理。\n【错误没收的返还、赔偿】没收犯罪嫌疑人、被告人财产确有错误的，应当予以返还、赔偿。\n第五章　依法不负刑事责任的精神病人的强制医疗程序\n第三百零二条　【强制医疗的对象】实施暴力行为，危害公共安全或者严重危害公民人身安全，经法定程序鉴定依法不负刑事责任的精神病人，有继续危害社会可能的，可以予以强制医疗。\n第三百零三条　【强制医疗的程序】根据本章规定对精神病人强制医疗的，由人民法院决定。\n公安机关发现精神病人符合强制医疗条件的，应当写出强制医疗意见书，移送人民检察院。对于公安机关移送的或者在审查起诉过程中发现的精神病人符合强制医疗条件的，人民检察院应当向人民法院提出强制医疗的申请。人民法院在审理案件过程中发现被告人符合强制医疗条件的，可以作出强制医疗的决定。\n对实施暴力行为的精神病人，在人民法院决定强制医疗前，公安机关可以采取临时的保护性约束措施。\n第三百零四条　【强制医疗的审理】人民法院受理强制医疗的申请后，应当组成合议庭进行审理。\n人民法院审理强制医疗案件，应当通知被申请人或者被告人的法定代理人到场。被申请人或者被告人没有委托诉讼代理人的，人民法院应当通知法律援助机构指派律师为其提供法律帮助。\n第三百零五条　【强制医疗的审限】人民法院经审理，对于被申请人或者被告人符合强制医疗条件的，应当在一个月以内作出强制医疗的决定。\n【不服强制医疗的复议权】被决定强制医疗的人、被害人及其法定代理人、近亲属对强制医疗决定不服的，可以向上一级人民法院申请复议。\n第三百零六条　【强制医疗的解除】强制医疗机构应当定期对被强制医疗的人进行诊断评估。对于已不具有人身危险性，不需要继续强制医疗的，应当及时提出解除意见，报决定强制医疗的人民法院批准。\n被强制医疗的人及其近亲属有权申请解除强制医疗。\n第三百零七条　【强制医疗的检察监督】人民检察院对强制医疗的决定和执行实行监督。\n附则\n第三百零八条　【军队、海上、监狱发生案件的侦查】军队保卫部门对军队内部发生的刑事案件行使侦查权。\n中国海警局履行海上维权执法职责，对海上发生的刑事案件行使侦查权。\n对罪犯在监狱内犯罪的案件由监狱进行侦查。\n军队保卫部门、中国海警局、监狱办理刑事案件，适用本法的有关规定。 [1] \n核心修改编辑 播报\n（一）中华人民共和国主席令第十号——全国人民代表大会常务委员会关于修改《中华人民共和国刑事诉讼法》的决定\n中华人民共和国主席令\n第十号\n《全国人民代表大会常务委员会关于修改＜中华人民共和国刑事诉讼法＞的决定》已由中华人民共和国第十三届全国人民代表大会常务委员会第六次会议于2018年10月26日通过，现予公布，自公布之日起施行。\n中华人民共和国主席　习近平\n2018年10月26日\n全国人民代表大会常务委员会关于修改《中华人民共和国刑事诉讼法》的决定\n（2018年10月26日第十三届全国人民代表大会常务委员会第六次会议通过）\n第十三届全国人民代表大会常务委员会第六次会议决定对《中华人民共和国刑事诉讼法》作如下修改：\n一、增加一条，作为第十五条：“犯罪嫌疑人、被告人自愿如实供述自己的罪行，承认指控的犯罪事实，愿意接受处罚的，可以依法从宽处理。”\n二、将第十八条改为第十九条，第二款修改为：“人民检察院在对诉讼活动实行法律监督中发现的司法工作人员利用职权实施的非法拘禁、刑讯逼供、非法搜查等侵犯公民权利、损害司法公正的犯罪，可以由人民检察院立案侦查。对于公安机关管辖的国家机关工作人员利用职权实施的重大犯罪案件，需要由人民检察院直接受理的时候，经省级以上人民检察院决定，可以由人民检察院立案侦查。”\n三、将第三十二条改为第三十三条，增加一款，作为第三款：“被开除公职和被吊销律师、公证员执业证书的人，不得担任辩护人，但系犯罪嫌疑人、被告人的监护人、近亲属的除外。”\n四、增加一条，作为第三十六条：“法律援助机构可以在人民法院、看守所等场所派驻值班律师。犯罪嫌疑人、被告人没有委托辩护人，法律援助机构没有指派律师为其提供辩护的，由值班律师为犯罪嫌疑人、被告人提供法律咨询、程序选择建议、申请变更强制措施、对案件处理提出意见等法律帮助。\n“人民法院、人民检察院、看守所应当告知犯罪嫌疑人、被告人有权约见值班律师，并为犯罪嫌疑人、被告人约见值班律师提供便利。”\n五、将第三十七条改为第三十九条，第三款修改为：“危害国家安全犯罪、恐怖活动犯罪案件，在侦查期间辩护律师会见在押的犯罪嫌疑人，应当经侦查机关许可。上述案件，侦查机关应当事先通知看守所。”\n六、将第七十三条改为第七十五条，第一款修改为：“监视居住应当在犯罪嫌疑人、被告人的住处执行；无固定住处的，可以在指定的居所执行。对于涉嫌危害国家安全犯罪、恐怖活动犯罪，在住处执行可能有碍侦查的，经上一级公安机关批准，也可以在指定的居所执行。但是，不得在羁押场所、专门的办案场所执行。”\n七、将第七十九条改为第八十一条，增加一款，作为第二款：“批准或者决定逮捕，应当将犯罪嫌疑人、被告人涉嫌犯罪的性质、情节，认罪认罚等情况，作为是否可能发生社会危险性的考虑因素。”\n八、将第一百零六条改为第一百零八条，第一项修改为：“（一）‘侦查’是指公安机关、人民检察院对于刑事案件，依照法律进行的收集证据、查明案情的工作和有关的强制性措施”。\n九、将第一百一十八条改为第一百二十条，第二款修改为：“侦查人员在讯问犯罪嫌疑人的时候，应当告知犯罪嫌疑人享有的诉讼权利，如实供述自己罪行可以从宽处理和认罪认罚的法律规定。”\n十、将第一百四十八条改为第一百五十条，第二款修改为：“人民检察院在立案后，对于利用职权实施的严重侵犯公民人身权利的重大犯罪案件，根据侦查犯罪的需要，经过严格的批准手续，可以采取技术侦查措施，按照规定交有关机关执行。”\n十一、将第一百六十条改为第一百六十二条，增加一款，作为第二款：“犯罪嫌疑人自愿认罪的，应当记录在案，随案移送，并在起诉意见书中写明有关情况。”\n十二、增加一条，作为第一百七十条：“人民检察院对于监察机关移送起诉的案件，依照本法和监察法的有关规定进行审查。人民检察院经审查，认为需要补充核实的，应当退回监察机关补充调查，必要时可以自行补充侦查。\n“对于监察机关移送起诉的已采取留置措施的案件，人民检察院应当对犯罪嫌疑人先行拘留，留置措施自动解除。人民检察院应当在拘留后的十日以内作出是否逮捕、取保候审或者监视居住的决定。在特殊情况下，决定的时间可以延长一日至四日。人民检察院决定采取强制措施的期间不计入审查起诉期限。”\n十三、将第一百六十九条改为第一百七十二条，第一款修改为：“人民检察院对于监察机关、公安机关移送起诉的案件，应当在一个月以内作出决定，重大、复杂的案件，可以延长十五日；犯罪嫌疑人认罪认罚，符合速裁程序适用条件的，应当在十日以内作出决定，对可能判处的有期徒刑超过一年的，可以延长至十五日。”\n十四、将第一百七十条改为第一百七十三条，修改为：“人民检察院审查案件，应当讯问犯罪嫌疑人，听取辩护人或者值班律师、被害人及其诉讼代理人的意见，并记录在案。辩护人或者值班律师、被害人及其诉讼代理人提出书面意见的，应当附卷。\n“犯罪嫌疑人认罪认罚的，人民检察院应当告知其享有的诉讼权利和认罪认罚的法律规定，听取犯罪嫌疑人、辩护人或者值班律师、被害人及其诉讼代理人对下列事项的意见，并记录在案：\n“（一）涉嫌的犯罪事实、罪名及适用的法律规定；\n“（二）从轻、减轻或者免除处罚等从宽处罚的建议；\n“（三）认罪认罚后案件审理适用的程序；\n“（四）其他需要听取意见的事项。\n“人民检察院依照前两款规定听取值班律师意见的，应当提前为值班律师了解案件有关情况提供必要的便利。”\n十五、增加一条，作为第一百七十四条：“犯罪嫌疑人自愿认罪，同意量刑建议和程序适用的，应当在辩护人或者值班律师在场的情况下签署认罪认罚具结书。\n“犯罪嫌疑人认罪认罚，有下列情形之一的，不需要签署认罪认罚具结书：\n“（一）犯罪嫌疑人是盲、聋、哑人，或者是尚未完全丧失辨认或者控制自己行为能力的精神病人的；\n“（二）未成年犯罪嫌疑人的法定代理人、辩护人对未成年人认罪认罚有异议的；\n“（三）其他不需要签署认罪认罚具结书的情形。”\n十六、将第一百七十二条改为第一百七十六条，增加一款，作为第二款：“犯罪嫌疑人认罪认罚的，人民检察院应当就主刑、附加刑、是否适用缓刑等提出量刑建议，并随案移送认罪认罚具结书等材料。”\n十七、将第一百七十三条改为第一百七十七条，第三款修改为：“人民检察院决定不起诉的案件，应当同时对侦查中查封、扣押、冻结的财物解除查封、扣押、冻结。对被不起诉人需要给予行政处罚、处分或者需要没收其违法所得的，人民检察院应当提出检察意见，移送有关主管机关处理。有关主管机关应当将处理结果及时通知人民检察院。”\n十八、第二编第三章增加一条，作为第一百八十二条：“犯罪嫌疑人自愿如实供述涉嫌犯罪的事实，有重大立功或者案件涉及国家重大利益的，经最高人民检察院核准，公安机关可以撤销案件，人民检察院可以作出不起诉决定，也可以对涉嫌数罪中的一项或者多项不起诉。\n“根据前款规定不起诉或者撤销案件的，人民检察院、公安机关应当及时对查封、扣押、冻结的财物及其孳息作出处理。”\n十九、将第一百七十八条改为第一百八十三条，修改为：“基层人民法院、中级人民法院审判第一审案件，应当由审判员三人或者由审判员和人民陪审员共三人或者七人组成合议庭进行，但是基层人民法院适用简易程序、速裁程序的案件可以由审判员一人独任审判。\n“高级人民法院审判第一审案件，应当由审判员三人至七人或者由审判员和人民陪审员共三人或者七人组成合议庭进行。\n“最高人民法院审判第一审案件，应当由审判员三人至七人组成合议庭进行。\n“人民法院审判上诉和抗诉案件，由审判员三人或者五人组成合议庭进行。\n“合议庭的成员人数应当是单数。”\n二十、将第一百八十五条改为第一百九十条，增加一款，作为第二款：“被告人认罪认罚的，审判长应当告知被告人享有的诉讼权利和认罪认罚的法律规定，审查认罪认罚的自愿性和认罪认罚具结书内容的真实性、合法性。”\n二十一、增加一条，作为第二百零一条：“对于认罪认罚案件，人民法院依法作出判决时，一般应当采纳人民检察院指控的罪名和量刑建议，但有下列情形的除外：\n“（一）被告人的行为不构成犯罪或者不应当追究其刑事责任的；\n“（二）被告人违背意愿认罪认罚的；\n“（三）被告人否认指控的犯罪事实的；\n“（四）起诉指控的罪名与审理认定的罪名不一致的；\n“（五）其他可能影响公正审判的情形。\n“人民法院经审理认为量刑建议明显不当，或者被告人、辩护人对量刑建议提出异议的，人民检察院可以调整量刑建议。人民检察院不调整量刑建议或者调整量刑建议后仍然明显不当的，人民法院应当依法作出判决。”\n二十二、第三编第二章增加一节，作为第四节：\n“第四节　速裁程序\n“第二百二十二条基层人民法院管辖的可能判处三年有期徒刑以下刑罚的案件，案件事实清楚，证据确实、充分，被告人认罪认罚并同意适用速裁程序的，可以适用速裁程序，由审判员一人独任审判。\n“人民检察院在提起公诉的时候，可以建议人民法院适用速裁程序。\n“第二百二十三条　有下列情形之一的，不适用速裁程序：\n“（一）被告人是盲、聋、哑人，或者是尚未完全丧失辨认或者控制自己行为能力的精神病人的；\n“（二）被告人是未成年人的；\n“（三）案件有重大社会影响的；\n“（四）共同犯罪案件中部分被告人对指控的犯罪事实、罪名、量刑建议或者适用速裁程序有异议的；\n“（五）被告人与被害人或者其法定代理人没有就附带民事诉讼赔偿等事项达成调解或者和解协议的；\n“（六）其他不宜适用速裁程序审理的。\n“第二百二十四条　适用速裁程序审理案件，不受本章第一节规定的送达期限的限制，一般不进行法庭调查、法庭辩论，但在判决宣告前应当听取辩护人的意见和被告人的最后陈述意见。\n“适用速裁程序审理案件，应当当庭宣判。\n“第二百二十五条　适用速裁程序审理案件，人民法院应当在受理后十日以内审结；对可能判处的有期徒刑超过一年的，可以延长至十五日。\n“第二百二十六条　人民法院在审理过程中，发现有被告人的行为不构成犯罪或者不应当追究其刑事责任、被告人违背意愿认罪认罚、被告人否认指控的犯罪事实或者其他不宜适用速裁程序审理的情形的，应当按照本章第一节或者第三节的规定重新审理。”\n二十三、将第二百五十条改为第二百六十一条，第二款修改为：“被判处死刑缓期二年执行的罪犯，在死刑缓期执行期间，如果没有故意犯罪，死刑缓期执行期满，应当予以减刑的，由执行机关提出书面意见，报请高级人民法院裁定；如果故意犯罪，情节恶劣，查证属实，应当执行死刑的，由高级人民法院报请最高人民法院核准；对于故意犯罪未执行死刑的，死刑缓期执行的期间重新计算，并报最高人民法院备案。”\n二十四、将第二百六十条改为第二百七十一条，修改为：“被判处罚金的罪犯，期满不缴纳的，人民法院应当强制缴纳；如果由于遭遇不能抗拒的灾祸等原因缴纳确实有困难的，经人民法院裁定，可以延期缴纳、酌情减少或者免除。”\n二十五、第五编增加一章，作为第三章：\n“第三章　缺席审判程序\n“第二百九十一条　对于贪污贿赂犯罪案件，以及需要及时进行审判，经最高人民检察院核准的严重危害国家安全犯罪、恐怖活动犯罪案件，犯罪嫌疑人、被告人在境外，监察机关、公安机关移送起诉，人民检察院认为犯罪事实已经查清，证据确实、充分，依法应当追究刑事责任的，可以向人民法院提起公诉。人民法院进行审查后，对于起诉书中有明确的指控犯罪事实，符合缺席审判程序适用条件的，应当决定开庭审判。\n“前款案件，由犯罪地、被告人离境前居住地或者最高人民法院指定的中级人民法院组成合议庭进行审理。\n“第二百九十二条　人民法院应当通过有关国际条约规定的或者外交途径提出的司法协助方式，或者被告人所在地法律允许的其他方式，将传票和人民检察院的起诉书副本送达被告人。传票和起诉书副本送达后，被告人未按要求到案的，人民法院应当开庭审理，依法作出判决，并对违法所得及其他涉案财产作出处理。\n“第二百九十三条　人民法院缺席审判案件，被告人有权委托辩护人，被告人的近亲属可以代为委托辩护人。被告人及其近亲属没有委托辩护人的，人民法院应当通知法律援助机构指派律师为其提供辩护。\n“第二百九十四条　人民法院应当将判决书送达被告人及其近亲属、辩护人。被告人或者其近亲属不服判决的，有权向上一级人民法院上诉。辩护人经被告人或者其近亲属同意，可以提出上诉。\n“人民检察院认为人民法院的判决确有错误的，应当向上一级人民法院提出抗诉。\n“第二百九十五条　在审理过程中，被告人自动投案或者被抓获的，人民法院应当重新审理。\n“罪犯在判决、裁定发生法律效力后到案的，人民法院应当将罪犯交付执行刑罚。交付执行刑罚前，人民法院应当告知罪犯有权对判决、裁定提出异议。罪犯对判决、裁定提出异议的，人民法院应当重新审理。\n“依照生效判决、裁定对罪犯的财产进行的处理确有错误的，应当予以返还、赔偿。\n“第二百九十六条　因被告人患有严重疾病无法出庭，中止审理超过六个月，被告人仍无法出庭，被告人及其法定代理人、近亲属申请或者同意恢复审理的，人民法院可以在被告人不出庭的情况下缺席审理，依法作出判决。\n“第二百九十七条　被告人死亡的，人民法院应当裁定终止审理，但有证据证明被告人无罪，人民法院经缺席审理确认无罪的，应当依法作出判决。\n“人民法院按照审判监督程序重新审判的案件，被告人死亡的，人民法院可以缺席审理，依法作出判决。”\n二十六、将第二百九十条改为第三百零八条，修改为：“军队保卫部门对军队内部发生的刑事案件行使侦查权。\n“中国海警局履行海上维权执法职责，对海上发生的刑事案件行使侦查权。\n“对罪犯在监狱内犯罪的案件由监狱进行侦查。\n“军队保卫部门、中国海警局、监狱办理刑事案件，适用本法的有关规定。”\n刑事诉讼法的有关章节及条文序号，根据本决定作相应调整。\n本决定自公布之日起施行。\n《中华人民共和国刑事诉讼法》根据本决定作相应修改，重新公布。\n常见问题编辑 播报\n（一）将取保候审期间逃跑后又投案的情形认定为“自动投案”，与刑事诉讼法的相关规定不协调\n单位作者：最高人民法院刑事审判第一庭等\n来源：刑事审判参考（总第120集） 引用0043页\n（二）《关于适用<中华人民共和国刑事诉讼法>的解释》对强制医疗程序的细化\n主编：人民法院出版社\n来源：解读最高人民法院司法解释：含指导性案例.刑事卷（下） 引用1309页\n为确保强制医疗程序的规范适用，使精神病人得到应有的关心、照顾和治疗，避免未受约束的精神病人危害公共安全和公民人身安全，防止“被精神病”或者假冒精神病逃避刑事处罚情况的发生，《解释》根据刑事诉讼法规定，对强制医疗程序的相关问题作了规定，主要有如下内容：\n1.明确强制医疗案件原则上应当开庭审理，并应当会见被申请人。为体现程序公正，维护当事人合法权益，防止“被精神病”或假冒精神病人逃避刑事处罚的情况发生，《解释》规定，对于强制医疗案件，原则上应当开庭审理，只有被申请人、被告人的法定代理人请求不开庭审理，并经人民法院审查同意的，可以不开庭审理。并规定无论是否开庭审理，都应当会见被申请人，通过与其直接接触、交谈，了解其精神状况，进而作出正确决定。\n2.明确了强制医疗的复议程序。《解释》规定，被决定强制医疗的人、被害人及其法定代理人、近亲属对强制医疗决定不服的，可以自收到决定书之日起五日内向上一级人民法院申请复议。复议期间不停止执行强制医疗的决定。对不服强制医疗决定的复议申请，上一级人民法院应当组成合议庭审理，并在一个月内，作出复议决定。\n3.明确了强制医疗的解除程序。《解释》规定，被强制医疗的人及其近亲属申请解除强制医疗的，应当向决定强制医疗的人民法院提出。被强制医疗的人及其近亲属提出的解除强制医疗申请被人民法院驳回，六个月后再次提出申请的，人民法院应当受理。强制医疗机构提出解除强制医疗意见，或者被强制医疗的人及其近亲属申请解除强制医疗的，人民法院应当组成合议庭进行审查，并在一个月内作出处理。人民法院应当在作出决定后五日内，将决定书送达强制医疗机构、申请解除强制医疗的人、被决定强制医疗的人和人民检察院。决定解除强制医疗的，应当通知强制医疗机构在收到决定书的当日解除强制医疗。\n取保候审是刑事诉讼法规定的五种刑事强制措施之一，其目的在于减少对犯罪嫌疑人或被告人人身自由限制的同时，控制犯罪嫌疑人或被告人，防止其逃避侦查、起诉和审判，保障司法活动顺利进行。犯罪嫌疑人在被取保候审期间应当遵守相关规定，保证随传随到。刑事诉讼法第七十一条规定了被取保候审人的义务及违反义务的法律后果。从刑法的实质评价分析，在取保候审期间逃跑，不仅表明犯罪嫌疑人对法律缺乏敬畏之心，也表明了其不愿接受法律制裁，主观恶性和人身危险性相对较大，属于量刑时从重的情节。如果认定脱逃后又投案的行为成立自首，可能会冲击刑事强制措施的权威性，不利于维护法律的统一，同时也会变相鼓励已被采取强制措施的犯罪嫌疑人，为获得“自首”这一法定从轻处罚情节而伺机先逃跑再投案，这显然有悖于刑事强制措施的立法目的。\n当然，对于取保候审期间脱逃后又主动投案的情节，也有其积极价值，不认定该情形属于自动投案和自首，并不影响将其作为归案后如实供述、认罪态度较好等酌定从宽情节在量刑时予以考虑。司法机关综合评判犯罪嫌疑人脱逃和投案情节对量刑的不同影响后，完全可以做到罪责刑相适应，从而起到鼓励被采取强制措施期间脱逃的犯罪嫌疑人主动投案的作用。\n（三）《关于适用<中华人民共和国刑事诉讼法>的解释》对违法所得没收程序的细化\n主编：人民法院出版社\n来源：解读最高人民法院司法解释：含指导性案例.刑事卷（下） 引用1308页\n《解释》对违法所得没收程序进行了必要的细化，主要有如下内容：\n1.明确了受案范围和条件。《解释》规定，依照刑法规定应当追缴违法所得及其他涉案财产，且符合下列情形之一的，人民检察院可以向人民法院提出没收违法所得的申请：（1）犯罪嫌疑人、被告人实施了贪污贿赂犯罪、恐怖活动犯罪等重大犯罪后逃匿，在通缉一年后不能到案的；（2）犯罪嫌疑人、被告人死亡的。对于犯罪嫌疑人、被告人死亡的案件，只要依法应当追缴违法所得及其他涉案财产的，不限于贪污贿赂犯罪、恐怖活动犯罪，也不限于重大犯罪案件，均可适用违法所得没收程序。\n2.明确了没收违法所得案件的审理方式。《解释》规定，利害关系人参加诉讼的，人民法院应当开庭审理。没有利害关系人申请参加诉讼的，可以不开庭审理。并具体规定了没收违法所得案件的开庭程序。\n3.明确了没收违法所得案件的证明标准及处理原则。虽然刑事诉讼法没有明确规定没收案件的证明标准，但从刑事诉讼理论看，没收案件也应实行“排除合理怀疑”的刑事证明标准，即应当“证据确实、充分”。据此，《解释》规定，对申请没收违法所得的案件，人民法院审理后，对于案件事实清楚，证据确实、充分，申请没收的财产确属违法所得及其他涉案财产的，除依法返还被害人的以外，应当裁定没收；否则应当裁定驳回申请。\n4.明确了没收违法所得案件的审理期限。刑事诉讼法未对没收程序规定审理期限，为了及时审结案件，维护当事人合法权益，《解释》规定，审理申请没收违法所得案件的期限，参照公诉案件第一审普通程序和第二审程序的审理期限执行。但是，公告期间和请求刑事司法协助的时间不计入审理期限。\n案例剖析编辑 播报\n（一）公安、国家安全等机关依照刑事诉讼法的明确授权实施的行为不属于行政诉讼的受案范围——邱x萍诉浙江省天台县公安局限制人身自由、请求赔偿行政争议案\n出版案例/浙江省高级人民法院/2001.12.27/再审\n1、裁判要旨\n公安、国家安全等机关依照刑事诉讼法的明确授权实施的行为不属于人民法院行政诉讼的受案范围，也就是说其他法律法规的授权以及公安机关自己推定的所谓“侦查行为”都不属于行政诉讼的排除范围。这也是认定公安机关刑事侦查行为和行政行为的主要区别。\n2、案情概要\n1996年11月10日下午，原告邱x萍与邻居邱x江因排水发生争吵，并拳打脚踢邱x江造成其泌尿系统出血(系轻微伤)。1996年11月18日至19日，被告天台县公安局以邱x萍故意伤害为由将其留置盘问，并与其他20余名男性共同关押。1996年11月20日至12月31日，天台县公安局对邱x萍实施监视居住，并在邱x萍关押于上述留置室5天后转入天台县行政拘留所继续关押。1997年1月1日，天台县公安局撤销对邱x萍的监视居住，并于当日将邱x萍送往天台县法制教育学校接受强制教育直至同年3月14日。期间，邱x萍的人身自由受到限制，并缴纳了学校费用等共计人民币2510元。邱x萍为委托律师参加本案一审、二审以及再审诉讼活动，共计支付律师代理费人民币6000元整。事后，原告邱x萍于同年8月22日向天台县人民法院提起行政诉讼，请求确认被告行为违法，依法判令被告返还现金2510元，赔偿误工费等损失6000元，精神损失120000元，并赔礼道歉。\n3、裁判要旨\n一审浙江省天台县人民法院(1997)天行初字第85号行政判决认为，天台县公安局以原告邱x萍涉嫌伤害罪立案侦察，采取监视居住刑事强制措施，不属行政诉讼受案范围，原告要求本院确认被告行为违法及赔偿经济损失和精神损失之诉，根据《中华人民共和国国家赔偿法》第二十条规定，可依法先提起刑事诉讼赔偿请求。因原告有致伤他人的违法行为，根据当时有关规定，被告将原告送进法制教育学校学习，故被告不负赔偿责任。依照《中华人民共和国行政诉讼法》第四十一条第(四)项的规定，判决：驳回原告邱x萍的诉讼请求。\n一审判决后，原告邱x萍不服，向浙江省台州市中级人民法院提起上诉称：天台县公安局在未对被害人伤势作鉴定的情况下即对上诉人立案侦查，作出的限制上诉人人身自由的行为不是刑事强制措施，送上诉人进法制学校实际上变相限制了人身自由。故请求撤销原判，确认被上诉人行为违法，并赔偿误工、精神等损失费用。\n二审浙江省台州市中级人民法院(1999)台行终字第87号行政判决认为，原审判决认定的事实清楚，被上诉人天台县公安局对上诉人邱x萍采取监视居住刑事侦查强制措施，限制上诉人人身自由，不属行政诉讼受案范围。1997年1月1日被上诉人将上诉人送法制学校学习至1997年3月14日，对其进行法制教育是因上诉人有违法行为存在。上诉人向法院提起行政诉讼，要求确认违法并予以赔偿，没有法律依据。原审判决得当。依照《中华人民共和国行政诉讼法》第六十一条第一项的规定。判决：驳回上诉，维持原判。\n判决发生法律效力后，邱x萍仍不服，以其系未满16周岁的女性，天台县公安局将其留置盘问且与其他男性共同关押，以及实施监视居住后又送法制学校学习变相限制其人身自由均系违法，严重侵害了其名誉权和作为女性的人格尊严权等为由，向浙江省高级人民法院提出申诉，请求再审依法撤销原一、二审判决，确认天台县公安局的上述具体行政行为违法，并判令天台县公安局赔偿误工损失和精神损失、退还违法收取的费用等。根据其申诉，浙江省高级人民法院依法提起再审。\n浙江省高级人民法院(2001)浙行再字第10号行政判决认为，根据《中华人民共和国人民警察法》第七条、第九条之规定，公安机关对符合规定条件的违法犯罪嫌疑人员采取留置盘问措施，是一种限制人身自由的行政强制措施，不属于依照《中华人民共和国刑事诉讼法》明确授权实施的行为。原审上诉人邱x萍依法可以提起行政诉讼。原审被上诉人天台县公安局对未满16周岁的邱x萍采取留置盘问两天的行政强制措施，且在实施留置时，将身为女性的邱x萍与其他男性关押一室，显属违法。天台县公安局对邱x萍实施监视居住系刑事诉讼法明确规定的刑事强制措施，依法不属于行政诉讼受案范围。原审被上诉人天台县公安局在解除对邱彩萍的监视居住后，又将其送天台县法制教育学校学习73天，且在学习期间限制其人身自由缺乏法律依据。原审被上诉人天台县公安局对其违法限制邱x萍人身自由共计75天的行政行为，应当依照行政诉讼法和国家赔偿法的有关规定，支付相应的赔偿金；对于邱x萍在法制教育学校学习期间所缴纳的有关费用共计人民币2510元，应负责返还；对于邱x萍因委托律师代理本案诉讼所支出的费用共计人民币6000元，系直接损失，依法亦应予以赔偿。天台县公安局违法对邱x萍实施留置时，将其与男性共同关押，已造成邱x萍名誉权的损害，根据国家赔偿法第三十一条的规定，天台县公安局应当在一定范围内以一定方式为邱x萍消除影响，公开赔礼道歉。原审上诉人邱x萍以天台县公安局对其实施留置时男女共同关押，严重侵害其作为女性的人格尊严为由，要求赔偿精神损失的诉讼请求，缺乏法律依据，不予支持。原一、二审认定事实不清，适用法律错误，依法应予纠正。判决：一、撤销台州市中级人民法院(1999)台行终字第87号行政判决和天台县人民法院(1997)天行初字第85号行政判决；二、确认天台县公安局自1996年11月18日至19日对邱x萍留置盘问和自1997年1月1日至3月14日将邱x萍送天台县法制教育学校学习并限制其人身自由的具体行政行为违法；三、天台县公安局赔偿邱x萍被违法限制人身自由的赔偿金共计人民币2799.75元，委托律师代理本案诉讼所支出的费用6000元，返还邱x萍向天台县法制教育学校交纳的费用2510元，以上共计人民币11309.75元，限天台县公安局在判决送达之日起十五日内一次性付清；四、驳回邱x萍的其他诉讼请求。\n4、附件\n浙江省高级人民法院\n行政判决书\n(2001)浙行再字第10号\n原审上诉人邱x萍，女，1980年11月25日出生，汉族，农民，住天台县城关镇洋头洪村。\n委托代理人施缙，浙江天施律师事务所律师。\n原审被上诉人天台县公安局，住所地天台县城关镇劳动路22号。\n法定代表人林x荣，局长。\n委托代理人王x周、杨x虎，男，天台县公安局干部。\n原审上诉人邱x萍诉浙江省天台县公安局限制人身自由、赔偿行政争议一案，天台县人民法院经审理，于1999年6月20日作出(1997)天行初字第85号行政判决：驳回邱x萍要求确认天台县公安局限制人身自由行为违法并赔偿损失的诉讼请求。邱x萍不服一审判决，提出上诉。台州市中级人民法院于1999年11月7日作出(1999)台行终字第87号行政判决，已经发生法律效力。邱x萍仍不服，向本院提出申诉。本院于2001年12月4日作出(2001)浙行监字第20号行政裁定，决定本案由本院进行提审，并依法组成合议庭，于2001年12月27日公开开庭审理了本案。原审上诉人邱x萍及其委托代理人施x，原审被上诉人天台县公安局的委托代理人王x周、杨x虎等到庭参加诉讼。本案现已审理终结。\n台州市中级人民法院(1999)台行终字第87号行政判决认定，1996年11月10日下午，上诉人邱x萍与邻居邱x江因排水发生争吵，邱x萍拳打脚踢邱伟江，邱x江受伤住院。同年11月18日被上诉人天台县公安局对上诉人留置盘问2天，将其关押在临时留置室，与其他男性同室。同年11月20日被上诉人对上诉人监视居住，上诉人在临时留置室被继续关押5天后转到天台县行政拘留所。1997年1月1日，被上诉人撤销监视居住，将上诉人送进法制学校学习，直至同年3月14日离校回家。在法制学校期间，上诉人缴纳了2510元费用。\n台州市中级人民法院经审理认为，原审判决认定的事实清楚。被上诉人天台县公安局对上诉人邱x萍采取监视居住刑事侦查强制措施，限制上诉人人身自由，不属行政诉讼受案范围。1997年1月1日被上诉人将上诉人送法制学校学习至1997年3月14日，对其进行法制教育是因上诉人有违法行为存在。上诉人向法院提起行政诉讼，要求确认违法并予以赔偿，没有法律依据。原审判决得当。上诉人上诉理由不足，不予支持。据此判决：驳回上诉，维持原判。邱x萍仍不服，以其系未满16周岁的女性，天台县公安局将其留置盘问且与其他男性共同关押，以及实施监视居住后又送法制学校学习变相限制其人身自由均系违法，严重侵害了其名誉权和作为女性的人格尊严权等为由，向本院提出申诉，请求再审依法撤销原一、二审判决、确认天台县公安局的上述具体行政行为违法，并判令天台县公安局赔偿误工损失和精神损失、退还违法收取的费用等。\n庭审中，双方当事人围绕着原审被上诉人天台县公安局于1996年11月18日至19日对原审上诉人邱x萍实施留置盘问、于1996年11月20日至12月31日对邱x萍实施监视居住、于1997年1月1日至同年3月14日将邱x萍送天台县法制教育学校强制教育的性质及其合法性；原审被上诉人天台县公安局是否应依法承担行政赔偿责任，以及赔偿的范围、数额和方式等争议焦点，进行了质证和辩论。双方当事人均未提交新的证据材料。综合双方质证、辩论的情况，经审查，本院确认：1996年11月18日至19日，天台县公安局以邱x萍涉嫌故意伤害为由将其留置盘问，并与其他20余名男性共同关押。1996年11月20日至12月31日，天台县公安局对邱x萍实施监视居住，并在仍将邱x萍关押于上述留置室5天后转入天台县行政拘留所继续关押。1997年1月1日，天台县公安局撤销对邱x萍的监视居住，并于当日将邱x萍送往天台县法制教育学校接受强制教育直至同年3月14日，期间，邱x萍的人身自由受到限制，并缴纳了学校费用等总计人民币2510元。邱x萍为委托律师参加本案一审、二审及再审诉讼活动，共计支付律师代理费人民币6000元整。\n本院认为，根据《中华人民共和国人民警察法》第七条、第九条之规定，公安机关对符合规定条件的违法犯罪嫌疑人员采取留置盘问措施，是一种限制人身自由的行政强制措施，不属于依照《中华人民共和国刑事诉讼法》明确授权实施的行为。原审上诉人邱x萍对原审被上诉人天台县公安局实施的留置盘问措施不服，依法可以提起行政诉讼。天台县公安局认为留置盘问系刑事强制措施，不属行政诉讼受案范围的诉辩理由缺乏法律依据。原审被上诉人天台县公安局对未满16周岁的邱x萍采取留置盘问2天的行政强制措施，且在实施留置时，将身为女性的邱x萍与其他男性关押一室，显属违法，其关于留置室正在修建的辩解理由本院不予采信。原审被上诉人天台县公安局对邱x萍实施的监视居住系刑事诉讼法明确规定的刑事强制措施，依法不属于行政诉讼受案范围。至于天台县公安局在执行监视居住时有无违法行为，仍属于执行刑事强制措施是否合法的问题，亦不属于本案的审理范围。原审上诉人邱x萍要求确认天台县公安局对其监视居住违法，并要求赔偿相应损失的诉讼请求，应依照《中华人民共和国国家赔偿法》的有关规定另行处理。原审被上诉人天台县公安局在解除对邱x萍的监视居住后，又将其送天台县法制教育学校学习73天，且在学习期间限制其人身自由缺乏法律依据。天台县公安局辩称将邱x萍送法制学校学习是根据有关部门的决定实施的，但未能提供相应的证据证实，本院不予采信；其认为举办法制学校是依据有关部门文件规定，应属合法有据的诉辩理由亦不能成立。原审被上诉人天台县公安局对其违法限制邱x萍人身自由共计75天的行政行为，应当依照行政诉讼法和国家赔偿法的有关规定，支付相应的赔偿金；对于邱x萍在法制学校学习期间所缴纳的有关费用共计人民币2510元，应负责返还；对于邱x萍因委托律师代理本案诉讼所支出的费用共计人民币6000元，系直接损失，依法亦应予以赔偿。天台县公安局违法对邱x萍实施留置时，将其与男性共同关押，已造成邱x萍名誉权的损害，根据国家赔偿法第三十条的规定，天台县公安局应当在一定范围内以一定方式为邱x萍消除影响，公开赔礼道歉。原审上诉人邱x萍以天台县公安局对其实施留置时男女共同关押，严重侵害其作为女性的人格尊严权为由，要求赔偿精神损失的诉讼请求，缺乏法律依据，本院不予支持。原一、二审判决认定事实不清，适用法律错误，依法应予纠正。依照《中华人民共和国行政诉讼法》第五十四条第(二)项、第六十一条第(三)项、《中华人民共和国国家赔偿法》第三条第(一)项、第九条第(一)项、第二十五条、第二十六条以及《最高人民法院关于执行&<中华人民共和国行政诉讼法&>若干问题的解释》第五十七条第二款第(二)项、第七十八条之规定，判决如下：\n一、撤销台州市中级人民法院(1999)台行终字第87号行政判决和天台县人民法院(1997)天行初字第85号行政判决；\n二、确认天台县公安局自1996年11月18日至19日对邱彩萍留置盘问和自1997年1月1日至3月14日将邱x萍送天台县法制教育学校学习并限制其人身自由的具体行政行为违法；\n三、天台县公安局赔偿邱x萍被违法限制人身自由的赔偿金共计人民币2799.75元(按照2000年全国职工日平均工资37.33元x75天＝2799.75元计算)，委托律师代理本案诉讼所支出的费用6000元，返还邱x萍向天台县法制教育学校交纳的费用2510元，以上共计人民币11309.75元，限天台县公安局在本判决送达之日起十五日内一次性付清；\n四、驳回邱x萍的其他诉讼请求。\n一、二审案件受理费各80元，共计人民币160元，由天台县公安局负担。\n本判决为终审判决。\n审　判　长　　蒋 x 东\n审　判　员　　惠x\n代理审判员　　江x\n二○○一年十二月二十七日\n代书记员　　马x贤\n法院评论\n三、法官评述\n本案的争议焦点是天台县公安局在本案中的一系列行为是否属于行政诉讼的受案范围，以及原告提出的赔偿请求是否应予以支持这两个问题。\n(一)天台县公安局在本案中的一系列行为是否属于行政诉讼的受案范围。\n综观案件的材料以及再审审理所确认的事实，天台县公安局在本案中的行为可以分为三个阶段：1996年11月18日至19日，对邱x萍进行留置盘问；1996年11月20日至12月31日，对邱x萍采取监视居住；1997年1月1日至3月14日将邱x萍送往法制教育学校接受强制教育。对于这三阶段的行为，原告坚持认为属于行政行为，而被告则认为这是刑事侦察行为。鉴于这关系到本案是否属于行政诉讼的受案范围，而且我国赔偿法对行政赔偿和刑事赔偿的赔偿要件、形式、金额规定差异较大，如何认定被告行为的性质，是本案的关键所在。\n根据《最高人民法院关于执行<中华人民共和国行政诉讼法>若干问题的解释》第九十八条第一条第一款第(二)项的规定，公安、国家安全等机关依照刑事诉讼法的明确授权实施的行为不属于人民法院行政诉讼的受案范围。该规定强调“依照刑事诉讼法”、“明确授权”，也就是说其他法律法规的授权以及公安机关自己推定的所谓“侦查行为”都不属于行政诉讼的排除范围。这是我们认定公安机关刑事侦查行为和行政行为的主要区别。\n本案中，天台县公安局对邱x萍采取留置盘问虽然是刑事立案后采取的强制措施，但这不属依《刑事诉讼法》明确授权实施的行为。而且依照《中华人民共和国人民警察法》第九条的规定，留置是一种限制人身自由的行政强制措施，当事人对留置盘问不服的，可以依法申请行政复议或提起行政诉讼。因此天台县公安局对邱x萍的留置盘问属限制人身自由的行政强制措施，且在实施留置时将身为女性的邱x萍与其他男性关押一室，显属违法，原告邱x萍对该行为不服，当然可以提起行政诉讼并要求赔偿。\n至于天台县公安局对邱x萍实施的监视居住，虽然在实施地点和实施方式上也存在违法现象，但由于监视居住是我国刑事诉讼法明确授权的刑事强制措施，因此不属于行政诉讼的受案范围。至于天台县公安局在执行监视居住时有无违法行为，仍属于执行刑事强制措施是否合法的问题，因此也不属于本案的审理范围。原告要求赔偿应按国家赔偿法的有关规定另行处理。\n而天台县公安局将邱x萍送往法制教育学校进行强制教育并限制其人身自由的行为，虽然该公安局辩称是根据有关部门的决定实施的，但由于该行为并不是《刑事诉讼法》明确授权的行为，所以应当属于限制人身自由的行政强制措施，而且这种违法的行政强制措施在群众中影响极差，理应成为行政诉讼的受案范围，并对原告造成的损害加以赔偿。\n(二)原告提出的赔偿请求是否应予以支持。\n本案原告提出的赔偿请求主要有以下几项：判令被告返还法制教育学校费用，赔偿误工费、律师诉讼费以及精神损失费，并赔礼道歉。\n根据《国家赔偿法》第二十五条的规定，“国家赔偿以支付赔偿金为主要方式。能够返还财产或者恢复原状的，予以返还财产或者恢复原状。”因此，对原告邱x萍在法制教育学校支出的费用2510元被告应予以返还。根据该法第二十六条规定，“侵犯公民人身自由的，每日的赔偿金按照国家上年度职工日平均工资计算。”由于监视居住不属于本案的受案范围，因此，本案中被告限制原告人身自由的期限应当为留置盘问2天以及在法制学校接受强制教育的73天共75天。被告应当赔偿原告误工费共计37.33元×73天＝2799.75元。\n值得提出的是本案再审判决中将律师费也作为原告的损失之一由被告加以赔偿。按照国家赔偿法的规定，律师费用一般不作为赔偿内容，但由于本案被告行为恶劣，在社会上影响极差，而且由于被告的行为使原告的身心受到极大伤害，从保护弱势群体的角度出发，再审判决由被告赔偿原告委托律师代理本案所支出的费用。这是在个案中对社会弱者的一种平衡性保护，并不是普遍性的要求。\n另外对于原告提出的精神损失赔偿要求，国家赔偿法并没有相关的规定，而且精神上的损害是一种间接的损失，在物质上难以量化，目前的国家赔偿实践上一般不加以赔偿。因此针对天台县公安局造成邱x萍名誉权和人格尊严权的损害，再审法院根据国家赔偿法第三十一条的规定，判决天台县公安局在一定范围内以一定方式为邱x萍消除影响，公开赔礼道歉，但对于原告邱x萍要求赔偿精神损失的诉讼请求不予支持。这在当前是可取的。\n相关法规编辑 播报\n（一）最高人民法院关于适用《中华人民共和国刑事诉讼法》的解释（2021年）\n第一章　管辖\n第一条　人民法院直接受理的自诉案件包括：\n（一）告诉才处理的案件：\n⒈侮辱、诽谤案（刑法第二百四十六条规定的，但严重危害社会秩序和国家利益的除外）；\n⒉暴力干涉婚姻自由案（刑法第二百五十七条第一款规定的）；\n⒊虐待案（刑法第二百六十条第一款规定的，但被害人没有能力告诉或者因受到强制、威吓无法告诉的除外）；\n⒋侵占案（刑法第二百七十条规定的）。\n（二）人民检察院没有提起公诉，被害人有证据证明的轻微刑事案件：\n⒈故意伤害案（刑法第二百三十四条第一款规定的）；\n⒉非法侵入住宅案（刑法第二百四十五条规定的）；\n⒊侵犯通信自由案（刑法第二百五十二条规定的）；\n⒋重婚案（刑法第二百五十八条规定的）；\n⒌遗弃案（刑法第二百六十一条规定的）；\n⒍生产、销售伪劣商品案（刑法分则第三章第一节规定的，但严重危害社会秩序和国家利益的除外）；\n⒎侵犯知识产权案（刑法分则第三章第七节规定的，但严重危害社会秩序和国家利益的除外）；\n⒏刑法分则第四章、第五章规定的，可能判处三年有期徒刑以下刑罚的案件。\n本项规定的案件，被害人直接向人民法院起诉的，人民法院应当依法受理。对其中证据不足，可以由公安机关受理的，或者认为对被告人可能判处三年有期徒刑以上刑罚的，应当告知被害人向公安机关报案，或者移送公安机关立案侦查。\n（三）被害人有证据证明对被告人侵犯自己人身、财产权利的行为应当依法追究刑事责任，且有证据证明曾经提出控告，而公安机关或者人民检察院不予追究被告人刑事责任的案件。\n第二条　犯罪地包括犯罪行为地和犯罪结果地。\n针对或者主要利用计算机网络实施的犯罪，犯罪地包括用于实施犯罪行为的网络服务使用的服务器所在地，网络服务提供者所在地，被侵害的信息网络系统及其管理者所在地，犯罪过程中被告人、被害人使用的信息网络系统所在地，以及被害人被侵害时所在地和被害人财产遭受损失地等。\n第三条　被告人的户籍地为其居住地。经常居住地与户籍地不一致的，经常居住地为其居住地。经常居住地为被告人被追诉前已连续居住一年以上的地方，但住院就医的除外。\n被告单位登记的住所地为其居住地。主要营业地或者主要办事机构所在地与登记的住所地不一致的，主要营业地或者主要办事机构所在地为其居住地。\n第四条　在中华人民共和国内水、领海发生的刑事案件，由犯罪地或者被告人登陆地的人民法院管辖。由被告人居住地的人民法院审判更为适宜的，可以由被告人居住地的人民法院管辖。\n第五条　在列车上的犯罪，被告人在列车运行途中被抓获的，由前方停靠站所在地负责审判铁路运输刑事案件的人民法院管辖。必要时，也可以由始发站或者终点站所在地负责审判铁路运输刑事案件的人民法院管辖。\n被告人不是在列车运行途中被抓获的，由负责该列车乘务的铁路公安机关对应的审判铁路运输刑事案件的人民法院管辖；被告人在列车运行途经车站被抓获的，也可以由该车站所在地负责审判铁路运输刑事案件的人民法院管辖。\n第六条　在国际列车上的犯罪，根据我国与相关国家签订的协定确定管辖；没有协定的，由该列车始发或者前方停靠的中国车站所在地负责审判铁路运输刑事案件的人民法院管辖。\n第七条　在中华人民共和国领域外的中国船舶内的犯罪，由该船舶最初停泊的中国口岸所在地或者被告人登陆地、入境地的人民法院管辖。\n第八条　在中华人民共和国领域外的中国航空器内的犯罪，由该航空器在中国最初降落地的人民法院管辖。\n第九条　中国公民在中国驻外使领馆内的犯罪，由其主管单位所在地或者原户籍地的人民法院管辖。\n第十条　中国公民在中华人民共和国领域外的犯罪，由其登陆地、入境地、离境前居住地或者现居住地的人民法院管辖；被害人是中国公民的，也可以由被害人离境前居住地或者现居住地的人民法院管辖。\n第十一条　外国人在中华人民共和国领域外对中华人民共和国国家或者公民犯罪，根据《中华人民共和国刑法》应当受处罚的，由该外国人登陆地、入境地或者入境后居住地的人民法院管辖，也可以由被害人离境前居住地或者现居住地的人民法院管辖。\n第十二条　对中华人民共和国缔结或者参加的国际条约所规定的罪行，中华人民共和国在所承担条约义务的范围内行使刑事管辖权的，由被告人被抓获地、登陆地或者入境地的人民法院管辖。\n第十三条　正在服刑的罪犯在判决宣告前还有其他罪没有判决的，由原审地人民法院管辖；由罪犯服刑地或者犯罪地的人民法院审判更为适宜的，可以由罪犯服刑地或者犯罪地的人民法院管辖。\n罪犯在服刑期间又犯罪的，由服刑地的人民法院管辖。\n罪犯在脱逃期间又犯罪的，由服刑地的人民法院管辖。但是，在犯罪地抓获罪犯并发现其在脱逃期间犯罪的，由犯罪地的人民法院管辖。\n第十四条　人民检察院认为可能判处无期徒刑、死刑，向中级人民法院提起公诉的案件，中级人民法院受理后，认为不需要判处无期徒刑、死刑的，应当依法审判，不再交基层人民法院审判。\n第十五条　一人犯数罪、共同犯罪或者其他需要并案审理的案件，其中一人或者一罪属于上级人民法院管辖的，全案由上级人民法院管辖。\n第十六条　上级人民法院决定审判下级人民法院管辖的第一审刑事案件的，应当向下级人民法院下达改变管辖决定书，并书面通知同级人民检察院。\n第十七条　基层人民法院对可能判处无期徒刑、死刑的第一审刑事案件，应当移送中级人民法院审判。\n基层人民法院对下列第一审刑事案件，可以请求移送中级人民法院审判：\n（一）重大、复杂案件；\n（二）新类型的疑难案件；\n（三）在法律适用上具有普遍指导意义的案件。\n需要将案件移送中级人民法院审判的，应当在报请院长决定后，至迟于案件审理期限届满十五日以前书面请求移送。中级人民法院应当在接到申请后十日以内作出决定。不同意移送的，应当下达不同意移送决定书，由请求移送的人民法院依法审判；同意移送的，应当下达同意移送决定书，并书面通知同级人民检察院。\n第十八条　有管辖权的人民法院因案件涉及本院院长需要回避或者其他原因，不宜行使管辖权的，可以请求移送上一级人民法院管辖。上一级人民法院可以管辖，也可以指定与提出请求的人民法院同级的其他人民法院管辖。\n第十九条　两个以上同级人民法院都有管辖权的案件，由最初受理的人民法院审判。必要时，可以移送主要犯罪地的人民法院审判。\n管辖权发生争议的，应当在审理期限内协商解决；协商不成的，由争议的人民法院分别层报共同的上级人民法院指定管辖。\n第二十条　管辖不明的案件，上级人民法院可以指定下级人民法院审判。\n有关案件，由犯罪地、被告人居住地以外的人民法院审判更为适宜的，上级人民法院可以指定下级人民法院管辖。\n第二十一条　上级人民法院指定管辖，应当将指定管辖决定书送达被指定管辖的人民法院和其他有关的人民法院。\n第二十二条　原受理案件的人民法院在收到上级人民法院改变管辖决定书、同意移送决定书或者指定其他人民法院管辖的决定书后，对公诉案件，应当书面通知同级人民检察院，并将案卷材料退回，同时书面通知当事人；对自诉案件，应当将案卷材料移送被指定管辖的人民法院，并书面通知当事人。\n第二十三条　第二审人民法院发回重新审判的案件，人民检察院撤回起诉后，又向原第一审人民法院的下级人民法院重新提起公诉的，下级人民法院应当将有关情况层报原第二审人民法院。原第二审人民法院根据具体情况，可以决定将案件移送原第一审人民法院或者其他人民法院审判。\n第二十四条　人民法院发现被告人还有其他犯罪被起诉的，可以并案审理；涉及同种犯罪的，一般应当并案审理。\n人民法院发现被告人还有其他犯罪被审查起诉、立案侦查、立案调查的，可以参照前款规定协商人民检察院、公安机关、监察机关并案处理，但可能造成审判过分迟延的除外。\n根据前两款规定并案处理的案件，由最初受理地的人民法院审判。必要时，可以由主要犯罪地的人民法院审判。\n第二十五条　第二审人民法院在审理过程中，发现被告人还有其他犯罪没有判决的，参照前条规定处理。第二审人民法院决定并案审理的，应当发回第一审人民法院，由第一审人民法院作出处理。\n第二十六条　军队和地方互涉刑事案件，按照有关规定确定管辖。\n第二章　回避\n第二十七条　审判人员具有下列情形之一的，应当自行回避，当事人及其法定代理人有权申请其回避：\n（一）是本案的当事人或者是当事人的近亲属的；\n（二）本人或者其近亲属与本案有利害关系的；\n（三）担任过本案的证人、鉴定人、辩护人、诉讼代理人、翻译人员的；\n（四）与本案的辩护人、诉讼代理人有近亲属关系的；\n（五）与本案当事人有其他利害关系，可能影响公正审判的。\n第二十八条　审判人员具有下列情形之一的，当事人及其法定代理人有权申请其回避：\n（一）违反规定会见本案当事人、辩护人、诉讼代理人的；\n（二）为本案当事人推荐、介绍辩护人、诉讼代理人，或者为律师、其他人员介绍办理本案的；\n（三）索取、接受本案当事人及其委托的人的财物或者其他利益的；\n（四）接受本案当事人及其委托的人的宴请，或者参加由其支付费用的活动的；\n（五）向本案当事人及其委托的人借用款物的；\n（六）有其他不正当行为，可能影响公正审判的。\n第二十九条　参与过本案调查、侦查、审查起诉工作的监察、侦查、检察人员，调至人民法院工作的，不得担任本案的审判人员。\n在一个审判程序中参与过本案审判工作的合议庭组成人员或者独任审判员，不得再参与本案其他程序的审判。但是，发回重新审判的案件，在第一审人民法院作出裁判后又进入第二审程序、在法定刑以下判处刑罚的复核程序或者死刑复核程序的，原第二审程序、在法定刑以下判处刑罚的复核程序或者死刑复核程序中的合议庭组成人员不受本款规定的限制。\n第三十条　依照法律和有关规定应当实行任职回避的，不得担任案件的审判人员。\n第三十一条　人民法院应当依法告知当事人及其法定代理人有权申请回避，并告知其合议庭组成人员、独任审判员、法官助理、书记员等人员的名单。\n第三十二条　审判人员自行申请回避，或者当事人及其法定代理人申请审判人员回避的，可以口头或者书面提出，并说明理由，由院长决定。\n院长自行申请回避，或者当事人及其法定代理人申请院长回避的，由审判委员会讨论决定。审判委员会讨论时，由副院长主持，院长不得参加。\n第三十三条　当事人及其法定代理人依照刑事诉讼法第三十条和本解释第二十八条的规定申请回避的，应当提供证明材料。\n第三十四条　应当回避的审判人员没有自行回避，当事人及其法定代理人也没有申请其回避的，院长或者审判委员会应当决定其回避。\n第三十五条　对当事人及其法定代理人提出的回避申请，人民法院可以口头或者书面作出决定，并将决定告知申请人。\n当事人及其法定代理人申请回避被驳回的，可以在接到决定时申请复议一次。不属于刑事诉讼法第二十九条、第三十条规定情形的回避申请，由法庭当庭驳回，并不得申请复议。\n第三十六条　当事人及其法定代理人申请出庭的检察人员回避的，人民法院应当区分情况作出处理：\n（一）属于刑事诉讼法第二十九条、第三十条规定情形的回避申请，应当决定休庭，并通知人民检察院尽快作出决定；\n（二）不属于刑事诉讼法第二十九条、第三十条规定情形的回避申请，应当当庭驳回，并不得申请复议。\n第三十七条　本章所称的审判人员，包括人民法院院长、副院长、审判委员会委员、庭长、副庭长、审判员和人民陪审员。\n第三十八条　法官助理、书记员、翻译人员和鉴定人适用审判人员回避的有关规定，其回避问题由院长决定。\n第三十九条　辩护人、诉讼代理人可以依照本章的有关规定要求回避、申请复议。\n第三章　辩护与代理\n第四十条　人民法院审判案件，应当充分保障被告人依法享有的辩护权利。\n被告人除自己行使辩护权以外，还可以委托辩护人辩护。下列人员不得担任辩护人：\n（一）正在被执行刑罚或者处于缓刑、假释考验期间的人；\n（二）依法被剥夺、限制人身自由的人；\n（三）被开除公职或者被吊销律师、公证员执业证书的人；\n（四）人民法院、人民检察院、监察机关、公安机关、国家安全机关、监狱的现职人员；\n（五）人民陪审员；\n（六）与本案审理结果有利害关系的人；\n（七）外国人或者无国籍人；\n（八）无行为能力或者限制行为能力的人。\n前款第三项至第七项规定的人员，如果是被告人的监护人、近亲属，由被告人委托担任辩护人的，可以准许。\n第四十一条　审判人员和人民法院其他工作人员从人民法院离任后二年内，不得以律师身份担任辩护人。\n审判人员和人民法院其他工作人员从人民法院离任后，不得担任原任职法院所审理案件的辩护人，但系被告人的监护人、近亲属的除外。\n审判人员和人民法院其他工作人员的配偶、子女或者父母不得担任其任职法院所审理案件的辩护人，但系被告人的监护人、近亲属的除外。\n第四十二条　对接受委托担任辩护人的，人民法院应当核实其身份证明和授权委托书。\n第四十三条　一名被告人可以委托一至二人作为辩护人。\n一名辩护人不得为两名以上的同案被告人，或者未同案处理但犯罪事实存在关联的被告人辩护。\n第四十四条　被告人没有委托辩护人的，人民法院自受理案件之日起三日以内，应当告知其有权委托辩护人；被告人因经济困难或者其他原因没有委托辩护人的，应当告知其可以申请法律援助；被告人属于应当提供法律援助情形的，应当告知其将依法通知法律援助机构指派律师为其提供辩护。\n被告人没有委托辩护人，法律援助机构也没有指派律师为其提供辩护的，人民法院应当告知被告人有权约见值班律师，并为被告人约见值班律师提供便利。\n告知可以采取口头或者书面方式。\n第四十五条　审判期间，在押的被告人要求委托辩护人的，人民法院应当在三日以内向其监护人、近亲属或者其指定的人员转达要求。被告人应当提供有关人员的联系方式。有关人员无法通知的，应当告知被告人。\n第四十六条　人民法院收到在押被告人提出的法律援助或者法律帮助申请，应当依照有关规定及时转交法律援助机构或者通知值班律师。\n第四十七条　对下列没有委托辩护人的被告人，人民法院应当通知法律援助机构指派律师为其提供辩护：\n（一）盲、聋、哑人；\n（二）尚未完全丧失辨认或者控制自己行为能力的精神病人；\n（三）可能被判处无期徒刑、死刑的人。\n高级人民法院复核死刑案件，被告人没有委托辩护人的，应当通知法律援助机构指派律师为其提供辩护。\n死刑缓期执行期间故意犯罪的案件，适用前两款规定。\n第四十八条　具有下列情形之一，被告人没有委托辩护人的，人民法院可以通知法律援助机构指派律师为其提供辩护：\n（一）共同犯罪案件中，其他被告人已经委托辩护人的；\n（二）案件有重大社会影响的；\n（三）人民检察院抗诉的；\n（四）被告人的行为可能不构成犯罪的；\n（五）有必要指派律师提供辩护的其他情形。\n第四十九条　人民法院通知法律援助机构指派律师提供辩护的，应当将法律援助通知书、起诉书副本或者判决书送达法律援助机构；决定开庭审理的，除适用简易程序或者速裁程序审理的以外，应当在开庭十五日以前将上述材料送达法律援助机构。\n法律援助通知书应当写明案由、被告人姓名、提供法律援助的理由、审判人员的姓名和联系方式；已确定开庭审理的，应当写明开庭的时间、地点。\n第五十条　被告人拒绝法律援助机构指派的律师为其辩护，坚持自己行使辩护权的，人民法院应当准许。\n属于应当提供法律援助的情形，被告人拒绝指派的律师为其辩护的，人民法院应当查明原因。理由正当的，应当准许，但被告人应当在五日以内另行委托辩护人；被告人未另行委托辩护人的，人民法院应当在三日以内通知法律援助机构另行指派律师为其提供辩护。\n第五十一条　对法律援助机构指派律师为被告人提供辩护，被告人的监护人、近亲属又代为委托辩护人的，应当听取被告人的意见，由其确定辩护人人选。\n第五十二条　审判期间，辩护人接受被告人委托的，应当在接受委托之日起三日以内，将委托手续提交人民法院。\n接受法律援助机构指派为被告人提供辩护的，适用前款规定。\n第五十三条　辩护律师可以查阅、摘抄、复制案卷材料。其他辩护人经人民法院许可，也可以查阅、摘抄、复制案卷材料。合议庭、审判委员会的讨论记录以及其他依法不公开的材料不得查阅、摘抄、复制。\n辩护人查阅、摘抄、复制案卷材料的，人民法院应当提供便利，并保证必要的时间。\n值班律师查阅案卷材料的，适用前两款规定。\n复制案卷材料可以采用复印、拍照、扫描、电子数据拷贝等方式。\n第五十四条　对作为证据材料向人民法院移送的讯问录音录像，辩护律师申请查阅的，人民法院应当准许。\n第五十五条　查阅、摘抄、复制案卷材料，涉及国家秘密、商业秘密、个人隐私的，应当保密；对不公开审理案件的信息、材料，或者在办案过程中获悉的案件重要信息、证据材料，不得违反规定泄露、披露，不得用于办案以外的用途。人民法院可以要求相关人员出具承诺书。\n违反前款规定的，人民法院可以通报司法行政机关或者有关部门，建议给予相应处罚；构成犯罪的，依法追究刑事责任。\n第五十六条　辩护律师可以同在押的或者被监视居住的被告人会见和通信。其他辩护人经人民法院许可，也可以同在押的或者被监视居住的被告人会见和通信。\n第五十七条　辩护人认为在调查、侦查、审查起诉期间监察机关、公安机关、人民检察院收集的证明被告人无罪或者罪轻的证据材料未随案移送，申请人民法院调取的，应当以书面形式提出，并提供相关线索或者材料。人民法院接受申请后，应当向人民检察院调取。人民检察院移送相关证据材料后，人民法院应当及时通知辩护人。\n第五十八条　辩护律师申请向被害人及其近亲属、被害人提供的证人收集与本案有关的材料，人民法院认为确有必要的，应当签发准许调查书。\n第五十九条　辩护律师向证人或者有关单位、个人收集、调取与本案有关的证据材料，因证人或者有关单位、个人不同意，申请人民法院收集、调取，或者申请通知证人出庭作证，人民法院认为确有必要的，应当同意。\n第六十条　辩护律师直接申请人民法院向证人或者有关单位、个人收集、调取证据材料，人民法院认为确有必要，且不宜或者不能由辩护律师收集、调取的，应当同意。\n人民法院向有关单位收集、调取的书面证据材料，必须由提供人签名，并加盖单位印章；向个人收集、调取的书面证据材料，必须由提供人签名。\n人民法院对有关单位、个人提供的证据材料，应当出具收据，写明证据材料的名称、收到的时间、件数、页数以及是否为原件等，由书记员、法官助理或者审判人员签名。\n收集、调取证据材料后，应当及时通知辩护律师查阅、摘抄、复制，并告知人民检察院。\n第六十一条　本解释第五十八条至第六十条规定的申请，应当以书面形式提出，并说明理由，写明需要收集、调取证据材料的内容或者需要调查问题的提纲。\n对辩护律师的申请，人民法院应当在五日以内作出是否准许、同意的决定，并通知申请人；决定不准许、不同意的，应当说明理由。\n第六十二条　人民法院自受理自诉案件之日起三日以内，应当告知自诉人及其法定代理人、附带民事诉讼当事人及其法定代理人，有权委托诉讼代理人，并告知其如果经济困难，可以申请法律援助。\n第六十三条　当事人委托诉讼代理人的，参照适用刑事诉讼法第三十三条和本解释的有关规定。\n第六十四条　诉讼代理人有权根据事实和法律，维护被害人、自诉人或者附带民事诉讼当事人的诉讼权利和其他合法权益。\n第六十五条　律师担任诉讼代理人的，可以查阅、摘抄、复制案卷材料。其他诉讼代理人经人民法院许可，也可以查阅、摘抄、复制案卷材料。\n律师担任诉讼代理人，需要收集、调取与本案有关的证据材料的，参照适用本解释第五十九条至第六十一条的规定。\n第六十六条　诉讼代理人接受当事人委托或者法律援助机构指派后，应当在三日以内将委托手续或者法律援助手续提交人民法院。\n第六十七条　辩护律师向人民法院告知其委托人或者其他人准备实施、正在实施危害国家安全、公共安全以及严重危害他人人身安全犯罪的，人民法院应当记录在案，立即转告主管机关依法处理，并为反映有关情况的辩护律师保密。\n第六十八条　律师担任辩护人、诉讼代理人，经人民法院准许，可以带一名助理参加庭审。律师助理参加庭审的，可以从事辅助工作，但不得发表辩护、代理意见。\n第四章　证据\n第一节　一般规定\n第六十九条　认定案件事实，必须以证据为根据。\n第七十条　审判人员应当依照法定程序收集、审查、核实、认定证据。\n第七十一条　证据未经当庭出示、辨认、质证等法庭调查程序查证属实，不得作为定案的根据。\n第七十二条　应当运用证据证明的案件事实包括：\n（一）被告人、被害人的身份；\n（二）被指控的犯罪是否存在；\n（三）被指控的犯罪是否为被告人所实施；\n（四）被告人有无刑事责任能力，有无罪过，实施犯罪的动机、目的；\n（五）实施犯罪的时间、地点、手段、后果以及案件起因等；\n（六）是否系共同犯罪或者犯罪事实存在关联，以及被告人在犯罪中的地位、作用；\n（七）被告人有无从重、从轻、减轻、免除处罚情节；\n（八）有关涉案财物处理的事实；\n（九）有关附带民事诉讼的事实；\n（十）有关管辖、回避、延期审理等的程序事实；\n（十一）与定罪量刑有关的其他事实。\n认定被告人有罪和对被告人从重处罚，适用证据确实、充分的证明标准。\n第七十三条　对提起公诉的案件，人民法院应当审查证明被告人有罪、无罪、罪重、罪轻的证据材料是否全部随案移送；未随案移送的，应当通知人民检察院在指定时间内移送。人民检察院未移送的，人民法院应当根据在案证据对案件事实作出认定。\n第七十四条　依法应当对讯问过程录音录像的案件，相关录音录像未随案移送的，必要时，人民法院可以通知人民检察院在指定时间内移送。人民检察院未移送，导致不能排除属于刑事诉讼法第五十六条规定的以非法方法收集证据情形的，对有关证据应当依法排除；导致有关证据的真实性无法确认的，不得作为定案的根据。\n第七十五条　行政机关在行政执法和查办案件过程中收集的物证、书证、视听资料、电子数据等证据材料，经法庭查证属实，且收集程序符合有关法律、行政法规规定的，可以作为定案的根据。\n根据法律、行政法规规定行使国家行政管理职权的组织，在行政执法和查办案件过程中收集的证据材料，视为行政机关收集的证据材料。\n第七十六条　监察机关依法收集的证据材料，在刑事诉讼中可以作为证据使用。\n对前款规定证据的审查判断，适用刑事审判关于证据的要求和标准。\n第七十七条　对来自境外的证据材料，人民检察院应当随案移送有关材料来源、提供人、提取人、提取时间等情况的说明。经人民法院审查，相关证据材料能够证明案件事实且符合刑事诉讼法规定的，可以作为证据使用，但提供人或者我国与有关国家签订的双边条约对材料的使用范围有明确限制的除外；材料来源不明或者真实性无法确认的，不得作为定案的根据。\n当事人及其辩护人、诉讼代理人提供来自境外的证据材料的，该证据材料应当经所在国公证机关证明，所在国中央外交主管机关或者其授权机关认证，并经中华人民共和国驻该国使领馆认证，或者履行中华人民共和国与该所在国订立的有关条约中规定的证明手续，但我国与该国之间有互免认证协定的除外。\n第七十八条　控辩双方提供的证据材料涉及外国语言、文字的，应当附中文译本。\n第七十九条　人民法院依照刑事诉讼法第一百九十六条的规定调查核实证据，必要时，可以通知检察人员、辩护人、自诉人及其法定代理人到场。上述人员未到场的，应当记录在案。\n人民法院调查核实证据时，发现对定罪量刑有重大影响的新的证据材料的，应当告知检察人员、辩护人、自诉人及其法定代理人。必要时，也可以直接提取，并及时通知检察人员、辩护人、自诉人及其法定代理人查阅、摘抄、复制。\n第八十条　下列人员不得担任见证人：\n（一）生理上、精神上有缺陷或者年幼，不具有相应辨别能力或者不能正确表达的人；\n（二）与案件有利害关系，可能影响案件公正处理的人；\n（三）行使勘验、检查、搜查、扣押、组织辨认等监察调查、刑事诉讼职权的监察、公安、司法机关的工作人员或者其聘用的人员。\n对见证人是否属于前款规定的人员，人民法院可以通过相关笔录载明的见证人的姓名、身份证件种类及号码、联系方式以及常住人口信息登记表等材料进行审查。\n由于客观原因无法由符合条件的人员担任见证人的，应当在笔录材料中注明情况，并对相关活动进行全程录音录像。\n第八十一条　公开审理案件时，公诉人、诉讼参与人提出涉及国家秘密、商业秘密或者个人隐私的证据的，法庭应当制止；确与本案有关的，可以根据具体情况，决定将案件转为不公开审理，或者对相关证据的法庭调查不公开进行。\n第二节　物证、书证的审查与认定\n第八十二条　对物证、书证应当着重审查以下内容：\n（一）物证、书证是否为原物、原件，是否经过辨认、鉴定；物证的照片、录像、复制品或者书证的副本、复制件是否与原物、原件相符，是否由二人以上制作，有无制作人关于制作过程以及原物、原件存放于何处的文字说明和签名；\n（二）物证、书证的收集程序、方式是否符合法律、有关规定；经勘验、检查、搜查提取、扣押的物证、书证，是否附有相关笔录、清单，笔录、清单是否经调查人员或者侦查人员、物品持有人、见证人签名，没有签名的，是否注明原因；物品的名称、特征、数量、质量等是否注明清楚；\n（三）物证、书证在收集、保管、鉴定过程中是否受损或者改变；\n（四）物证、书证与案件事实有无关联；对现场遗留与犯罪有关的具备鉴定条件的血迹、体液、毛发、指纹等生物样本、痕迹、物品，是否已作DNA鉴定、指纹鉴定等，并与被告人或者被害人的相应生物特征、物品等比对；\n（五）与案件事实有关联的物证、书证是否全面收集。\n第八十三条　据以定案的物证应当是原物。原物不便搬运、不易保存、依法应当返还或者依法应当由有关部门保管、处理的，可以拍摄、制作足以反映原物外形和特征的照片、录像、复制品。必要时，审判人员可以前往保管场所查看原物。\n物证的照片、录像、复制品，不能反映原物的外形和特征的，不得作为定案的根据。\n物证的照片、录像、复制品，经与原物核对无误、经鉴定或者以其他方式确认真实的，可以作为定案的根据。\n第八十四条　据以定案的书证应当是原件。取得原件确有困难的，可以使用副本、复制件。\n对书证的更改或者更改迹象不能作出合理解释，或者书证的副本、复制件不能反映原件及其内容的，不得作为定案的根据。\n书证的副本、复制件，经与原件核对无误、经鉴定或者以其他方式确认真实的，可以作为定案的根据。\n第八十五条　对与案件事实可能有关联的血迹、体液、毛发、人体组织、指纹、足迹、字迹等生物样本、痕迹和物品，应当提取而没有提取，应当鉴定而没有鉴定，应当移送鉴定意见而没有移送，导致案件事实存疑的，人民法院应当通知人民检察院依法补充收集、调取、移送证据。\n第八十六条　在勘验、检查、搜查过程中提取、扣押的物证、书证，未附笔录或者清单，不能证明物证、书证来源的，不得作为定案的根据。\n物证、书证的收集程序、方式有下列瑕疵，经补正或者作出合理解释的，可以采用：\n（一）勘验、检查、搜查、提取笔录或者扣押清单上没有调查人员或者侦查人员、物品持有人、见证人签名，或者对物品的名称、特征、数量、质量等注明不详的；\n（二）物证的照片、录像、复制品，书证的副本、复制件未注明与原件核对无异，无复制时间，或者无被收集、调取人签名的；\n（三）物证的照片、录像、复制品，书证的副本、复制件没有制作人关于制作过程和原物、原件存放地点的说明，或者说明中无签名的；\n（四）有其他瑕疵的。\n物证、书证的来源、收集程序有疑问，不能作出合理解释的，不得作为定案的根据。\n第三节　证人证言、被害人陈述的审查与认定\n第八十七条　对证人证言应当着重审查以下内容：\n（一）证言的内容是否为证人直接感知；\n（二）证人作证时的年龄，认知、记忆和表达能力，生理和精神状态是否影响作证；\n（三）证人与案件当事人、案件处理结果有无利害关系；\n（四）询问证人是否个别进行；\n（五）询问笔录的制作、修改是否符合法律、有关规定，是否注明询问的起止时间和地点，首次询问时是否告知证人有关权利义务和法律责任，证人对询问笔录是否核对确认；\n（六）询问未成年证人时，是否通知其法定代理人或者刑事诉讼法第二百八十一条第一款规定的合适成年人到场，有关人员是否到场；\n（七）有无以暴力、威胁等非法方法收集证人证言的情形；\n（八）证言之间以及与其他证据之间能否相互印证，有无矛盾；存在矛盾的，能否得到合理解释。\n第八十八条　处于明显醉酒、中毒或者麻醉等状态，不能正常感知或者正确表达的证人所提供的证言，不得作为证据使用。\n证人的猜测性、评论性、推断性的证言，不得作为证据使用，但根据一般生活经验判断符合事实的除外。\n第八十九条　证人证言具有下列情形之一的，不得作为定案的根据：\n（一）询问证人没有个别进行的；\n（二）书面证言没有经证人核对确认的；\n（三）询问聋、哑人，应当提供通晓聋、哑手势的人员而未提供的；\n（四）询问不通晓当地通用语言、文字的证人，应当提供翻译人员而未提供的。\n第九十条　证人证言的收集程序、方式有下列瑕疵，经补正或者作出合理解释的，可以采用；不能补正或者作出合理解释的，不得作为定案的根据：\n（一）询问笔录没有填写询问人、记录人、法定代理人姓名以及询问的起止时间、地点的；\n（二）询问地点不符合规定的；\n（三）询问笔录没有记录告知证人有关权利义务和法律责任的；\n（四）询问笔录反映出在同一时段，同一询问人员询问不同证人的；\n（五）询问未成年人，其法定代理人或者合适成年人不在场的。\n第九十一条　证人当庭作出的证言，经控辩双方质证、法庭查证属实的，应当作为定案的根据。\n证人当庭作出的证言与其庭前证言矛盾，证人能够作出合理解释，并有其他证据印证的，应当采信其庭审证言；不能作出合理解释，而其庭前证言有其他证据印证的，可以采信其庭前证言。\n经人民法院通知，证人没有正当理由拒绝出庭或者出庭后拒绝作证，法庭对其证言的真实性无法确认的，该证人证言不得作为定案的根据。\n第九十二条　对被害人陈述的审查与认定，参照适用本节的有关规定。\n第四节　被告人供述和辩解的审查与认定\n第九十三条　对被告人供述和辩解应当着重审查以下内容：\n（一）讯问的时间、地点，讯问人的身份、人数以及讯问方式等是否符合法律、有关规定；\n（二）讯问笔录的制作、修改是否符合法律、有关规定，是否注明讯问的具体起止时间和地点，首次讯问时是否告知被告人有关权利和法律规定，被告人是否核对确认；\n（三）讯问未成年被告人时，是否通知其法定代理人或者合适成年人到场，有关人员是否到场；\n（四）讯问女性未成年被告人时，是否有女性工作人员在场；\n（五）有无以刑讯逼供等非法方法收集被告人供述的情形；\n（六）被告人的供述是否前后一致，有无反复以及出现反复的原因；\n（七）被告人的供述和辩解是否全部随案移送；\n（八）被告人的辩解内容是否符合案情和常理，有无矛盾；\n（九）被告人的供述和辩解与同案被告人的供述和辩解以及其他证据能否相互印证，有无矛盾；存在矛盾的，能否得到合理解释。\n必要时，可以结合现场执法音视频记录、讯问录音录像、被告人进出看守所的健康检查记录、笔录等，对被告人的供述和辩解进行审查。\n第九十四条　被告人供述具有下列情形之一的，不得作为定案的根据：\n（一）讯问笔录没有经被告人核对确认的；\n（二）讯问聋、哑人，应当提供通晓聋、哑手势的人员而未提供的；\n（三）讯问不通晓当地通用语言、文字的被告人，应当提供翻译人员而未提供的；\n（四）讯问未成年人，其法定代理人或者合适成年人不在场的。\n第九十五条　讯问笔录有下列瑕疵，经补正或者作出合理解释的，可以采用；不能补正或者作出合理解释的，不得作为定案的根据：\n（一）讯问笔录填写的讯问时间、讯问地点、讯问人、记录人、法定代理人等有误或者存在矛盾的；\n（二）讯问人没有签名的；\n（三）首次讯问笔录没有记录告知被讯问人有关权利和法律规定的。\n第九十六条　审查被告人供述和辩解，应当结合控辩双方提供的所有证据以及被告人的全部供述和辩解进行。\n被告人庭审中翻供，但不能合理说明翻供原因或者其辩解与全案证据矛盾，而其庭前供述与其他证据相互印证的，可以采信其庭前供述。\n被告人庭前供述和辩解存在反复，但庭审中供认，且与其他证据相互印证的，可以采信其庭审供述；被告人庭前供述和辩解存在反复，庭审中不供认，且无其他证据与庭前供述印证的，不得采信其庭前供述。\n第五节　鉴定意见的审查与认定\n第九十七条　对鉴定意见应当着重审查以下内容：\n（一）鉴定机构和鉴定人是否具有法定资质；\n（二）鉴定人是否存在应当回避的情形；\n（三）检材的来源、取得、保管、送检是否符合法律、有关规定，与相关提取笔录、扣押清单等记载的内容是否相符，检材是否可靠；\n（四）鉴定意见的形式要件是否完备，是否注明提起鉴定的事由、鉴定委托人、鉴定机构、鉴定要求、鉴定过程、鉴定方法、鉴定日期等相关内容，是否由鉴定机构盖章并由鉴定人签名；\n（五）鉴定程序是否符合法律、有关规定；\n（六）鉴定的过程和方法是否符合相关专业的规范要求；\n（七）鉴定意见是否明确；\n（八）鉴定意见与案件事实有无关联；\n（九）鉴定意见与勘验、检查笔录及相关照片等其他证据是否矛盾；存在矛盾的，能否得到合理解释；\n（十）鉴定意见是否依法及时告知相关人员，当事人对鉴定意见有无异议。\n第九十八条　鉴定意见具有下列情形之一的，不得作为定案的根据：\n（一）鉴定机构不具备法定资质，或者鉴定事项超出该鉴定机构业务范围、技术条件的；\n（二）鉴定人不具备法定资质，不具有相关专业技术或者职称，或者违反回避规定的；\n（三）送检材料、样本来源不明，或者因污染不具备鉴定条件的；\n（四）鉴定对象与送检材料、样本不一致的；\n（五）鉴定程序违反规定的；\n（六）鉴定过程和方法不符合相关专业的规范要求的；\n（七）鉴定文书缺少签名、盖章的；\n（八）鉴定意见与案件事实没有关联的；\n（九）违反有关规定的其他情形。\n第九十九条　经人民法院通知，鉴定人拒不出庭作证的，鉴定意见不得作为定案的根据。\n鉴定人由于不能抗拒的原因或者有其他正当理由无法出庭的，人民法院可以根据情况决定延期审理或者重新鉴定。\n鉴定人无正当理由拒不出庭作证的，人民法院应当通报司法行政机关或者有关部门。\n第一百条　因无鉴定机构，或者根据法律、司法解释的规定，指派、聘请有专门知识的人就案件的专门性问题出具的报告，可以作为证据使用。\n对前款规定的报告的审查与认定，参照适用本节的有关规定。\n经人民法院通知，出具报告的人拒不出庭作证的，有关报告不得作为定案的根据。\n第一百零一条　有关部门对事故进行调查形成的报告，在刑事诉讼中可以作为证据使用；报告中涉及专门性问题的意见，经法庭查证属实，且调查程序符合法律、有关规定的，可以作为定案的根据。\n第六节　勘验、检查、辨认、侦查实验等笔录的审查与认定\n第一百零二条　对勘验、检查笔录应当着重审查以下内容：\n（一）勘验、检查是否依法进行，笔录制作是否符合法律、有关规定，勘验、检查人员和见证人是否签名或者盖章；\n（二）勘验、检查笔录是否记录了提起勘验、检查的事由，勘验、检查的时间、地点，在场人员、现场方位、周围环境等，现场的物品、人身、尸体等的位置、特征等情况，以及勘验、检查的过程；文字记录与实物或者绘图、照片、录像是否相符；现场、物品、痕迹等是否伪造、有无破坏；人身特征、伤害情况、生理状态有无伪装或者变化等；\n（三）补充进行勘验、检查的，是否说明了再次勘验、检查的原由，前后勘验、检查的情况是否矛盾。\n第一百零三条　勘验、检查笔录存在明显不符合法律、有关规定的情形，不能作出合理解释的，不得作为定案的根据。\n第一百零四条　对辨认笔录应当着重审查辨认的过程、方法，以及辨认笔录的制作是否符合有关规定。\n第一百零五条　辨认笔录具有下列情形之一的，不得作为定案的根据：\n（一）辨认不是在调查人员、侦查人员主持下进行的；\n（二）辨认前使辨认人见到辨认对象的；\n（三）辨认活动没有个别进行的；\n（四）辨认对象没有混杂在具有类似特征的其他对象中，或者供辨认的对象数量不符合规定的；\n（五）辨认中给辨认人明显暗示或者明显有指认嫌疑的；\n（六）违反有关规定，不能确定辨认笔录真实性的其他情形。\n第一百零六条　对侦查实验笔录应当着重审查实验的过程、方法，以及笔录的制作是否符合有关规定。\n第一百零七条　侦查实验的条件与事件发生时的条件有明显差异，或者存在影响实验结论科学性的其他情形的，侦查实验笔录不得作为定案的根据。\n第七节　视听资料、电子数据的审查与认定\n第一百零八条　对视听资料应当着重审查以下内容：\n（一）是否附有提取过程的说明，来源是否合法；\n（二）是否为原件，有无复制及复制份数；是复制件的，是否附有无法调取原件的原因、复制件制作过程和原件存放地点的说明，制作人、原视听资料持有人是否签名；\n（三）制作过程中是否存在威胁、引诱当事人等违反法律、有关规定的情形；\n（四）是否写明制作人、持有人的身份，制作的时间、地点、条件和方法；\n（五）内容和制作过程是否真实，有无剪辑、增加、删改等情形；\n（六）内容与案件事实有无关联。\n对视听资料有疑问的，应当进行鉴定。\n第一百零九条　视听资料具有下列情形之一的，不得作为定案的根据：\n（一）系篡改、伪造或者无法确定真伪的；\n（二）制作、取得的时间、地点、方式等有疑问，不能作出合理解释的。\n第一百一十条　对电子数据是否真实，应当着重审查以下内容：\n（一）是否移送原始存储介质；在原始存储介质无法封存、不便移动时，有无说明原因，并注明收集、提取过程及原始存储介质的存放地点或者电子数据的来源等情况；\n（二）是否具有数字签名、数字证书等特殊标识；\n（三）收集、提取的过程是否可以重现；\n（四）如有增加、删除、修改等情形的，是否附有说明；\n（五）完整性是否可以保证。\n第一百一十一条　对电子数据是否完整，应当根据保护电子数据完整性的相应方法进行审查、验证：\n（一）审查原始存储介质的扣押、封存状态；\n（二）审查电子数据的收集、提取过程，查看录像；\n（三）比对电子数据完整性校验值；\n（四）与备份的电子数据进行比较；\n（五）审查冻结后的访问操作日志；\n（六）其他方法。\n第一百一十二条　对收集、提取电子数据是否合法，应当着重审查以下内容：\n（一）收集、提取电子数据是否由二名以上调查人员、侦查人员进行，取证方法是否符合相关技术标准；\n（二）收集、提取电子数据，是否附有笔录、清单，并经调查人员、侦查人员、电子数据持有人、提供人、见证人签名或者盖章；没有签名或者盖章的，是否注明原因；对电子数据的类别、文件格式等是否注明清楚；\n（三）是否依照有关规定由符合条件的人员担任见证人，是否对相关活动进行录像；\n（四）采用技术调查、侦查措施收集、提取电子数据的，是否依法经过严格的批准手续；\n（五）进行电子数据检查的，检查程序是否符合有关规定。\n第一百一十三条　电子数据的收集、提取程序有下列瑕疵，经补正或者作出合理解释的，可以采用；不能补正或者作出合理解释的，不得作为定案的根据：\n（一）未以封存状态移送的；\n（二）笔录或者清单上没有调查人员或者侦查人员、电子数据持有人、提供人、见证人签名或者盖章的；\n（三）对电子数据的名称、类别、格式等注明不清的；\n（四）有其他瑕疵的。\n第一百一十四条　电子数据具有下列情形之一的，不得作为定案的根据：\n（一）系篡改、伪造或者无法确定真伪的；\n（二）有增加、删除、修改等情形，影响电子数据真实性的；\n（三）其他无法保证电子数据真实性的情形。\n第一百一十五条　对视听资料、电子数据，还应当审查是否移送文字抄清材料以及对绰号、暗语、俗语、方言等不易理解内容的说明。未移送的，必要时，可以要求人民检察院移送。\n第八节　技术调查、侦查证据的审查与认定\n第一百一十六条　依法采取技术调查、侦查措施收集的材料在刑事诉讼中可以作为证据使用。\n采取技术调查、侦查措施收集的材料，作为证据使用的，应当随案移送。\n第一百一十七条　使用采取技术调查、侦查措施收集的证据材料可能危及有关人员的人身安全，或者可能产生其他严重后果的，可以采取下列保护措施：\n（一）使用化名等代替调查、侦查人员及有关人员的个人信息；\n（二）不具体写明技术调查、侦查措施使用的技术设备和技术方法；\n（三）其他必要的保护措施。\n第一百一十八条　移送技术调查、侦查证据材料的，应当附采取技术调查、侦查措施的法律文书、技术调查、侦查证据材料清单和有关说明材料。\n移送采用技术调查、侦查措施收集的视听资料、电子数据的，应当制作新的存储介质，并附制作说明，写明原始证据材料、原始存储介质的存放地点等信息，由制作人签名，并加盖单位印章。\n第一百一十九条　对采取技术调查、侦查措施收集的证据材料，除根据相关证据材料所属的证据种类，依照本章第二节至第七节的相应规定进行审查外，还应当着重审查以下内容：\n（一）技术调查、侦查措施所针对的案件是否符合法律规定；\n（二）技术调查措施是否经过严格的批准手续，按照规定交有关机关执行；技术侦查措施是否在刑事立案后，经过严格的批准手续；\n（三）采取技术调查、侦查措施的种类、适用对象和期限是否按照批准决定载明的内容执行；\n（四）采取技术调查、侦查措施收集的证据材料与其他证据是否矛盾；存在矛盾的，能否得到合理解释。\n第一百二十条　采取技术调查、侦查措施收集的证据材料，应当经过当庭出示、辨认、质证等法庭调查程序查证。\n当庭调查技术调查、侦查证据材料可能危及有关人员的人身安全，或者可能产生其他严重后果的，法庭应当采取不暴露有关人员身份和技术调查、侦查措施使用的技术设备、技术方法等保护措施。必要时，审判人员可以在庭外对证据进行核实。\n第一百二十一条　采用技术调查、侦查证据作为定案根据的，人民法院在裁判文书中可以表述相关证据的名称、证据种类和证明对象，但不得表述有关人员身份和技术调查、侦查措施使用的技术设备、技术方法等。\n第一百二十二条　人民法院认为应当移送的技术调查、侦查证据材料未随案移送的，应当通知人民检察院在指定时间内移送。人民检察院未移送的，人民法院应当根据在案证据对案件事实作出认定。\n第九节　非法证据排除\n第一百二十三条　采用下列非法方法收集的被告人供述，应当予以排除：\n（一）采用殴打、违法使用戒具等暴力方法或者变相肉刑的恶劣手段，使被告人遭受难以忍受的痛苦而违背意愿作出的供述；\n（二）采用以暴力或者严重损害本人及其近亲属合法权益等相威胁的方法，使被告人遭受难以忍受的痛苦而违背意愿作出的供述；\n（三）采用非法拘禁等非法限制人身自由的方法收集的被告人供述。\n第一百二十四条　采用刑讯逼供方法使被告人作出供述，之后被告人受该刑讯逼供行为影响而作出的与该供述相同的重复性供述，应当一并排除，但下列情形除外：\n（一）调查、侦查期间，监察机关、侦查机关根据控告、举报或者自己发现等，确认或者不能排除以非法方法收集证据而更换调查、侦查人员，其他调查、侦查人员再次讯问时告知有关权利和认罪的法律后果，被告人自愿供述的；\n（二）审查逮捕、审查起诉和审判期间，检察人员、审判人员讯问时告知诉讼权利和认罪的法律后果，被告人自愿供述的。\n第一百二十五条　采用暴力、威胁以及非法限制人身自由等非法方法收集的证人证言、被害人陈述，应当予以排除。\n第一百二十六条　收集物证、书证不符合法定程序，可能严重影响司法公正的，应当予以补正或者作出合理解释；不能补正或者作出合理解释的，对该证据应当予以排除。\n认定“可能严重影响司法公正”，应当综合考虑收集证据违反法定程序以及所造成后果的严重程度等情况。\n第一百二十七条　当事人及其辩护人、诉讼代理人申请人民法院排除以非法方法收集的证据的，应当提供涉嫌非法取证的人员、时间、地点、方式、内容等相关线索或者材料。\n第一百二十八条　人民法院向被告人及其辩护人送达起诉书副本时，应当告知其申请排除非法证据的，应当在开庭审理前提出，但庭审期间才发现相关线索或者材料的除外。\n第一百二十九条　开庭审理前，当事人及其辩护人、诉讼代理人申请人民法院排除非法证据的，人民法院应当在开庭前及时将申请书或者申请笔录及相关线索、材料的复制件送交人民检察院。\n第一百三十条　开庭审理前，人民法院可以召开庭前会议，就非法证据排除等问题了解情况，听取意见。\n在庭前会议中，人民检察院可以通过出示有关证据材料等方式，对证据收集的合法性加以说明。必要时，可以通知调查人员、侦查人员或者其他人员参加庭前会议，说明情况。\n第一百三十一条　在庭前会议中，人民检察院可以撤回有关证据。撤回的证据，没有新的理由，不得在庭审中出示。\n当事人及其辩护人、诉讼代理人可以撤回排除非法证据的申请。撤回申请后，没有新的线索或者材料，不得再次对有关证据提出排除申请。\n第一百三十二条　当事人及其辩护人、诉讼代理人在开庭审理前未申请排除非法证据，在庭审过程中提出申请的，应当说明理由。人民法院经审查，对证据收集的合法性有疑问的，应当进行调查；没有疑问的，驳回申请。\n驳回排除非法证据的申请后，当事人及其辩护人、诉讼代理人没有新的线索或者材料，以相同理由再次提出申请的，人民法院不再审查。\n第一百三十三条　控辩双方在庭前会议中对证据收集是否合法未达成一致意见，人民法院对证据收集的合法性有疑问的，应当在庭审中进行调查；对证据收集的合法性没有疑问，且无新的线索或者材料表明可能存在非法取证的，可以决定不再进行调查并说明理由。\n第一百三十四条　庭审期间，法庭决定对证据收集的合法性进行调查的，应当先行当庭调查。但为防止庭审过分迟延，也可以在法庭调查结束前调查。\n第一百三十五条　法庭决定对证据收集的合法性进行调查的，由公诉人通过宣读调查、侦查讯问笔录、出示提讯登记、体检记录、对讯问合法性的核查材料等证据材料，有针对性地播放讯问录音录像，提请法庭通知有关调查人员、侦查人员或者其他人员出庭说明情况等方式，证明证据收集的合法性。\n讯问录音录像涉及国家秘密、商业秘密、个人隐私或者其他不宜公开内容的，法庭可以决定对讯问录音录像不公开播放、质证。\n公诉人提交的取证过程合法的说明材料，应当经有关调查人员、侦查人员签名，并加盖单位印章。未经签名或者盖章的，不得作为证据使用。上述说明材料不能单独作为证明取证过程合法的根据。\n第一百三十六条　控辩双方申请法庭通知调查人员、侦查人员或者其他人员出庭说明情况，法庭认为有必要的，应当通知有关人员出庭。\n根据案件情况，法庭可以依职权通知调查人员、侦查人员或者其他人员出庭说明情况。\n调查人员、侦查人员或者其他人员出庭的，应当向法庭说明证据收集过程，并就相关情况接受控辩双方和法庭的询问。\n第一百三十七条　法庭对证据收集的合法性进行调查后，确认或者不能排除存在刑事诉讼法第五十六条规定的以非法方法收集证据情形的，对有关证据应当排除。\n第一百三十八条　具有下列情形之一的，第二审人民法院应当对证据收集的合法性进行审查，并根据刑事诉讼法和本解释的有关规定作出处理：\n（一）第一审人民法院对当事人及其辩护人、诉讼代理人排除非法证据的申请没有审查，且以该证据作为定案根据的；\n（二）人民检察院或者被告人、自诉人及其法定代理人不服第一审人民法院作出的有关证据收集合法性的调查结论，提出抗诉、上诉的；\n（三）当事人及其辩护人、诉讼代理人在第一审结束后才发现相关线索或者材料，申请人民法院排除非法证据的。\n第十节　证据的综合审查与运用\n第一百三十九条　对证据的真实性，应当综合全案证据进行审查。\n对证据的证明力，应当根据具体情况，从证据与案件事实的关联程度、证据之间的联系等方面进行审查判断。\n第一百四十条　没有直接证据，但间接证据同时符合下列条件的，可以认定被告人有罪：\n（一）证据已经查证属实；\n（二）证据之间相互印证，不存在无法排除的矛盾和无法解释的疑问；\n（三）全案证据形成完整的证据链；\n（四）根据证据认定案件事实足以排除合理怀疑，结论具有唯一性；\n（五）运用证据进行的推理符合逻辑和经验。\n第一百四十一条　根据被告人的供述、指认提取到了隐蔽性很强的物证、书证，且被告人的供述与其他证明犯罪事实发生的证据相互印证，并排除串供、逼供、诱供等可能性的，可以认定被告人有罪。\n第一百四十二条　对监察机关、侦查机关出具的被告人到案经过、抓获经过等材料，应当审查是否有出具该说明材料的办案人员、办案机关的签名、盖章。\n对到案经过、抓获经过或者确定被告人有重大嫌疑的根据有疑问的，应当通知人民检察院补充说明。\n第一百四十三条　下列证据应当慎重使用，有其他证据印证的，可以采信：\n（一）生理上、精神上有缺陷，对案件事实的认知和表达存在一定困难，但尚未丧失正确认知、表达能力的被害人、证人和被告人所作的陈述、证言和供述；\n（二）与被告人有亲属关系或者其他密切关系的证人所作的有利于被告人的证言，或者与被告人有利害冲突的证人所作的不利于被告人的证言。\n第一百四十四条　证明被告人自首、坦白、立功的证据材料，没有加盖接受被告人投案、坦白、检举揭发等的单位的印章，或者接受人员没有签名的，不得作为定案的根据。\n对被告人及其辩护人提出有自首、坦白、立功的事实和理由，有关机关未予认定，或者有关机关提出被告人有自首、坦白、立功表现，但证据材料不全的，人民法院应当要求有关机关提供证明材料，或者要求有关人员作证，并结合其他证据作出认定。\n第一百四十五条　证明被告人具有累犯、毒品再犯情节等的证据材料，应当包括前罪的裁判文书、释放证明等材料；材料不全的，应当通知人民检察院提供。\n第一百四十六条　审查被告人实施被指控的犯罪时或者审判时是否达到相应法定责任年龄，应当根据户籍证明、出生证明文件、学籍卡、人口普查登记、无利害关系人的证言等证据综合判断。\n证明被告人已满十二周岁、十四周岁、十六周岁、十八周岁或者不满七十五周岁的证据不足的，应当作出有利于被告人的认定。\n第五章　强制措施\n第一百四十七条　人民法院根据案件情况，可以决定对被告人拘传、取保候审、监视居住或者逮捕。\n对被告人采取、撤销或者变更强制措施的，由院长决定；决定继续取保候审、监视居住的，可以由合议庭或者独任审判员决定。\n第一百四十八条　对经依法传唤拒不到庭的被告人，或者根据案件情况有必要拘传的被告人，可以拘传。\n拘传被告人，应当由院长签发拘传票，由司法警察执行，执行人员不得少于二人。\n拘传被告人，应当出示拘传票。对抗拒拘传的被告人，可以使用戒具。\n第一百四十九条　拘传被告人，持续的时间不得超过十二小时；案情特别重大、复杂，需要采取逮捕措施的，持续的时间不得超过二十四小时。不得以连续拘传的形式变相拘禁被告人。应当保证被拘传人的饮食和必要的休息时间。\n第一百五十条　被告人具有刑事诉讼法第六十七条第一款规定情形之一的，人民法院可以决定取保候审。\n对被告人决定取保候审的，应当责令其提出保证人或者交纳保证金，不得同时使用保证人保证与保证金保证。\n第一百五十一条　对下列被告人决定取保候审的，可以责令其提出一至二名保证人：\n（一）无力交纳保证金的；\n（二）未成年或者已满七十五周岁的；\n（三）不宜收取保证金的其他被告人。\n第一百五十二条　人民法院应当审查保证人是否符合法定条件。符合条件的，应当告知其必须履行的保证义务，以及不履行义务的法律后果，并由其出具保证书。\n第一百五十三条　对决定取保候审的被告人使用保证金保证的，应当依照刑事诉讼法第七十二条第一款的规定确定保证金的具体数额，并责令被告人或者为其提供保证金的单位、个人将保证金一次性存入公安机关指定银行的专门账户。\n第一百五十四条　人民法院向被告人宣布取保候审决定后，应当将取保候审决定书等相关材料送交当地公安机关。\n对被告人使用保证金保证的，应当在核实保证金已经存入公安机关指定银行的专门账户后，将银行出具的收款凭证一并送交公安机关。\n第一百五十五条　被告人被取保候审期间，保证人不愿继续履行保证义务或者丧失履行保证义务能力的，人民法院应当在收到保证人的申请或者公安机关的书面通知后三日以内，责令被告人重新提出保证人或者交纳保证金，或者变更强制措施，并通知公安机关。\n第一百五十六条　人民法院发现保证人未履行保证义务的，应当书面通知公安机关依法处理。\n第一百五十七条　根据案件事实和法律规定，认为已经构成犯罪的被告人在取保候审期间逃匿的，如果系保证人协助被告人逃匿，或者保证人明知被告人藏匿地点但拒绝向司法机关提供，对保证人应当依法追究责任。\n第一百五十八条　人民法院发现使用保证金保证的被取保候审人违反刑事诉讼法第七十一条第一款、第二款规定的，应当书面通知公安机关依法处理。\n人民法院收到公安机关已经没收保证金的书面通知或者变更强制措施的建议后，应当区别情形，在五日以内责令被告人具结悔过，重新交纳保证金或者提出保证人，或者变更强制措施，并通知公安机关。\n人民法院决定对被依法没收保证金的被告人继续取保候审的，取保候审的期限连续计算。\n第一百五十九条　对被取保候审的被告人的判决、裁定生效后，如果保证金属于其个人财产，且需要用以退赔被害人、履行附带民事赔偿义务或者执行财产刑的，人民法院可以书面通知公安机关移交全部保证金，由人民法院作出处理，剩余部分退还被告人。\n第一百六十条　对具有刑事诉讼法第七十四条第一款、第二款规定情形的被告人，人民法院可以决定监视居住。\n人民法院决定对被告人监视居住的，应当核实其住处；没有固定住处的，应当为其指定居所。\n第一百六十一条　人民法院向被告人宣布监视居住决定后，应当将监视居住决定书等相关材料送交被告人住处或者指定居所所在地的公安机关执行。\n对被告人指定居所监视居住后，人民法院应当在二十四小时以内，将监视居住的原因和处所通知其家属；确实无法通知的，应当记录在案。\n第一百六十二条　人民检察院、公安机关已经对犯罪嫌疑人取保候审、监视居住，案件起诉至人民法院后，需要继续取保候审、监视居住或者变更强制措施的，人民法院应当在七日以内作出决定，并通知人民检察院、公安机关。\n决定继续取保候审、监视居住的，应当重新办理手续，期限重新计算；继续使用保证金保证的，不再收取保证金。\n第一百六十三条　对具有刑事诉讼法第八十一条第一款、第三款规定情形的被告人，人民法院应当决定逮捕。\n第一百六十四条　被取保候审的被告人具有下列情形之一的，人民法院应当决定逮捕：\n（一）故意实施新的犯罪的；\n（二）企图自杀或者逃跑的；\n（三）毁灭、伪造证据，干扰证人作证或者串供的；\n（四）打击报复、恐吓滋扰被害人、证人、鉴定人、举报人、控告人等的；\n（五）经传唤，无正当理由不到案，影响审判活动正常进行的；\n（六）擅自改变联系方式或者居住地，导致无法传唤，影响审判活动正常进行的；\n（七）未经批准，擅自离开所居住的市、县，影响审判活动正常进行，或者两次未经批准，擅自离开所居住的市、县的；\n（八）违反规定进入特定场所、与特定人员会见或者通信、从事特定活动，影响审判活动正常进行，或者两次违反有关规定的；\n（九）依法应当决定逮捕的其他情形。\n第一百六十五条　被监视居住的被告人具有下列情形之一的，人民法院应当决定逮捕：\n（一）具有前条第一项至第五项规定情形之一的；\n（二）未经批准，擅自离开执行监视居住的处所，影响审判活动正常进行，或者两次未经批准，擅自离开执行监视居住的处所的；\n（三）未经批准，擅自会见他人或者通信，影响审判活动正常进行，或者两次未经批准，擅自会见他人或者通信的；\n（四）对因患有严重疾病、生活不能自理，或者因怀孕、正在哺乳自己婴儿而未予逮捕的被告人，疾病痊愈或者哺乳期已满的；\n（五）依法应当决定逮捕的其他情形。\n第一百六十六条　对可能判处徒刑以下刑罚的被告人，违反取保候审、监视居住规定，严重影响诉讼活动正常进行的，可以决定逮捕。\n第一百六十七条　人民法院作出逮捕决定后，应当将逮捕决定书等相关材料送交公安机关执行，并将逮捕决定书抄送人民检察院。逮捕被告人后，人民法院应当将逮捕的原因和羁押的处所，在二十四小时以内通知其家属；确实无法通知的，应当记录在案。\n第一百六十八条　人民法院对决定逮捕的被告人，应当在逮捕后二十四小时以内讯问。发现不应当逮捕的，应当立即释放。必要时，可以依法变更强制措施。\n第一百六十九条　被逮捕的被告人具有下列情形之一的，人民法院可以变更强制措施：\n（一）患有严重疾病、生活不能自理的；\n（二）怀孕或者正在哺乳自己婴儿的；\n（三）系生活不能自理的人的唯一扶养人。\n第一百七十条　被逮捕的被告人具有下列情形之一的，人民法院应当立即释放；必要时，可以依法变更强制措施：\n（一）第一审人民法院判决被告人无罪、不负刑事责任或者免予刑事处罚的；\n（二）第一审人民法院判处管制、宣告缓刑、单独适用附加刑，判决尚未发生法律效力的；\n（三）被告人被羁押的时间已到第一审人民法院对其判处的刑期期限的；\n（四）案件不能在法律规定的期限内审结的。\n第一百七十一条　人民法院决定释放被告人的，应当立即将释放通知书送交公安机关执行。\n第一百七十二条　被采取强制措施的被告人，被判处管制、缓刑的，在社区矫正开始后，强制措施自动解除；被单处附加刑的，在判决、裁定发生法律效力后，强制措施自动解除；被判处监禁刑的，在刑罚开始执行后，强制措施自动解除。\n第一百七十三条　对人民法院决定逮捕的被告人，人民检察院建议释放或者变更强制措施的，人民法院应当在收到建议后十日以内将处理情况通知人民检察院。\n第一百七十四条　被告人及其法定代理人、近亲属或者辩护人申请变更、解除强制措施的，应当说明理由。人民法院收到申请后，应当在三日以内作出决定。同意变更、解除强制措施的，应当依照本解释规定处理；不同意的，应当告知申请人，并说明理由。\n第六章　附带民事诉讼\n第一百七十五条　被害人因人身权利受到犯罪侵犯或者财物被犯罪分子毁坏而遭受物质损失的，有权在刑事诉讼过程中提起附带民事诉讼；被害人死亡或者丧失行为能力的，其法定代理人、近亲属有权提起附带民事诉讼。\n因受到犯罪侵犯，提起附带民事诉讼或者单独提起民事诉讼要求赔偿精神损失的，人民法院一般不予受理。\n第一百七十六条　被告人非法占有、处置被害人财产的，应当依法予以追缴或者责令退赔。被害人提起附带民事诉讼的，人民法院不予受理。追缴、退赔的情况，可以作为量刑情节考虑。\n第一百七十七条　国家机关工作人员在行使职权时，侵犯他人人身、财产权利构成犯罪，被害人或者其法定代理人、近亲属提起附带民事诉讼的，人民法院不予受理，但应当告知其可以依法申请国家赔偿。\n第一百七十八条　人民法院受理刑事案件后，对符合刑事诉讼法第一百零一条和本解释第一百七十五条第一款规定的，可以告知被害人或者其法定代理人、近亲属有权提起附带民事诉讼。\n有权提起附带民事诉讼的人放弃诉讼权利的，应当准许，并记录在案。\n第一百七十九条　国家财产、集体财产遭受损失，受损失的单位未提起附带民事诉讼，人民检察院在提起公诉时提起附带民事诉讼的，人民法院应当受理。\n人民检察院提起附带民事诉讼的，应当列为附带民事诉讼原告人。\n被告人非法占有、处置国家财产、集体财产的，依照本解释第一百七十六条的规定处理。\n第一百八十条　附带民事诉讼中依法负有赔偿责任的人包括：\n（一）刑事被告人以及未被追究刑事责任的其他共同侵害人；\n（二）刑事被告人的监护人；\n（三）死刑罪犯的遗产继承人；\n（四）共同犯罪案件中，案件审结前死亡的被告人的遗产继承人；\n（五）对被害人的物质损失依法应当承担赔偿责任的其他单位和个人。\n附带民事诉讼被告人的亲友自愿代为赔偿的，可以准许。\n第一百八十一条　被害人或者其法定代理人、近亲属仅对部分共同侵害人提起附带民事诉讼的，人民法院应当告知其可以对其他共同侵害人，包括没有被追究刑事责任的共同侵害人,一并提起附带民事诉讼，但共同犯罪案件中同案犯在逃的除外。\n被害人或者其法定代理人、近亲属放弃对其他共同侵害人的诉讼权利的，人民法院应当告知其相应法律后果，并在裁判文书中说明其放弃诉讼请求的情况。\n第一百八十二条　附带民事诉讼的起诉条件是：\n（一）起诉人符合法定条件；\n（二）有明确的被告人；\n（三）有请求赔偿的具体要求和事实、理由；\n（四）属于人民法院受理附带民事诉讼的范围。\n第一百八十三条　共同犯罪案件，同案犯在逃的，不应列为附带民事诉讼被告人。逃跑的同案犯到案后，被害人或者其法定代理人、近亲属可以对其提起附带民事诉讼，但已经从其他共同犯罪人处获得足额赔偿的除外。\n第一百八十四条　附带民事诉讼应当在刑事案件立案后及时提起。\n提起附带民事诉讼应当提交附带民事起诉状。\n第一百八十五条　侦查、审查起诉期间，有权提起附带民事诉讼的人提出赔偿要求，经公安机关、人民检察院调解，当事人双方已经达成协议并全部履行，被害人或者其法定代理人、近亲属又提起附带民事诉讼的，人民法院不予受理，但有证据证明调解违反自愿、合法原则的除外。\n第一百八十六条　被害人或者其法定代理人、近亲属提起附带民事诉讼的，人民法院应当在七日以内决定是否受理。符合刑事诉讼法第一百零一条以及本解释有关规定的，应当受理；不符合的，裁定不予受理。\n第一百八十七条　人民法院受理附带民事诉讼后，应当在五日以内将附带民事起诉状副本送达附带民事诉讼被告人及其法定代理人，或者将口头起诉的内容及时通知附带民事诉讼被告人及其法定代理人，并制作笔录。\n人民法院送达附带民事起诉状副本时，应当根据刑事案件的审理期限，确定被告人及其法定代理人的答辩准备时间。\n第一百八十八条　附带民事诉讼当事人对自己提出的主张，有责任提供证据。\n第一百八十九条　人民法院对可能因被告人的行为或者其他原因，使附带民事判决难以执行的案件，根据附带民事诉讼原告人的申请，可以裁定采取保全措施，查封、扣押或者冻结被告人的财产；附带民事诉讼原告人未提出申请的，必要时，人民法院也可以采取保全措施。\n有权提起附带民事诉讼的人因情况紧急，不立即申请保全将会使其合法权益受到难以弥补的损害的，可以在提起附带民事诉讼前，向被保全财产所在地、被申请人居住地或者对案件有管辖权的人民法院申请采取保全措施。申请人在人民法院受理刑事案件后十五日以内未提起附带民事诉讼的，人民法院应当解除保全措施。\n人民法院采取保全措施，适用民事诉讼法第一百条至第一百零五条的有关规定，但民事诉讼法第一百零一条第三款的规定除外。\n第一百九十条　人民法院审理附带民事诉讼案件，可以根据自愿、合法的原则进行调解。经调解达成协议的，应当制作调解书。调解书经双方当事人签收后即具有法律效力。\n调解达成协议并即时履行完毕的，可以不制作调解书，但应当制作笔录，经双方当事人、审判人员、书记员签名后即发生法律效力。\n第一百九十一条　调解未达成协议或者调解书签收前当事人反悔的，附带民事诉讼应当同刑事诉讼一并判决。\n第一百九十二条　对附带民事诉讼作出判决，应当根据犯罪行为造成的物质损失，结合案件具体情况，确定被告人应当赔偿的数额。\n犯罪行为造成被害人人身损害的，应当赔偿医疗费、护理费、交通费等为治疗和康复支付的合理费用，以及因误工减少的收入。造成被害人残疾的，还应当赔偿残疾生活辅助器具费等费用；造成被害人死亡的，还应当赔偿丧葬费等费用。\n驾驶机动车致人伤亡或者造成公私财产重大损失，构成犯罪的，依照《中华人民共和国道路交通安全法》第七十六条的规定确定赔偿责任。\n附带民事诉讼当事人就民事赔偿问题达成调解、和解协议的，赔偿范围、数额不受第二款、第三款规定的限制。\n第一百九十三条　人民检察院提起附带民事诉讼的，人民法院经审理，认为附带民事诉讼被告人依法应当承担赔偿责任的，应当判令附带民事诉讼被告人直接向遭受损失的单位作出赔偿；遭受损失的单位已经终止，有权利义务继受人的，应当判令其向继受人作出赔偿；没有权利义务继受人的，应当判令其向人民检察院交付赔偿款，由人民检察院上缴国库。\n第一百九十四条　审理刑事附带民事诉讼案件，人民法院应当结合被告人赔偿被害人物质损失的情况认定其悔罪表现，并在量刑时予以考虑。\n第一百九十五条　附带民事诉讼原告人经传唤，无正当理由拒不到庭，或者未经法庭许可中途退庭的，应当按撤诉处理。\n刑事被告人以外的附带民事诉讼被告人经传唤，无正当理由拒不到庭，或者未经法庭许可中途退庭的，附带民事部分可以缺席判决。\n刑事被告人以外的附带民事诉讼被告人下落不明，或者用公告送达以外的其他方式无法送达，可能导致刑事案件审判过分迟延的，可以不将其列为附带民事诉讼被告人，告知附带民事诉讼原告人另行提起民事诉讼。\n第一百九十六条　附带民事诉讼应当同刑事案件一并审判，只有为了防止刑事案件审判的过分迟延，才可以在刑事案件审判后，由同一审判组织继续审理附带民事诉讼；同一审判组织的成员确实不能继续参与审判的，可以更换。\n第一百九十七条　人民法院认定公诉案件被告人的行为不构成犯罪，对已经提起的附带民事诉讼，经调解不能达成协议的，可以一并作出刑事附带民事判决，也可以告知附带民事原告人另行提起民事诉讼。\n人民法院准许人民检察院撤回起诉的公诉案件，对已经提起的附带民事诉讼，可以进行调解；不宜调解或者经调解不能达成协议的，应当裁定驳回起诉，并告知附带民事诉讼原告人可以另行提起民事诉讼。\n第一百九十八条　第一审期间未提起附带民事诉讼，在第二审期间提起的，第二审人民法院可以依法进行调解；调解不成的，告知当事人可以在刑事判决、裁定生效后另行提起民事诉讼。\n第一百九十九条　人民法院审理附带民事诉讼案件，不收取诉讼费。\n第二百条　被害人或者其法定代理人、近亲属在刑事诉讼过程中未提起附带民事诉讼，另行提起民事诉讼的，人民法院可以进行调解，或者根据本解释第一百九十二条第二款、第三款的规定作出判决。\n第二百零一条　人民法院审理附带民事诉讼案件，除刑法、刑事诉讼法以及刑事司法解释已有规定的以外，适用民事法律的有关规定。\n第七章　期间、送达、审理期限\n第二百零二条　以月计算的期间，自本月某日至下月同日为一个月;期限起算日为本月最后一日的，至下月最后一日为一个月;下月同日不存在的，自本月某日至下月最后一日为一个月；半个月一律按十五日计算。\n以年计算的刑期，自本年本月某日至次年同月同日的前一日为一年；次年同月同日不存在的，自本年本月某日至次年同月最后一日的前一日为一年。以月计算的刑期，自本月某日至下月同日的前一日为一个月；刑期起算日为本月最后一日的，至下月最后一日的前一日为一个月；下月同日不存在的，自本月某日至下月最后一日的前一日为一个月；半个月一律按十五日计算。\n第二百零三条　当事人由于不能抗拒的原因或者有其他正当理由而耽误期限，依法申请继续进行应当在期满前完成的诉讼活动的，人民法院查证属实后，应当裁定准许。\n第二百零四条　送达诉讼文书，应当由收件人签收。收件人不在的，可以由其成年家属或者所在单位负责收件的人员代收。收件人或者代收人在送达回证上签收的日期为送达日期。\n收件人或者代收人拒绝签收的，送达人可以邀请见证人到场，说明情况，在送达回证上注明拒收的事由和日期，由送达人、见证人签名或者盖章，将诉讼文书留在收件人、代收人的住处或者单位；也可以把诉讼文书留在受送达人的住处，并采用拍照、录像等方式记录送达过程，即视为送达。\n第二百零五条　直接送达诉讼文书有困难的，可以委托收件人所在地的人民法院代为送达或者邮寄送达。\n第二百零六条　委托送达的，应当将委托函、委托送达的诉讼文书及送达回证寄送受托法院。受托法院收到后，应当登记，在十日以内送达收件人，并将送达回证寄送委托法院；无法送达的，应当告知委托法院，并将诉讼文书及送达回证退回。\n第二百零七条　邮寄送达的，应当将诉讼文书、送达回证邮寄给收件人。签收日期为送达日期。\n第二百零八条　诉讼文书的收件人是军人的，可以通过其所在部队团级以上单位的政治部门转交。\n收件人正在服刑的，可以通过执行机关转交。\n收件人正在接受专门矫治教育等的，可以通过相关机构转交。\n由有关部门、单位代为转交诉讼文书的，应当请有关部门、单位收到后立即交收件人签收，并将送达回证及时寄送人民法院。\n第二百零九条　指定管辖案件的审理期限，自被指定管辖的人民法院收到指定管辖决定书和案卷、证据材料之日起计算。\n第二百一十条　对可能判处死刑的案件或者附带民事诉讼的案件，以及有刑事诉讼法第一百五十八条规定情形之一的案件，上一级人民法院可以批准延长审理期限一次，期限为三个月。因特殊情况还需要延长的，应当报请最高人民法院批准。\n申请批准延长审理期限的，应当在期限届满十五日以前层报。有权决定的人民法院不同意的，应当在审理期限届满五日以前作出决定。\n因特殊情况报请最高人民法院批准延长审理期限，最高人民法院经审查，予以批准的，可以延长审理期限一至三个月。期限届满案件仍然不能审结的，可以再次提出申请。\n第二百一十一条　审判期间，对被告人作精神病鉴定的时间不计入审理期限。\n第八章　审判组织\n第二百一十二条　合议庭由审判员担任审判长。院长或者庭长参加审理案件时，由其本人担任审判长。\n审判员依法独任审判时，行使与审判长相同的职权。\n第二百一十三条　基层人民法院、中级人民法院、高级人民法院审判下列第一审刑事案件，由审判员和人民陪审员组成合议庭进行：\n（一）涉及群体利益、公共利益的；\n（二）人民群众广泛关注或者其他社会影响较大的；\n（三）案情复杂或者有其他情形，需要由人民陪审员参加审判的。\n基层人民法院、中级人民法院、高级人民法院审判下列第一审刑事案件，由审判员和人民陪审员组成七人合议庭进行：\n（一）可能判处十年以上有期徒刑、无期徒刑、死刑，且社会影响重大的；\n（二）涉及征地拆迁、生态环境保护、食品药品安全，且社会影响重大的；\n（三）其他社会影响重大的。\n第二百一十四条　开庭审理和评议案件，应当由同一合议庭进行。合议庭成员在评议案件时，应当独立发表意见并说明理由。意见分歧的，应当按多数意见作出决定，但少数意见应当记入笔录。评议笔录由合议庭的组成人员在审阅确认无误后签名。评议情况应当保密。\n第二百一十五条　人民陪审员参加三人合议庭审判案件，应当对事实认定、法律适用独立发表意见，行使表决权。\n人民陪审员参加七人合议庭审判案件，应当对事实认定独立发表意见，并与审判员共同表决；对法律适用可以发表意见，但不参加表决。\n第二百一十六条　合议庭审理、评议后,应当及时作出判决、裁定。\n对下列案件，合议庭应当提请院长决定提交审判委员会讨论决定：\n（一）高级人民法院、中级人民法院拟判处死刑立即执行的案件，以及中级人民法院拟判处死刑缓期执行的案件；\n（二）本院已经发生法律效力的判决、裁定确有错误需要再审的案件；\n（三）人民检察院依照审判监督程序提出抗诉的案件。\n对合议庭成员意见有重大分歧的案件、新类型案件、社会影响重大的案件以及其他疑难、复杂、重大的案件，合议庭认为难以作出决定的，可以提请院长决定提交审判委员会讨论决定。\n人民陪审员可以要求合议庭将案件提请院长决定是否提交审判委员会讨论决定。\n对提请院长决定提交审判委员会讨论决定的案件，院长认为不必要的，可以建议合议庭复议一次。\n独任审判的案件，审判员认为有必要的，也可以提请院长决定提交审判委员会讨论决定。\n第二百一十七条　审判委员会的决定，合议庭、独任审判员应当执行；有不同意见的，可以建议院长提交审判委员会复议。\n第九章　公诉案件第一审普通程序\n第一节　审查受理与庭前准备\n第二百一十八条　对提起公诉的案件，人民法院应当在收到起诉书（一式八份，每增加一名被告人，增加起诉书五份）和案卷、证据后，审查以下内容：\n（一）是否属于本院管辖；\n（二）起诉书是否写明被告人的身份，是否受过或者正在接受刑事处罚、行政处罚、处分，被采取留置措施的情况，被采取强制措施的时间、种类、羁押地点，犯罪的时间、地点、手段、后果以及其他可能影响定罪量刑的情节；有多起犯罪事实的，是否在起诉书中将事实分别列明；\n（三）是否移送证明指控犯罪事实及影响量刑的证据材料，包括采取技术调查、侦查措施的法律文书和所收集的证据材料；\n（四）是否查封、扣押、冻结被告人的违法所得或者其他涉案财物，查封、扣押、冻结是否逾期；是否随案移送涉案财物、附涉案财物清单；是否列明涉案财物权属情况；是否就涉案财物处理提供相关证据材料；\n（五）是否列明被害人的姓名、住址、联系方式；是否附有证人、鉴定人名单；是否申请法庭通知证人、鉴定人、有专门知识的人出庭，并列明有关人员的姓名、性别、年龄、职业、住址、联系方式；是否附有需要保护的证人、鉴定人、被害人名单；\n（六）当事人已委托辩护人、诉讼代理人或者已接受法律援助的，是否列明辩护人、诉讼代理人的姓名、住址、联系方式；\n（七）是否提起附带民事诉讼；提起附带民事诉讼的，是否列明附带民事诉讼当事人的姓名、住址、联系方式等，是否附有相关证据材料；\n（八）监察调查、侦查、审查起诉程序的各种法律手续和诉讼文书是否齐全；\n（九）被告人认罪认罚的，是否提出量刑建议、移送认罪认罚具结书等材料；\n（十）有无刑事诉讼法第十六条第二项至第六项规定的不追究刑事责任的情形。\n第二百一十九条　人民法院对提起公诉的案件审查后，应当按照下列情形分别处理：\n（一）不属于本院管辖的，应当退回人民检察院；\n（二）属于刑事诉讼法第十六条第二项至第六项规定情形的，应当退回人民检察院；属于告诉才处理的案件，应当同时告知被害人有权提起自诉；\n（三）被告人不在案的，应当退回人民检察院；但是，对人民检察院按照缺席审判程序提起公诉的，应当依照本解释第二十四章的规定作出处理；\n（四）不符合前条第二项至第九项规定之一，需要补充材料的，应当通知人民检察院在三日以内补送；\n（五）依照刑事诉讼法第二百条第三项规定宣告被告人无罪后，人民检察院根据新的事实、证据重新起诉的，应当依法受理；\n（六）依照本解释第二百九十六条规定裁定准许撤诉的案件，没有新的影响定罪量刑的事实、证据，重新起诉的，应当退回人民检察院；\n（七）被告人真实身份不明，但符合刑事诉讼法第一百六十条第二款规定的，应当依法受理。\n对公诉案件是否受理，应当在七日以内审查完毕。\n第二百二十条　对一案起诉的共同犯罪或者关联犯罪案件，被告人人数众多、案情复杂，人民法院经审查认为，分案审理更有利于保障庭审质量和效率的，可以分案审理。分案审理不得影响当事人质证权等诉讼权利的行使。\n对分案起诉的共同犯罪或者关联犯罪案件，人民法院经审查认为，合并审理更有利于查明案件事实、保障诉讼权利、准确定罪量刑的，可以并案审理。\n第二百二十一条　开庭审理前，人民法院应当进行下列工作：\n（一）确定审判长及合议庭组成人员；\n（二）开庭十日以前将起诉书副本送达被告人、辩护人；\n（三）通知当事人、法定代理人、辩护人、诉讼代理人在开庭五日以前提供证人、鉴定人名单，以及拟当庭出示的证据；申请证人、鉴定人、有专门知识的人出庭的，应当列明有关人员的姓名、性别、年龄、职业、住址、联系方式；\n（四）开庭三日以前将开庭的时间、地点通知人民检察院；\n（五）开庭三日以前将传唤当事人的传票和通知辩护人、诉讼代理人、法定代理人、证人、鉴定人等出庭的通知书送达；通知有关人员出庭，也可以采取电话、短信、传真、电子邮件、即时通讯等能够确认对方收悉的方式；对被害人人数众多的涉众型犯罪案件，可以通过互联网公布相关文书，通知有关人员出庭；\n（六）公开审理的案件，在开庭三日以前公布案由、被告人姓名、开庭时间和地点。\n上述工作情况应当记录在案。\n第二百二十二条　审判案件应当公开进行。\n案件涉及国家秘密或者个人隐私的，不公开审理；涉及商业秘密，当事人提出申请的，法庭可以决定不公开审理。\n不公开审理的案件，任何人不得旁听，但具有刑事诉讼法第二百八十五条规定情形的除外。\n第二百二十三条　精神病人、醉酒的人、未经人民法院批准的未成年人以及其他不宜旁听的人不得旁听案件审理。\n第二百二十四条　被害人人数众多，且案件不属于附带民事诉讼范围的，被害人可以推选若干代表人参加庭审。\n第二百二十五条　被害人、诉讼代理人经传唤或者通知未到庭，不影响开庭审理的，人民法院可以开庭审理。\n辩护人经通知未到庭，被告人同意的，人民法院可以开庭审理，但被告人属于应当提供法律援助情形的除外。\n第二节　庭前会议与庭审衔接\n第二百二十六条　案件具有下列情形之一的，人民法院可以决定召开庭前会议：\n（一）证据材料较多、案情重大复杂的；\n（二）控辩双方对事实、证据存在较大争议的；\n（三）社会影响重大的；\n（四）需要召开庭前会议的其他情形。\n第二百二十七条　控辩双方可以申请人民法院召开庭前会议，提出申请应当说明理由。人民法院经审查认为有必要的，应当召开庭前会议；决定不召开的，应当告知申请人。\n第二百二十八条　庭前会议可以就下列事项向控辩双方了解情况，听取意见：\n（一）是否对案件管辖有异议；\n（二）是否申请有关人员回避；\n（三）是否申请不公开审理；\n（四）是否申请排除非法证据；\n（五）是否提供新的证据材料；\n（六）是否申请重新鉴定或者勘验；\n（七）是否申请收集、调取证明被告人无罪或者罪轻的证据材料；\n（八）是否申请证人、鉴定人、有专门知识的人、调查人员、侦查人员或者其他人员出庭，是否对出庭人员名单有异议；\n（九）是否对涉案财物的权属情况和人民检察院的处理建议有异议；\n（十）与审判相关的其他问题。\n庭前会议中，人民法院可以开展附带民事调解。\n对第一款规定中可能导致庭审中断的程序性事项，人民法院可以在庭前会议后依法作出处理，并在庭审中说明处理决定和理由。控辩双方没有新的理由，在庭审中再次提出有关申请或者异议的，法庭可以在说明庭前会议情况和处理决定理由后，依法予以驳回。\n庭前会议情况应当制作笔录，由参会人员核对后签名。\n第二百二十九条　庭前会议中，审判人员可以询问控辩双方对证据材料有无异议，对有异议的证据，应当在庭审时重点调查；无异议的，庭审时举证、质证可以简化。\n第二百三十条　庭前会议由审判长主持，合议庭其他审判员也可以主持庭前会议。\n召开庭前会议应当通知公诉人、辩护人到场。\n庭前会议准备就非法证据排除了解情况、听取意见，或者准备询问控辩双方对证据材料的意见的，应当通知被告人到场。有多名被告人的案件，可以根据情况确定参加庭前会议的被告人。\n第二百三十一条　庭前会议一般不公开进行。\n根据案件情况，庭前会议可以采用视频等方式进行。\n第二百三十二条　人民法院在庭前会议中听取控辩双方对案件事实、证据材料的意见后，对明显事实不清、证据不足的案件，可以建议人民检察院补充材料或者撤回起诉。建议撤回起诉的案件，人民检察院不同意的，开庭审理后，没有新的事实和理由，一般不准许撤回起诉。\n第二百三十三条　对召开庭前会议的案件，可以在开庭时告知庭前会议情况。对庭前会议中达成一致意见的事项，法庭在向控辩双方核实后，可以当庭予以确认；未达成一致意见的事项，法庭可以归纳控辩双方争议焦点，听取控辩双方意见，依法作出处理。\n控辩双方在庭前会议中就有关事项达成一致意见，在庭审中反悔的，除有正当理由外，法庭一般不再进行处理。\n第三节　宣布开庭与法庭调查\n第二百三十四条　开庭审理前，书记员应当依次进行下列工作：\n（一）受审判长委托，查明公诉人、当事人、辩护人、诉讼代理人、证人及其他诉讼参与人是否到庭；\n（二）核实旁听人员中是否有证人、鉴定人、有专门知识的人；\n（三）请公诉人、辩护人、诉讼代理人及其他诉讼参与人入庭；\n（四）宣读法庭规则；\n（五）请审判长、审判员、人民陪审员入庭；\n（六）审判人员就座后，向审判长报告开庭前的准备工作已经就绪。\n第二百三十五条　审判长宣布开庭，传被告人到庭后，应当查明被告人的下列情况：\n（一）姓名、出生日期、民族、出生地、文化程度、职业、住址，或者被告单位的名称、住所地、法定代表人、实际控制人以及诉讼代表人的姓名、职务；\n（二）是否受过刑事处罚、行政处罚、处分及其种类、时间；\n（三）是否被采取留置措施及留置的时间，是否被采取强制措施及强制措施的种类、时间；\n（四）收到起诉书副本的日期；有附带民事诉讼的，附带民事诉讼被告人收到附带民事起诉状的日期。\n被告人较多的，可以在开庭前查明上述情况，但开庭时审判长应当作出说明。\n第二百三十六条　审判长宣布案件的来源、起诉的案由、附带民事诉讼当事人的姓名及是否公开审理；不公开审理的，应当宣布理由。\n第二百三十七条　审判长宣布合议庭组成人员、法官助理、书记员、公诉人的名单，以及辩护人、诉讼代理人、鉴定人、翻译人员等诉讼参与人的名单。\n第二百三十八条　审判长应当告知当事人及其法定代理人、辩护人、诉讼代理人在法庭审理过程中依法享有下列诉讼权利：\n（一）可以申请合议庭组成人员、法官助理、书记员、公诉人、鉴定人和翻译人员回避；\n（二）可以提出证据，申请通知新的证人到庭、调取新的证据，申请重新鉴定或者勘验；\n（三）被告人可以自行辩护；\n（四）被告人可以在法庭辩论终结后作最后陈述。\n第二百三十九条　审判长应当询问当事人及其法定代理人、辩护人、诉讼代理人是否申请回避、申请何人回避和申请回避的理由。\n当事人及其法定代理人、辩护人、诉讼代理人申请回避的，依照刑事诉讼法及本解释的有关规定处理。\n同意或者驳回回避申请的决定及复议决定，由审判长宣布，并说明理由。必要时，也可以由院长到庭宣布。\n第二百四十条　审判长宣布法庭调查开始后，应当先由公诉人宣读起诉书；公诉人宣读起诉书后，审判长应当询问被告人对起诉书指控的犯罪事实和罪名有无异议。\n有附带民事诉讼的，公诉人宣读起诉书后，由附带民事诉讼原告人或者其法定代理人、诉讼代理人宣读附带民事起诉状。\n第二百四十一条　在审判长主持下，被告人、被害人可以就起诉书指控的犯罪事实分别陈述。\n第二百四十二条　在审判长主持下，公诉人可以就起诉书指控的犯罪事实讯问被告人。\n经审判长准许，被害人及其法定代理人、诉讼代理人可以就公诉人讯问的犯罪事实补充发问；附带民事诉讼原告人及其法定代理人、诉讼代理人可以就附带民事部分的事实向被告人发问；被告人的法定代理人、辩护人，附带民事诉讼被告人及其法定代理人、诉讼代理人可以在控诉方、附带民事诉讼原告方就某一问题讯问、发问完毕后向被告人发问。\n根据案件情况，就证据问题对被告人的讯问、发问可以在举证、质证环节进行。\n第二百四十三条　讯问同案审理的被告人，应当分别进行。\n第二百四十四条　经审判长准许，控辩双方可以向被害人、附带民事诉讼原告人发问。\n第二百四十五条　必要时，审判人员可以讯问被告人，也可以向被害人、附带民事诉讼当事人发问。\n第二百四十六条　公诉人可以提请法庭通知证人、鉴定人、有专门知识的人、调查人员、侦查人员或者其他人员出庭，或者出示证据。被害人及其法定代理人、诉讼代理人，附带民事诉讼原告人及其诉讼代理人也可以提出申请。\n在控诉方举证后，被告人及其法定代理人、辩护人可以提请法庭通知证人、鉴定人、有专门知识的人、调查人员、侦查人员或者其他人员出庭，或者出示证据。\n第二百四十七条　控辩双方申请证人出庭作证，出示证据，应当说明证据的名称、来源和拟证明的事实。法庭认为有必要的，应当准许；对方提出异议，认为有关证据与案件无关或者明显重复、不必要，法庭经审查异议成立的，可以不予准许。\n第二百四十八条　已经移送人民法院的案卷和证据材料，控辩双方需要出示的，可以向法庭提出申请，法庭可以准许。案卷和证据材料应当在质证后当庭归还。\n需要播放录音录像或者需要将证据材料交由法庭、公诉人或者诉讼参与人查看的，法庭可以指令值庭法警或者相关人员予以协助。\n第二百四十九条　公诉人、当事人或者辩护人、诉讼代理人对证人证言有异议，且该证人证言对定罪量刑有重大影响，或者对鉴定意见有异议，人民法院认为证人、鉴定人有必要出庭作证的，应当通知证人、鉴定人出庭。\n控辩双方对侦破经过、证据来源、证据真实性或者合法性等有异议，申请调查人员、侦查人员或者有关人员出庭，人民法院认为有必要的，应当通知调查人员、侦查人员或者有关人员出庭。\n第二百五十条　公诉人、当事人及其辩护人、诉讼代理人申请法庭通知有专门知识的人出庭，就鉴定意见提出意见的，应当说明理由。法庭认为有必要的，应当通知有专门知识的人出庭。\n申请有专门知识的人出庭，不得超过二人。有多种类鉴定意见的，可以相应增加人数。\n第二百五十一条　为查明案件事实、调查核实证据，人民法院可以依职权通知证人、鉴定人、有专门知识的人、调查人员、侦查人员或者其他人员出庭。\n第二百五十二条　人民法院通知有关人员出庭的，可以要求控辩双方予以协助。\n第二百五十三条　证人具有下列情形之一，无法出庭作证的，人民法院可以准许其不出庭：\n（一）庭审期间身患严重疾病或者行动极为不便的；\n（二）居所远离开庭地点且交通极为不便的；\n（三）身处国外短期无法回国的；\n（四）有其他客观原因，确实无法出庭的。\n具有前款规定情形的，可以通过视频等方式作证。\n第二百五十四条　证人出庭作证所支出的交通、住宿、就餐等费用，人民法院应当给予补助。\n第二百五十五条　强制证人出庭的，应当由院长签发强制证人出庭令，由法警执行。必要时，可以商请公安机关协助。\n第二百五十六条　证人、鉴定人、被害人因出庭作证，本人或者其近亲属的人身安全面临危险的，人民法院应当采取不公开其真实姓名、住址和工作单位等个人信息，或者不暴露其外貌、真实声音等保护措施。辩护律师经法庭许可，查阅对证人、鉴定人、被害人使用化名情况的，应当签署保密承诺书。\n审判期间，证人、鉴定人、被害人提出保护请求的，人民法院应当立即审查；认为确有保护必要的，应当及时决定采取相应保护措施。必要时，可以商请公安机关协助。\n第二百五十七条　决定对出庭作证的证人、鉴定人、被害人采取不公开个人信息的保护措施的，审判人员应当在开庭前核实其身份，对证人、鉴定人如实作证的保证书不得公开，在判决书、裁定书等法律文书中可以使用化名等代替其个人信息。\n第二百五十八条　证人出庭的，法庭应当核实其身份、与当事人以及本案的关系，并告知其有关权利义务和法律责任。证人应当保证向法庭如实提供证言，并在保证书上签名。\n第二百五十九条　证人出庭后，一般先向法庭陈述证言；其后，经审判长许可，由申请通知证人出庭的一方发问，发问完毕后，对方也可以发问。\n法庭依职权通知证人出庭的，发问顺序由审判长根据案件情况确定。\n第二百六十条　鉴定人、有专门知识的人、调查人员、侦查人员或者其他人员出庭的，参照适用前两条规定。\n第二百六十一条　向证人发问应当遵循以下规则：\n（一）发问的内容应当与本案事实有关；\n（二）不得以诱导方式发问；\n（三）不得威胁证人；\n（四）不得损害证人的人格尊严。\n对被告人、被害人、附带民事诉讼当事人、鉴定人、有专门知识的人、调查人员、侦查人员或者其他人员的讯问、发问，适用前款规定。\n第二百六十二条　控辩双方的讯问、发问方式不当或者内容与本案无关的，对方可以提出异议，申请审判长制止，审判长应当判明情况予以支持或者驳回；对方未提出异议的，审判长也可以根据情况予以制止。\n第二百六十三条　审判人员认为必要时，可以询问证人、鉴定人、有专门知识的人、调查人员、侦查人员或者其他人员。\n第二百六十四条　向证人、调查人员、侦查人员发问应当分别进行。\n第二百六十五条　证人、鉴定人、有专门知识的人、调查人员、侦查人员或者其他人员不得旁听对本案的审理。有关人员作证或者发表意见后，审判长应当告知其退庭。\n第二百六十六条　审理涉及未成年人的刑事案件，询问未成年被害人、证人，通知未成年被害人、证人出庭作证，适用本解释第二十二章的有关规定。\n第二百六十七条　举证方当庭出示证据后，由对方发表质证意见。\n第二百六十八条　对可能影响定罪量刑的关键证据和控辩双方存在争议的证据，一般应当单独举证、质证，充分听取质证意见。\n对控辩双方无异议的非关键证据，举证方可以仅就证据的名称及拟证明的事实作出说明。\n召开庭前会议的案件，举证、质证可以按照庭前会议确定的方式进行。\n根据案件和庭审情况，法庭可以对控辩双方的举证、质证方式进行必要的指引。\n第二百六十九条　审理过程中，法庭认为有必要的，可以传唤同案被告人、分案审理的共同犯罪或者关联犯罪案件的被告人等到庭对质。\n第二百七十条　当庭出示的证据，尚未移送人民法院的，应当在质证后当庭移交。\n第二百七十一条　法庭对证据有疑问的，可以告知公诉人、当事人及其法定代理人、辩护人、诉讼代理人补充证据或者作出说明；必要时，可以宣布休庭，对证据进行调查核实。\n对公诉人、当事人及其法定代理人、辩护人、诉讼代理人补充的和审判人员庭外调查核实取得的证据，应当经过当庭质证才能作为定案的根据。但是，对不影响定罪量刑的非关键证据、有利于被告人的量刑证据以及认定被告人有犯罪前科的裁判文书等证据，经庭外征求意见，控辩双方没有异议的除外。\n有关情况，应当记录在案。\n第二百七十二条　公诉人申请出示开庭前未移送或者提交人民法院的证据，辩护方提出异议的，审判长应当要求公诉人说明理由；理由成立并确有出示必要的，应当准许。\n辩护方提出需要对新的证据作辩护准备的，法庭可以宣布休庭，并确定准备辩护的时间。\n辩护方申请出示开庭前未提交的证据，参照适用前两款规定。\n第二百七十三条　法庭审理过程中，控辩双方申请通知新的证人到庭，调取新的证据，申请重新鉴定或者勘验的，应当提供证人的基本信息、证据的存放地点，说明拟证明的事项，申请重新鉴定或者勘验的理由。法庭认为有必要的，应当同意，并宣布休庭；根据案件情况，可以决定延期审理。\n人民法院决定重新鉴定的，应当及时委托鉴定，并将鉴定意见告知人民检察院、当事人及其辩护人、诉讼代理人。\n第二百七十四条　审判期间，公诉人发现案件需要补充侦查，建议延期审理的，合议庭可以同意，但建议延期审理不得超过两次。\n人民检察院将补充收集的证据移送人民法院的，人民法院应当通知辩护人、诉讼代理人查阅、摘抄、复制。\n补充侦查期限届满后，人民检察院未将补充的证据材料移送人民法院的，人民法院可以根据在案证据作出判决、裁定。\n第二百七十五条　人民法院向人民检察院调取需要调查核实的证据材料，或者根据被告人、辩护人的申请，向人民检察院调取在调查、侦查、审查起诉期间收集的有关被告人无罪或者罪轻的证据材料，应当通知人民检察院在收到调取证据材料决定书后三日以内移交。\n第二百七十六条　法庭审理过程中，对与量刑有关的事实、证据，应当进行调查。\n人民法院除应当审查被告人是否具有法定量刑情节外，还应当根据案件情况审查以下影响量刑的情节：\n（一）案件起因；\n（二）被害人有无过错及过错程度，是否对矛盾激化负有责任及责任大小；\n（三）被告人的近亲属是否协助抓获被告人；\n（四）被告人平时表现，有无悔罪态度；\n（五）退赃、退赔及赔偿情况；\n（六）被告人是否取得被害人或者其近亲属谅解；\n（七）影响量刑的其他情节。\n第二百七十七条　审判期间，合议庭发现被告人可能有自首、坦白、立功等法定量刑情节，而人民检察院移送的案卷中没有相关证据材料的，应当通知人民检察院在指定时间内移送。\n审判期间，被告人提出新的立功线索的，人民法院可以建议人民检察院补充侦查。\n第二百七十八条　对被告人认罪的案件，在确认被告人了解起诉书指控的犯罪事实和罪名，自愿认罪且知悉认罪的法律后果后，法庭调查可以主要围绕量刑和其他有争议的问题进行。\n对被告人不认罪或者辩护人作无罪辩护的案件，法庭调查应当在查明定罪事实的基础上，查明有关量刑事实。\n第二百七十九条　法庭审理过程中，应当对查封、扣押、冻结财物及其孳息的权属、来源等情况，是否属于违法所得或者依法应当追缴的其他涉案财物进行调查，由公诉人说明情况、出示证据、提出处理建议，并听取被告人、辩护人等诉讼参与人的意见。\n案外人对查封、扣押、冻结的财物及其孳息提出权属异议的，人民法院应当听取案外人的意见；必要时，可以通知案外人出庭。\n经审查，不能确认查封、扣押、冻结的财物及其孳息属于违法所得或者依法应当追缴的其他涉案财物的，不得没收。\n第四节　法庭辩论与最后陈述\n第二百八十条　合议庭认为案件事实已经调查清楚的，应当由审判长宣布法庭调查结束，开始就定罪、量刑、涉案财物处理的事实、证据、适用法律等问题进行法庭辩论。\n第二百八十一条　法庭辩论应当在审判长的主持下，按照下列顺序进行：\n（一）公诉人发言；\n（二）被害人及其诉讼代理人发言；\n（三）被告人自行辩护；\n（四）辩护人辩护；\n（五）控辩双方进行辩论。\n第二百八十二条　人民检察院可以提出量刑建议并说明理由；建议判处管制、宣告缓刑的，一般应当附有调查评估报告，或者附有委托调查函。\n当事人及其辩护人、诉讼代理人可以对量刑提出意见并说明理由。\n第二百八十三条　对被告人认罪的案件，法庭辩论时，应当指引控辩双方主要围绕量刑和其他有争议的问题进行。\n对被告人不认罪或者辩护人作无罪辩护的案件，法庭辩论时，可以指引控辩双方先辩论定罪问题，后辩论量刑和其他问题。\n第二百八十四条　附带民事部分的辩论应当在刑事部分的辩论结束后进行，先由附带民事诉讼原告人及其诉讼代理人发言，后由附带民事诉讼被告人及其诉讼代理人答辩。\n第二百八十五条　法庭辩论过程中，审判长应当充分听取控辩双方的意见，对控辩双方与案件无关、重复或者指责对方的发言应当提醒、制止。\n第二百八十六条　法庭辩论过程中，合议庭发现与定罪、量刑有关的新的事实，有必要调查的，审判长可以宣布恢复法庭调查，在对新的事实调查后，继续法庭辩论。\n第二百八十七条　审判长宣布法庭辩论终结后，合议庭应当保证被告人充分行使最后陈述的权利。\n被告人在最后陈述中多次重复自己的意见的，法庭可以制止；陈述内容蔑视法庭、公诉人，损害他人及社会公共利益，或者与本案无关的，应当制止。\n在公开审理的案件中，被告人最后陈述的内容涉及国家秘密、个人隐私或者商业秘密的，应当制止。\n第二百八十八条　被告人在最后陈述中提出新的事实、证据，合议庭认为可能影响正确裁判的，应当恢复法庭调查；被告人提出新的辩解理由，合议庭认为可能影响正确裁判的，应当恢复法庭辩论。\n第二百八十九条　公诉人当庭发表与起诉书不同的意见，属于变更、追加、补充或者撤回起诉的，人民法院应当要求人民检察院在指定时间内以书面方式提出；必要时，可以宣布休庭。人民检察院在指定时间内未提出的，人民法院应当根据法庭审理情况，就起诉书指控的犯罪事实依法作出判决、裁定。\n人民检察院变更、追加、补充起诉的，人民法院应当给予被告人及其辩护人必要的准备时间。\n第二百九十条　辩护人应当及时将书面辩护意见提交人民法院。\n第五节　评议案件与宣告判决\n第二百九十一条　被告人最后陈述后，审判长应当宣布休庭，由合议庭进行评议。\n第二百九十二条　开庭审理的全部活动，应当由书记员制作笔录；笔录经审判长审阅后，分别由审判长和书记员签名。\n第二百九十三条　法庭笔录应当在庭审后交由当事人、法定代理人、辩护人、诉讼代理人阅读或者向其宣读。\n法庭笔录中的出庭证人、鉴定人、有专门知识的人、调查人员、侦查人员或者其他人员的证言、意见部分，应当在庭审后分别交由有关人员阅读或者向其宣读。\n前两款所列人员认为记录有遗漏或者差错的，可以请求补充或者改正；确认无误后，应当签名；拒绝签名的，应当记录在案；要求改变庭审中陈述的，不予准许。\n第二百九十四条　合议庭评议案件，应当根据已经查明的事实、证据和有关法律规定，在充分考虑控辩双方意见的基础上，确定被告人是否有罪、构成何罪，有无从重、从轻、减轻或者免除处罚情节，应否处以刑罚、判处何种刑罚，附带民事诉讼如何解决，查封、扣押、冻结的财物及其孳息如何处理等，并依法作出判决、裁定。\n第二百九十五条　对第一审公诉案件，人民法院审理后，应当按照下列情形分别作出判决、裁定：\n（一）起诉指控的事实清楚，证据确实、充分，依据法律认定指控被告人的罪名成立的，应当作出有罪判决；\n（二）起诉指控的事实清楚，证据确实、充分，但指控的罪名不当的，应当依据法律和审理认定的事实作出有罪判决；\n（三）案件事实清楚，证据确实、充分，依据法律认定被告人无罪的，应当判决宣告被告人无罪；\n（四）证据不足，不能认定被告人有罪的，应当以证据不足、指控的犯罪不能成立，判决宣告被告人无罪；\n（五）案件部分事实清楚，证据确实、充分的，应当作出有罪或者无罪的判决；对事实不清、证据不足部分，不予认定；\n（六）被告人因未达到刑事责任年龄，不予刑事处罚的，应当判决宣告被告人不负刑事责任；\n（七）被告人是精神病人，在不能辨认或者不能控制自己行为时造成危害结果，不予刑事处罚的，应当判决宣告被告人不负刑事责任；被告人符合强制医疗条件的，应当依照本解释第二十六章的规定进行审理并作出判决；\n（八）犯罪已过追诉时效期限且不是必须追诉，或者经特赦令免除刑罚的，应当裁定终止审理；\n（九）属于告诉才处理的案件，应当裁定终止审理，并告知被害人有权提起自诉；\n（十）被告人死亡的，应当裁定终止审理；但有证据证明被告人无罪，经缺席审理确认无罪的，应当判决宣告被告人无罪。\n对涉案财物，人民法院应当根据审理查明的情况，依照本解释第十八章的规定作出处理。\n具有第一款第二项规定情形的，人民法院应当在判决前听取控辩双方的意见，保障被告人、辩护人充分行使辩护权。必要时，可以再次开庭，组织控辩双方围绕被告人的行为构成何罪及如何量刑进行辩论。\n第二百九十六条　在开庭后、宣告判决前，人民检察院要求撤回起诉的，人民法院应当审查撤回起诉的理由，作出是否准许的裁定。\n第二百九十七条　审判期间，人民法院发现新的事实，可能影响定罪量刑的，或者需要补查补证的，应当通知人民检察院，由其决定是否补充、变更、追加起诉或者补充侦查。\n人民检察院不同意或者在指定时间内未回复书面意见的，人民法院应当就起诉指控的事实，依照本解释第二百九十五条的规定作出判决、裁定。\n第二百九十八条　对依照本解释第二百一十九条第一款第五项规定受理的案件，人民法院应当在判决中写明被告人曾被人民检察院提起公诉，因证据不足，指控的犯罪不能成立，被人民法院依法判决宣告无罪的情况；前案依照刑事诉讼法第二百条第三项规定作出的判决不予撤销。\n第二百九十九条　合议庭成员、法官助理、书记员应当在评议笔录上签名，在判决书、裁定书等法律文书上署名。\n第三百条　裁判文书应当写明裁判依据，阐释裁判理由，反映控辩双方的意见并说明采纳或者不予采纳的理由。\n适用普通程序审理的被告人认罪的案件，裁判文书可以适当简化。\n第三百零一条　庭审结束后、评议前，部分合议庭成员不能继续履行审判职责的，人民法院应当依法更换合议庭组成人员，重新开庭审理。\n评议后、宣判前，部分合议庭成员因调动、退休等正常原因不能参加宣判，在不改变原评议结论的情况下，可以由审判本案的其他审判员宣判，裁判文书上仍署审判本案的合议庭成员的姓名。\n第三百零二条　当庭宣告判决的，应当在五日以内送达判决书。定期宣告判决的，应当在宣判前，先期公告宣判的时间和地点，传唤当事人并通知公诉人、法定代理人、辩护人和诉讼代理人；判决宣告后，应当立即送达判决书。\n第三百零三条　判决书应当送达人民检察院、当事人、法定代理人、辩护人、诉讼代理人，并可以送达被告人的近亲属。被害人死亡，其近亲属申请领取判决书的，人民法院应当及时提供。\n判决生效后，还应当送达被告人的所在单位或者户籍地的公安派出所，或者被告单位的注册登记机关。被告人系外国人，且在境内有居住地的，应当送达居住地的公安派出所。\n第三百零四条　宣告判决，一律公开进行。宣告判决结果时，法庭内全体人员应当起立。\n公诉人、辩护人、诉讼代理人、被害人、自诉人或者附带民事诉讼原告人未到庭的，不影响宣判的进行。\n第六节　法庭纪律与其他规定\n第三百零五条　在押被告人出庭受审时，不着监管机构的识别服。\n庭审期间不得对被告人使用戒具，但法庭认为其人身危险性大，可能危害法庭安全的除外。\n第三百零六条　庭审期间，全体人员应当服从法庭指挥，遵守法庭纪律，尊重司法礼仪，不得实施下列行为：\n（一）鼓掌、喧哗、随意走动；\n（二）吸烟、进食；\n（三）拨打、接听电话，或者使用即时通讯工具；\n（四）对庭审活动进行录音、录像、拍照或者使用即时通讯工具等传播庭审活动；\n（五）其他危害法庭安全或者扰乱法庭秩序的行为。\n旁听人员不得进入审判活动区，不得随意站立、走动，不得发言和提问。\n记者经许可实施第一款第四项规定的行为，应当在指定的时间及区域进行，不得干扰庭审活动。\n第三百零七条　有关人员危害法庭安全或者扰乱法庭秩序的，审判长应当按照下列情形分别处理：\n（一）情节较轻的，应当警告制止；根据具体情况，也可以进行训诫；\n（二）训诫无效的，责令退出法庭；拒不退出的，指令法警强行带出法庭；\n（三）情节严重的，报经院长批准后，可以对行为人处一千元以下的罚款或者十五日以下的拘留。\n未经许可对庭审活动进行录音、录像、拍照或者使用即时通讯工具等传播庭审活动的，可以暂扣相关设备及存储介质，删除相关内容。\n有关人员对罚款、拘留的决定不服的，可以直接向上一级人民法院申请复议，也可以通过决定罚款、拘留的人民法院向上一级人民法院申请复议。通过决定罚款、拘留的人民法院申请复议的，该人民法院应当自收到复议申请之日起三日以内，将复议申请、罚款或者拘留决定书和有关事实、证据材料一并报上一级人民法院复议。复议期间，不停止决定的执行。\n第三百零八条　担任辩护人、诉讼代理人的律师严重扰乱法庭秩序，被强行带出法庭或者被处以罚款、拘留的，人民法院应当通报司法行政机关，并可以建议依法给予相应处罚。\n第三百零九条　实施下列行为之一，危害法庭安全或者扰乱法庭秩序，构成犯罪的，依法追究刑事责任：\n（一）非法携带枪支、弹药、管制刀具或者爆炸性、易燃性、毒害性、放射性以及传染病病原体等危险物质进入法庭；\n（二）哄闹、冲击法庭；\n（三）侮辱、诽谤、威胁、殴打司法工作人员或者诉讼参与人；\n（四）毁坏法庭设施，抢夺、损毁诉讼文书、证据；\n（五）其他危害法庭安全或者扰乱法庭秩序的行为。\n第三百一十条　辩护人严重扰乱法庭秩序，被责令退出法庭、强行带出法庭或者被处以罚款、拘留，被告人自行辩护的，庭审继续进行；被告人要求另行委托辩护人，或者被告人属于应当提供法律援助情形的，应当宣布休庭。\n辩护人、诉讼代理人被责令退出法庭、强行带出法庭或者被处以罚款后，具结保证书，保证服从法庭指挥、不再扰乱法庭秩序的，经法庭许可，可以继续担任辩护人、诉讼代理人。\n辩护人、诉讼代理人具有下列情形之一的，不得继续担任同一案件的辩护人、诉讼代理人：\n（一）擅自退庭的；\n（二）无正当理由不出庭或者不按时出庭，严重影响审判顺利进行的；\n（三）被拘留或者具结保证书后再次被责令退出法庭、强行带出法庭的。\n第三百一十一条　被告人在一个审判程序中更换辩护人一般不得超过两次。\n被告人当庭拒绝辩护人辩护，要求另行委托辩护人或者指派律师的，合议庭应当准许。被告人拒绝辩护人辩护后，没有辩护人的，应当宣布休庭；仍有辩护人的，庭审可以继续进行。\n有多名被告人的案件，部分被告人拒绝辩护人辩护后，没有辩护人的，根据案件情况，可以对该部分被告人另案处理，对其他被告人的庭审继续进行。\n重新开庭后，被告人再次当庭拒绝辩护人辩护的，可以准许，但被告人不得再次另行委托辩护人或者要求另行指派律师，由其自行辩护。\n被告人属于应当提供法律援助的情形，重新开庭后再次当庭拒绝辩护人辩护的，不予准许。\n第三百一十二条　法庭审理过程中，辩护人拒绝为被告人辩护，有正当理由的，应当准许；是否继续庭审，参照适用前条规定。\n第三百一十三条　依照前两条规定另行委托辩护人或者通知法律援助机构指派律师的，自案件宣布休庭之日起至第十五日止，由辩护人准备辩护，但被告人及其辩护人自愿缩短时间的除外。\n庭审结束后、判决宣告前另行委托辩护人的，可以不重新开庭；辩护人提交书面辩护意见的，应当接受。\n第三百一十四条　有多名被告人的案件，部分被告人具有刑事诉讼法第二百零六条第一款规定情形的，人民法院可以对全案中止审理；根据案件情况，也可以对该部分被告人中止审理，对其他被告人继续审理。\n对中止审理的部分被告人，可以根据案件情况另案处理。\n第三百一十五条　人民检察院认为人民法院审理案件违反法定程序，在庭审后提出书面纠正意见，人民法院认为正确的，应当采纳。\n第十章　自诉案件第一审程序\n第三百一十六条　人民法院受理自诉案件必须符合下列条件：\n（一）符合刑事诉讼法第二百一十条、本解释第一条的规定；\n（二）属于本院管辖；\n（三）被害人告诉；\n（四）有明确的被告人、具体的诉讼请求和证明被告人犯罪事实的证据。\n第三百一十七条　本解释第一条规定的案件，如果被害人死亡、丧失行为能力或者因受强制、威吓等无法告诉，或者是限制行为能力人以及因年老、患病、盲、聋、哑等不能亲自告诉，其法定代理人、近亲属告诉或者代为告诉的，人民法院应当依法受理。\n被害人的法定代理人、近亲属告诉或者代为告诉的，应当提供与被害人关系的证明和被害人不能亲自告诉的原因的证明。\n第三百一十八条　提起自诉应当提交刑事自诉状；同时提起附带民事诉讼的，应当提交刑事附带民事自诉状。\n第三百一十九条　自诉状一般应当包括以下内容：\n（一）自诉人（代为告诉人）、被告人的姓名、性别、年龄、民族、出生地、文化程度、职业、工作单位、住址、联系方式；\n（二）被告人实施犯罪的时间、地点、手段、情节和危害后果等；\n（三）具体的诉讼请求；\n（四）致送的人民法院和具状时间；\n（五）证据的名称、来源等；\n（六）证人的姓名、住址、联系方式等。\n对两名以上被告人提出告诉的，应当按照被告人的人数提供自诉状副本。\n第三百二十条　对自诉案件，人民法院应当在十五日以内审查完毕。经审查，符合受理条件的，应当决定立案，并书面通知自诉人或者代为告诉人。\n具有下列情形之一的，应当说服自诉人撤回起诉；自诉人不撤回起诉的，裁定不予受理：\n（一）不属于本解释第一条规定的案件的；\n（二）缺乏罪证的；\n（三）犯罪已过追诉时效期限的；\n（四）被告人死亡的；\n（五）被告人下落不明的；\n（六）除因证据不足而撤诉的以外，自诉人撤诉后，就同一事实又告诉的；\n（七）经人民法院调解结案后，自诉人反悔，就同一事实再行告诉的；\n（八）属于本解释第一条第二项规定的案件，公安机关正在立案侦查或者人民检察院正在审查起诉的；\n（九）不服人民检察院对未成年犯罪嫌疑人作出的附条件不起诉决定或者附条件不起诉考验期满后作出的不起诉决定，向人民法院起诉的。\n第三百二十一条　对已经立案，经审查缺乏罪证的自诉案件，自诉人提不出补充证据的，人民法院应当说服其撤回起诉或者裁定驳回起诉；自诉人撤回起诉或者被驳回起诉后，又提出了新的足以证明被告人有罪的证据，再次提起自诉的，人民法院应当受理。\n第三百二十二条　自诉人对不予受理或者驳回起诉的裁定不服的，可以提起上诉。\n第二审人民法院查明第一审人民法院作出的不予受理裁定有错误的，应当在撤销原裁定的同时，指令第一审人民法院立案受理；查明第一审人民法院驳回起诉裁定有错误的，应当在撤销原裁定的同时，指令第一审人民法院进行审理。\n第三百二十三条　自诉人明知有其他共同侵害人，但只对部分侵害人提起自诉的，人民法院应当受理，并告知其放弃告诉的法律后果；自诉人放弃告诉，判决宣告后又对其他共同侵害人就同一事实提起自诉的，人民法院不予受理。\n共同被害人中只有部分人告诉的，人民法院应当通知其他被害人参加诉讼，并告知其不参加诉讼的法律后果。被通知人接到通知后表示不参加诉讼或者不出庭的，视为放弃告诉。第一审宣判后，被通知人就同一事实又提起自诉的，人民法院不予受理。但是，当事人另行提起民事诉讼的，不受本解释限制。\n第三百二十四条　被告人实施两个以上犯罪行为，分别属于公诉案件和自诉案件，人民法院可以一并审理。对自诉部分的审理，适用本章的规定。\n第三百二十五条　自诉案件当事人因客观原因不能取得的证据，申请人民法院调取的，应当说明理由，并提供相关线索或者材料。人民法院认为有必要的，应当及时调取。\n对通过信息网络实施的侮辱、诽谤行为，被害人向人民法院告诉，但提供证据确有困难的，人民法院可以要求公安机关提供协助。\n第三百二十六条　对犯罪事实清楚，有足够证据的自诉案件，应当开庭审理。\n第三百二十七条　自诉案件符合简易程序适用条件的，可以适用简易程序审理。\n不适用简易程序审理的自诉案件，参照适用公诉案件第一审普通程序的有关规定。\n第三百二十八条　人民法院审理自诉案件，可以在查明事实、分清是非的基础上，根据自愿、合法的原则进行调解。调解达成协议的，应当制作刑事调解书，由审判人员、法官助理、书记员署名，并加盖人民法院印章。调解书经双方当事人签收后，即具有法律效力。调解没有达成协议，或者调解书签收前当事人反悔的，应当及时作出判决。\n刑事诉讼法第二百一十条第三项规定的案件不适用调解。\n第三百二十九条　判决宣告前，自诉案件的当事人可以自行和解，自诉人可以撤回自诉。\n人民法院经审查，认为和解、撤回自诉确属自愿的，应当裁定准许；认为系被强迫、威吓等，并非自愿的，不予准许。\n第三百三十条　裁定准许撤诉的自诉案件，被告人被采取强制措施的，人民法院应当立即解除。\n第三百三十一条　自诉人经两次传唤，无正当理由拒不到庭，或者未经法庭准许中途退庭的，人民法院应当裁定按撤诉处理。\n部分自诉人撤诉或者被裁定按撤诉处理的，不影响案件的继续审理。\n第三百三十二条　被告人在自诉案件审判期间下落不明的，人民法院可以裁定中止审理；符合条件的，可以对被告人依法决定逮捕。\n第三百三十三条　对自诉案件，应当参照刑事诉讼法第二百条和本解释第二百九十五条的有关规定作出判决。对依法宣告无罪的案件，有附带民事诉讼的，其附带民事部分可以依法进行调解或者一并作出判决，也可以告知附带民事诉讼原告人另行提起民事诉讼。\n第三百三十四条　告诉才处理和被害人有证据证明的轻微刑事案件的被告人或者其法定代理人在诉讼过程中，可以对自诉人提起反诉。反诉必须符合下列条件：\n（一）反诉的对象必须是本案自诉人；\n（二）反诉的内容必须是与本案有关的行为；\n（三）反诉的案件必须符合本解释第一条第一项、第二项的规定。\n反诉案件适用自诉案件的规定，应当与自诉案件一并审理。自诉人撤诉的，不影响反诉案件的继续审理。\n第十一章　单位犯罪案件的审理\n第三百三十五条　人民法院受理单位犯罪案件，除依照本解释第二百一十八条的有关规定进行审查外，还应当审查起诉书是否列明被告单位的名称、住所地、联系方式，法定代表人、实际控制人、主要负责人以及代表被告单位出庭的诉讼代表人的姓名、职务、联系方式。需要人民检察院补充材料的，应当通知人民检察院在三日以内补送。\n第三百三十六条　被告单位的诉讼代表人，应当是法定代表人、实际控制人或者主要负责人；法定代表人、实际控制人或者主要负责人被指控为单位犯罪直接责任人员或者因客观原因无法出庭的，应当由被告单位委托其他负责人或者职工作为诉讼代表人。但是，有关人员被指控为单位犯罪直接责任人员或者知道案件情况、负有作证义务的除外。\n依据前款规定难以确定诉讼代表人的，可以由被告单位委托律师等单位以外的人员作为诉讼代表人。\n诉讼代表人不得同时担任被告单位或者被指控为单位犯罪直接责任人员的有关人员的辩护人。\n第三百三十七条　开庭审理单位犯罪案件，应当通知被告单位的诉讼代表人出庭；诉讼代表人不符合前条规定的，应当要求人民检察院另行确定。\n被告单位的诉讼代表人不出庭的，应当按照下列情形分别处理：\n（一）诉讼代表人系被告单位的法定代表人、实际控制人或者主要负责人，无正当理由拒不出庭的，可以拘传其到庭；因客观原因无法出庭，或者下落不明的，应当要求人民检察院另行确定诉讼代表人；\n（二）诉讼代表人系其他人员的，应当要求人民检察院另行确定诉讼代表人。\n第三百三十八条　被告单位的诉讼代表人享有刑事诉讼法规定的有关被告人的诉讼权利。开庭时，诉讼代表人席位置于审判台前左侧，与辩护人席并列。\n第三百三十九条　被告单位委托辩护人的，参照适用本解释的有关规定。\n第三百四十条　对应当认定为单位犯罪的案件，人民检察院只作为自然人犯罪起诉的，人民法院应当建议人民检察院对犯罪单位追加起诉。人民检察院仍以自然人犯罪起诉的，人民法院应当依法审理，按照单位犯罪直接负责的主管人员或者其他直接责任人员追究刑事责任，并援引刑法分则关于追究单位犯罪中直接负责的主管人员和其他直接责任人员刑事责任的条款。\n第三百四十一条　被告单位的违法所得及其他涉案财物，尚未被依法追缴或者查封、扣押、冻结的，人民法院应当决定追缴或者查封、扣押、冻结。\n第三百四十二条　为保证判决的执行，人民法院可以先行查封、扣押、冻结被告单位的财产，或者由被告单位提出担保。\n第三百四十三条　采取查封、扣押、冻结等措施，应当严格依照法定程序进行，最大限度降低对被告单位正常生产经营活动的影响。\n第三百四十四条　审判期间，被告单位被吊销营业执照、宣告破产但尚未完成清算、注销登记的，应当继续审理；被告单位被撤销、注销的，对单位犯罪直接负责的主管人员和其他直接责任人员应当继续审理。\n第三百四十五条　审判期间，被告单位合并、分立的，应当将原单位列为被告单位，并注明合并、分立情况。对被告单位所判处的罚金以其在新单位的财产及收益为限。\n第三百四十六条　审理单位犯罪案件，本章没有规定的，参照适用本解释的有关规定。\n第十二章　认罪认罚案件的审理\n第三百四十七条　刑事诉讼法第十五条规定的“认罪”，是指犯罪嫌疑人、被告人自愿如实供述自己的罪行，对指控的犯罪事实没有异议。\n刑事诉讼法第十五条规定的“认罚”，是指犯罪嫌疑人、被告人真诚悔罪，愿意接受处罚。\n被告人认罪认罚的，可以依照刑事诉讼法第十五条的规定，在程序上从简、实体上从宽处理。\n第三百四十八条　对认罪认罚案件，应当根据案件情况，依法适用速裁程序、简易程序或者普通程序审理。\n第三百四十九条　对人民检察院提起公诉的认罪认罚案件，人民法院应当重点审查以下内容：\n（一）人民检察院讯问犯罪嫌疑人时，是否告知其诉讼权利和认罪认罚的法律规定；\n（二）是否随案移送听取犯罪嫌疑人、辩护人或者值班律师、被害人及其诉讼代理人意见的笔录；\n（三）被告人与被害人达成调解、和解协议或者取得被害人谅解的，是否随案移送调解、和解协议、被害人谅解书等相关材料；\n（四）需要签署认罪认罚具结书的，是否随案移送具结书。\n未随案移送前款规定的材料的，应当要求人民检察院补充。\n第三百五十条　人民法院应当将被告人认罪认罚作为其是否具有社会危险性的重要考虑因素。被告人罪行较轻，采用非羁押性强制措施足以防止发生社会危险性的，应当依法适用非羁押性强制措施。\n第三百五十一条　对认罪认罚案件，法庭审理时应当告知被告人享有的诉讼权利和认罪认罚的法律规定，审查认罪认罚的自愿性和认罪认罚具结书内容的真实性、合法性。\n第三百五十二条　对认罪认罚案件，人民检察院起诉指控的事实清楚，但指控的罪名与审理认定的罪名不一致的，人民法院应当听取人民检察院、被告人及其辩护人对审理认定罪名的意见，依法作出判决。\n第三百五十三条　对认罪认罚案件，人民法院经审理认为量刑建议明显不当，或者被告人、辩护人对量刑建议提出异议的，人民检察院可以调整量刑建议。人民检察院不调整或者调整后仍然明显不当的，人民法院应当依法作出判决。\n适用速裁程序审理认罪认罚案件，需要调整量刑建议的，应当在庭前或者当庭作出调整；调整量刑建议后，仍然符合速裁程序适用条件的，继续适用速裁程序审理。\n第三百五十四条　对量刑建议是否明显不当，应当根据审理认定的犯罪事实、认罪认罚的具体情况，结合相关犯罪的法定刑、类似案件的刑罚适用等作出审查判断。\n第三百五十五条　对认罪认罚案件，人民法院一般应当对被告人从轻处罚；符合非监禁刑适用条件的，应当适用非监禁刑；具有法定减轻处罚情节的，可以减轻处罚。\n对认罪认罚案件，应当根据被告人认罪认罚的阶段早晚以及认罪认罚的主动性、稳定性、彻底性等，在从宽幅度上体现差异。\n共同犯罪案件，部分被告人认罪认罚的，可以依法对该部分被告人从宽处罚，但应当注意全案的量刑平衡。\n第三百五十六条　被告人在人民检察院提起公诉前未认罪认罚，在审判阶段认罪认罚的，人民法院可以不再通知人民检察院提出或者调整量刑建议。\n对前款规定的案件，人民法院应当就定罪量刑听取控辩双方意见，根据刑事诉讼法第十五条和本解释第三百五十五条的规定作出判决。\n第三百五十七条　对被告人在第一审程序中未认罪认罚，在第二审程序中认罪认罚的案件，应当根据其认罪认罚的具体情况决定是否从宽，并依法作出裁判。确定从宽幅度时应当与第一审程序认罪认罚有所区别。\n第三百五十八条　案件审理过程中，被告人不再认罪认罚的，人民法院应当根据审理查明的事实，依法作出裁判。需要转换程序的，依照本解释的相关规定处理。\n第十三章　简易程序\n第三百五十九条　基层人民法院受理公诉案件后，经审查认为案件事实清楚、证据充分的，在将起诉书副本送达被告人时，应当询问被告人对指控的犯罪事实的意见，告知其适用简易程序的法律规定。被告人对指控的犯罪事实没有异议并同意适用简易程序的，可以决定适用简易程序，并在开庭前通知人民检察院和辩护人。\n对人民检察院建议或者被告人及其辩护人申请适用简易程序审理的案件，依照前款规定处理；不符合简易程序适用条件的，应当通知人民检察院或者被告人及其辩护人。\n第三百六十条　具有下列情形之一的，不适用简易程序：\n（一）被告人是盲、聋、哑人的；\n（二）被告人是尚未完全丧失辨认或者控制自己行为能力的精神病人的；\n（三）案件有重大社会影响的；\n（四）共同犯罪案件中部分被告人不认罪或者对适用简易程序有异议的；\n（五）辩护人作无罪辩护的；\n（六）被告人认罪但经审查认为可能不构成犯罪的；\n（七）不宜适用简易程序审理的其他情形。\n第三百六十一条　适用简易程序审理的案件，符合刑事诉讼法第三十五条第一款规定的，人民法院应当告知被告人及其近亲属可以申请法律援助。\n第三百六十二条　适用简易程序审理案件，人民法院应当在开庭前将开庭的时间、地点通知人民检察院、自诉人、被告人、辩护人，也可以通知其他诉讼参与人。\n通知可以采用简便方式，但应当记录在案。\n第三百六十三条　适用简易程序审理案件，被告人有辩护人的，应当通知其出庭。\n第三百六十四条　适用简易程序审理案件，审判长或者独任审判员应当当庭询问被告人对指控的犯罪事实的意见，告知被告人适用简易程序审理的法律规定，确认被告人是否同意适用简易程序。\n第三百六十五条　适用简易程序审理案件，可以对庭审作如下简化：\n（一）公诉人可以摘要宣读起诉书；\n（二）公诉人、辩护人、审判人员对被告人的讯问、发问可以简化或者省略；\n（三）对控辩双方无异议的证据，可以仅就证据的名称及所证明的事项作出说明；对控辩双方有异议或者法庭认为有必要调查核实的证据，应当出示，并进行质证；\n（四）控辩双方对与定罪量刑有关的事实、证据没有异议的，法庭审理可以直接围绕罪名确定和量刑问题进行。\n适用简易程序审理案件，判决宣告前应当听取被告人的最后陈述。\n第三百六十六条　适用简易程序独任审判过程中，发现对被告人可能判处的有期徒刑超过三年的，应当转由合议庭审理。\n第三百六十七条　适用简易程序审理案件，裁判文书可以简化。\n适用简易程序审理案件，一般应当当庭宣判。\n第三百六十八条　适用简易程序审理案件，在法庭审理过程中，具有下列情形之一的，应当转为普通程序审理：\n（一）被告人的行为可能不构成犯罪的；\n（二）被告人可能不负刑事责任的；\n（三）被告人当庭对起诉指控的犯罪事实予以否认的；\n（四）案件事实不清、证据不足的；\n（五）不应当或者不宜适用简易程序的其他情形。\n决定转为普通程序审理的案件，审理期限应当从作出决定之日起计算。\n第十四章　速裁程序\n第三百六十九条　对人民检察院在提起公诉时建议适用速裁程序的案件，基层人民法院经审查认为案件事实清楚，证据确实、充分，可能判处三年有期徒刑以下刑罚的，在将起诉书副本送达被告人时，应当告知被告人适用速裁程序的法律规定，询问其是否同意适用速裁程序。被告人同意适用速裁程序的，可以决定适用速裁程序，并在开庭前通知人民检察院和辩护人。\n对人民检察院未建议适用速裁程序的案件，人民法院经审查认为符合速裁程序适用条件的，可以决定适用速裁程序，并在开庭前通知人民检察院和辩护人。\n被告人及其辩护人可以向人民法院提出适用速裁程序的申请。\n第三百七十条　具有下列情形之一的，不适用速裁程序：\n（一）被告人是盲、聋、哑人的；\n（二）被告人是尚未完全丧失辨认或者控制自己行为能力的精神病人的；\n（三）被告人是未成年人的；\n（四）案件有重大社会影响的；\n（五）共同犯罪案件中部分被告人对指控的犯罪事实、罪名、量刑建议或者适用速裁程序有异议的；\n（六）被告人与被害人或者其法定代理人没有就附带民事诉讼赔偿等事项达成调解、和解协议的；\n（七）辩护人作无罪辩护的；\n（八）其他不宜适用速裁程序的情形。\n第三百七十一条　适用速裁程序审理案件，人民法院应当在开庭前将开庭的时间、地点通知人民检察院、被告人、辩护人，也可以通知其他诉讼参与人。\n通知可以采用简便方式，但应当记录在案。\n第三百七十二条　适用速裁程序审理案件，可以集中开庭，逐案审理。公诉人简要宣读起诉书后，审判人员应当当庭询问被告人对指控事实、证据、量刑建议以及适用速裁程序的意见，核实具结书签署的自愿性、真实性、合法性，并核实附带民事诉讼赔偿等情况。\n第三百七十三条　适用速裁程序审理案件，一般不进行法庭调查、法庭辩论，但在判决宣告前应当听取辩护人的意见和被告人的最后陈述。\n第三百七十四条　适用速裁程序审理案件，裁判文书可以简化。\n适用速裁程序审理案件，应当当庭宣判。\n第三百七十五条　适用速裁程序审理案件，在法庭审理过程中，具有下列情形之一的，应当转为普通程序或者简易程序审理：\n（一）被告人的行为可能不构成犯罪或者不应当追究刑事责任的；\n（二）被告人违背意愿认罪认罚的；\n（三）被告人否认指控的犯罪事实的；\n（四）案件疑难、复杂或者对适用法律有重大争议的；\n（五）其他不宜适用速裁程序的情形。\n第三百七十六条　决定转为普通程序或者简易程序审理的案件，审理期限应当从作出决定之日起计算。\n第三百七十七条　适用速裁程序审理的案件，第二审人民法院依照刑事诉讼法第二百三十六条第一款第三项的规定发回原审人民法院重新审判的，原审人民法院应当适用第一审普通程序重新审判。\n第十五章　第二审程序\n第三百七十八条　地方各级人民法院在宣告第一审判决、裁定时，应当告知被告人、自诉人及其法定代理人不服判决和准许撤回起诉、终止审理等裁定的，有权在法定期限内以书面或者口头形式，通过本院或者直接向上一级人民法院提出上诉；被告人的辩护人、近亲属经被告人同意，也可以提出上诉；附带民事诉讼当事人及其法定代理人，可以对判决、裁定中的附带民事部分提出上诉。\n被告人、自诉人、附带民事诉讼当事人及其法定代理人是否提出上诉，以其在上诉期满前最后一次的意思表示为准。\n第三百七十九条　人民法院受理的上诉案件，一般应当有上诉状正本及副本。\n上诉状内容一般包括：第一审判决书、裁定书的文号和上诉人收到的时间，第一审人民法院的名称，上诉的请求和理由，提出上诉的时间。被告人的辩护人、近亲属经被告人同意提出上诉的，还应当写明其与被告人的关系，并应当以被告人作为上诉人。\n第三百八十条　上诉、抗诉必须在法定期限内提出。不服判决的上诉、抗诉的期限为十日；不服裁定的上诉、抗诉的期限为五日。上诉、抗诉的期限，从接到判决书、裁定书的第二日起计算。\n对附带民事判决、裁定的上诉、抗诉期限，应当按照刑事部分的上诉、抗诉期限确定。附带民事部分另行审判的，上诉期限也应当按照刑事诉讼法规定的期限确定。\n第三百八十一条　上诉人通过第一审人民法院提出上诉的，第一审人民法院应当审查。上诉符合法律规定的，应当在上诉期满后三日以内将上诉状连同案卷、证据移送上一级人民法院，并将上诉状副本送交同级人民检察院和对方当事人。\n第三百八十二条　上诉人直接向第二审人民法院提出上诉的，第二审人民法院应当在收到上诉状后三日以内将上诉状交第一审人民法院。第一审人民法院应当审查上诉是否符合法律规定。符合法律规定的，应当在接到上诉状后三日以内将上诉状连同案卷、证据移送上一级人民法院，并将上诉状副本送交同级人民检察院和对方当事人。\n第三百八十三条　上诉人在上诉期限内要求撤回上诉的，人民法院应当准许。\n上诉人在上诉期满后要求撤回上诉的，第二审人民法院经审查，认为原判认定事实和适用法律正确，量刑适当的，应当裁定准许；认为原判确有错误的，应当不予准许，继续按照上诉案件审理。\n被判处死刑立即执行的被告人提出上诉，在第二审开庭后宣告裁判前申请撤回上诉的，应当不予准许，继续按照上诉案件审理。\n第三百八十四条　地方各级人民检察院对同级人民法院第一审判决、裁定的抗诉，应当通过第一审人民法院提交抗诉书。第一审人民法院应当在抗诉期满后三日以内将抗诉书连同案卷、证据移送上一级人民法院，并将抗诉书副本送交当事人。\n第三百八十五条　人民检察院在抗诉期限内要求撤回抗诉的，人民法院应当准许。\n人民检察院在抗诉期满后要求撤回抗诉的，第二审人民法院可以裁定准许，但是认为原判存在将无罪判为有罪、轻罪重判等情形的，应当不予准许，继续审理。\n上级人民检察院认为下级人民检察院抗诉不当，向第二审人民法院要求撤回抗诉的，适用前两款规定。\n第三百八十六条　在上诉、抗诉期满前撤回上诉、抗诉的，第一审判决、裁定在上诉、抗诉期满之日起生效。在上诉、抗诉期满后要求撤回上诉、抗诉，第二审人民法院裁定准许的，第一审判决、裁定应当自第二审裁定书送达上诉人或者抗诉机关之日起生效。\n第三百八十七条　第二审人民法院对第一审人民法院移送的上诉、抗诉案卷、证据，应当审查是否包括下列内容：\n（一）移送上诉、抗诉案件函；\n（二）上诉状或者抗诉书；\n（三）第一审判决书、裁定书八份（每增加一名被告人增加一份）及其电子文本；\n（四）全部案卷、证据，包括案件审理报告和其他应当移送的材料。\n前款所列材料齐全的，第二审人民法院应当收案；材料不全的，应当通知第一审人民法院及时补送。\n第三百八十八条　第二审人民法院审理上诉、抗诉案件，应当就第一审判决、裁定认定的事实和适用法律进行全面审查，不受上诉、抗诉范围的限制。\n第三百八十九条　共同犯罪案件，只有部分被告人提出上诉，或者自诉人只对部分被告人的判决提出上诉，或者人民检察院只对部分被告人的判决提出抗诉的，第二审人民法院应当对全案进行审查，一并处理。\n第三百九十条　共同犯罪案件，上诉的被告人死亡，其他被告人未上诉的，第二审人民法院应当对死亡的被告人终止审理；但有证据证明被告人无罪，经缺席审理确认无罪的，应当判决宣告被告人无罪。\n具有前款规定的情形，第二审人民法院仍应对全案进行审查，对其他同案被告人作出判决、裁定。\n第三百九十一条　对上诉、抗诉案件，应当着重审查下列内容：\n（一）第一审判决认定的事实是否清楚，证据是否确实、充分；\n（二）第一审判决适用法律是否正确，量刑是否适当；\n（三）在调查、侦查、审查起诉、第一审程序中，有无违反法定程序的情形；\n（四）上诉、抗诉是否提出新的事实、证据；\n（五）被告人的供述和辩解情况；\n（六）辩护人的辩护意见及采纳情况；\n（七）附带民事部分的判决、裁定是否合法、适当；\n（八）对涉案财物的处理是否正确；\n（九）第一审人民法院合议庭、审判委员会讨论的意见。\n第三百九十二条　第二审期间，被告人除自行辩护外，还可以继续委托第一审辩护人或者另行委托辩护人辩护。\n共同犯罪案件，只有部分被告人提出上诉，或者自诉人只对部分被告人的判决提出上诉，或者人民检察院只对部分被告人的判决提出抗诉的，其他同案被告人也可以委托辩护人辩护。\n第三百九十三条　下列案件，根据刑事诉讼法第二百三十四条的规定，应当开庭审理：\n（一）被告人、自诉人及其法定代理人对第一审认定的事实、证据提出异议，可能影响定罪量刑的上诉案件；\n（二）被告人被判处死刑的上诉案件；\n（三）人民检察院抗诉的案件；\n（四）应当开庭审理的其他案件。\n被判处死刑的被告人没有上诉，同案的其他被告人上诉的案件，第二审人民法院应当开庭审理。\n第三百九十四条　对上诉、抗诉案件，第二审人民法院经审查，认为原判事实不清、证据不足，或者具有刑事诉讼法第二百三十八条规定的违反法定诉讼程序情形，需要发回重新审判的，可以不开庭审理。\n第三百九十五条　第二审期间，人民检察院或者被告人及其辩护人提交新证据的，人民法院应当及时通知对方查阅、摘抄或者复制。\n第三百九十六条　开庭审理第二审公诉案件，应当在决定开庭审理后及时通知人民检察院查阅案卷。自通知后的第二日起，人民检察院查阅案卷的时间不计入审理期限。\n第三百九十七条　开庭审理上诉、抗诉的公诉案件，应当通知同级人民检察院派员出庭。\n抗诉案件，人民检察院接到开庭通知后不派员出庭，且未说明原因的，人民法院可以裁定按人民检察院撤回抗诉处理。\n第三百九十八条　开庭审理上诉、抗诉案件，除参照适用第一审程序的有关规定外，应当按照下列规定进行：\n（一）法庭调查阶段，审判人员宣读第一审判决书、裁定书后，上诉案件由上诉人或者辩护人先宣读上诉状或者陈述上诉理由，抗诉案件由检察员先宣读抗诉书；既有上诉又有抗诉的案件，先由检察员宣读抗诉书，再由上诉人或者辩护人宣读上诉状或者陈述上诉理由；\n（二）法庭辩论阶段，上诉案件，先由上诉人、辩护人发言，后由检察员、诉讼代理人发言；抗诉案件，先由检察员、诉讼代理人发言，后由被告人、辩护人发言；既有上诉又有抗诉的案件，先由检察员、诉讼代理人发言，后由上诉人、辩护人发言。\n第三百九十九条　开庭审理上诉、抗诉案件，可以重点围绕对第一审判决、裁定有争议的问题或者有疑问的部分进行。根据案件情况，可以按照下列方式审理：\n（一）宣读第一审判决书，可以只宣读案由、主要事实、证据名称和判决主文等；\n（二）法庭调查应当重点围绕对第一审判决提出异议的事实、证据以及新的证据等进行；对没有异议的事实、证据和情节，可以直接确认；\n（三）对同案审理案件中未上诉的被告人，未被申请出庭或者人民法院认为没有必要到庭的，可以不再传唤到庭；\n（四）被告人犯有数罪的案件，对其中事实清楚且无异议的犯罪，可以不在庭审时审理。\n同案审理的案件，未提出上诉、人民检察院也未对其判决提出抗诉的被告人要求出庭的，应当准许。出庭的被告人可以参加法庭调查和辩论。\n第四百条　第二审案件依法不开庭审理的，应当讯问被告人，听取其他当事人、辩护人、诉讼代理人的意见。合议庭全体成员应当阅卷，必要时应当提交书面阅卷意见。\n第四百零一条　审理被告人或者其法定代理人、辩护人、近亲属提出上诉的案件，不得对被告人的刑罚作出实质不利的改判，并应当执行下列规定：\n（一）同案审理的案件，只有部分被告人上诉的，既不得加重上诉人的刑罚，也不得加重其他同案被告人的刑罚；\n（二）原判认定的罪名不当的，可以改变罪名，但不得加重刑罚或者对刑罚执行产生不利影响；\n（三）原判认定的罪数不当的，可以改变罪数，并调整刑罚，但不得加重决定执行的刑罚或者对刑罚执行产生不利影响；\n（四）原判对被告人宣告缓刑的，不得撤销缓刑或者延长缓刑考验期；\n（五）原判没有宣告职业禁止、禁止令的，不得增加宣告；原判宣告职业禁止、禁止令的，不得增加内容、延长期限；\n（六）原判对被告人判处死刑缓期执行没有限制减刑、决定终身监禁的，不得限制减刑、决定终身监禁；\n（七）原判判处的刑罚不当、应当适用附加刑而没有适用的，不得直接加重刑罚、适用附加刑。原判判处的刑罚畸轻，必须依法改判的，应当在第二审判决、裁定生效后，依照审判监督程序重新审判。\n人民检察院抗诉或者自诉人上诉的案件，不受前款规定的限制。\n第四百零二条　人民检察院只对部分被告人的判决提出抗诉，或者自诉人只对部分被告人的判决提出上诉的，第二审人民法院不得对其他同案被告人加重刑罚。\n第四百零三条　被告人或者其法定代理人、辩护人、近亲属提出上诉，人民检察院未提出抗诉的案件，第二审人民法院发回重新审判后，除有新的犯罪事实且人民检察院补充起诉的以外，原审人民法院不得加重被告人的刑罚。\n对前款规定的案件，原审人民法院对上诉发回重新审判的案件依法作出判决后，人民检察院抗诉的，第二审人民法院不得改判为重于原审人民法院第一次判处的刑罚。\n第四百零四条　第二审人民法院认为第一审判决事实不清、证据不足的，可以在查清事实后改判，也可以裁定撤销原判，发回原审人民法院重新审判。\n有多名被告人的案件，部分被告人的犯罪事实不清、证据不足或者有新的犯罪事实需要追诉，且有关犯罪与其他同案被告人没有关联的，第二审人民法院根据案件情况，可以对该部分被告人分案处理，将该部分被告人发回原审人民法院重新审判。原审人民法院重新作出判决后，被告人上诉或者人民检察院抗诉，其他被告人的案件尚未作出第二审判决、裁定的，第二审人民法院可以并案审理。\n第四百零五条　原判事实不清、证据不足，第二审人民法院发回重新审判的案件，原审人民法院重新作出判决后，被告人上诉或者人民检察院抗诉的，第二审人民法院应当依法作出判决、裁定，不得再发回重新审判。\n第四百零六条　第二审人民法院发现原审人民法院在重新审判过程中，有刑事诉讼法第二百三十八条规定的情形之一，或者违反第二百三十九条规定的，应当裁定撤销原判，发回重新审判。\n第四百零七条　第二审人民法院审理对刑事部分提出上诉、抗诉，附带民事部分已经发生法律效力的案件，发现第一审判决、裁定中的附带民事部分确有错误的，应当依照审判监督程序对附带民事部分予以纠正。\n第四百零八条　刑事附带民事诉讼案件，只有附带民事诉讼当事人及其法定代理人上诉的，第一审刑事部分的判决在上诉期满后即发生法律效力。\n应当送监执行的第一审刑事被告人是第二审附带民事诉讼被告人的，在第二审附带民事诉讼案件审结前，可以暂缓送监执行。\n第四百零九条　第二审人民法院审理对附带民事部分提出上诉，刑事部分已经发生法律效力的案件，应当对全案进行审查，并按照下列情形分别处理：\n（一）第一审判决的刑事部分并无不当的，只需就附带民事部分作出处理；\n（二）第一审判决的刑事部分确有错误的，依照审判监督程序对刑事部分进行再审，并将附带民事部分与刑事部分一并审理。\n第四百一十条　第二审期间，第一审附带民事诉讼原告人增加独立的诉讼请求或者第一审附带民事诉讼被告人提出反诉的，第二审人民法院可以根据自愿、合法的原则进行调解；调解不成的，告知当事人另行起诉。\n第四百一十一条　对第二审自诉案件，必要时可以调解，当事人也可以自行和解。调解结案的，应当制作调解书，第一审判决、裁定视为自动撤销。当事人自行和解的，依照本解释第三百二十九条的规定处理；裁定准许撤回自诉的，应当撤销第一审判决、裁定。\n第四百一十二条　第二审期间，自诉案件的当事人提出反诉的，应当告知其另行起诉。\n第四百一十三条　第二审人民法院可以委托第一审人民法院代为宣判，并向当事人送达第二审判决书、裁定书。第一审人民法院应当在代为宣判后五日以内将宣判笔录送交第二审人民法院，并在送达完毕后及时将送达回证送交第二审人民法院。\n委托宣判的，第二审人民法院应当直接向同级人民检察院送达第二审判决书、裁定书。\n第二审判决、裁定是终审的判决、裁定的，自宣告之日起发生法律效力。\n第十六章　在法定刑以下判处刑罚和特殊假释的核准\n第四百一十四条　报请最高人民法院核准在法定刑以下判处刑罚的案件，应当按照下列情形分别处理：\n（一）被告人未上诉、人民检察院未抗诉的，在上诉、抗诉期满后三日以内报请上一级人民法院复核。上级人民法院同意原判的，应当书面层报最高人民法院核准；不同意的，应当裁定发回重新审判，或者按照第二审程序提审；\n（二）被告人上诉或者人民检察院抗诉的，上一级人民法院维持原判，或者改判后仍在法定刑以下判处刑罚的，应当依照前项规定层报最高人民法院核准。\n第四百一十五条　对符合刑法第六十三条第二款规定的案件，第一审人民法院未在法定刑以下判处刑罚的，第二审人民法院可以在法定刑以下判处刑罚，并层报最高人民法院核准。\n第四百一十六条　报请最高人民法院核准在法定刑以下判处刑罚的案件，应当报送判决书、报请核准的报告各五份，以及全部案卷、证据。\n第四百一十七条　对在法定刑以下判处刑罚的案件，最高人民法院予以核准的，应当作出核准裁定书;不予核准的，应当作出不核准裁定书，并撤销原判决、裁定，发回原审人民法院重新审判或者指定其他下级人民法院重新审判。\n第四百一十八条　依照本解释第四百一十四条、第四百一十七条规定发回第二审人民法院重新审判的案件，第二审人民法院可以直接改判；必须通过开庭查清事实、核实证据或者纠正原审程序违法的，应当开庭审理。\n第四百一十九条　最高人民法院和上级人民法院复核在法定刑以下判处刑罚案件的审理期限，参照适用刑事诉讼法第二百四十三条的规定。\n第四百二十条　报请最高人民法院核准因罪犯具有特殊情况，不受执行刑期限制的假释案件，应当按照下列情形分别处理：\n（一）中级人民法院依法作出假释裁定后，应当报请高级人民法院复核。高级人民法院同意的，应当书面报请最高人民法院核准；不同意的，应当裁定撤销中级人民法院的假释裁定；\n（二）高级人民法院依法作出假释裁定的，应当报请最高人民法院核准。\n第四百二十一条　报请最高人民法院核准因罪犯具有特殊情况，不受执行刑期限制的假释案件，应当报送报请核准的报告、罪犯具有特殊情况的报告、假释裁定书各五份，以及全部案卷。\n第四百二十二条　对因罪犯具有特殊情况，不受执行刑期限制的假释案件，最高人民法院予以核准的，应当作出核准裁定书；不予核准的，应当作出不核准裁定书，并撤销原裁定。\n第十七章　死刑复核程序\n第四百二十三条　报请最高人民法院核准死刑的案件，应当按照下列情形分别处理：\n（一）中级人民法院判处死刑的第一审案件，被告人未上诉、人民检察院未抗诉的，在上诉、抗诉期满后十日以内报请高级人民法院复核。高级人民法院同意判处死刑的，应当在作出裁定后十日以内报请最高人民法院核准；认为原判认定的某一具体事实或者引用的法律条款等存在瑕疵，但判处被告人死刑并无不当的，可以在纠正后作出核准的判决、裁定；不同意判处死刑的，应当依照第二审程序提审或者发回重新审判；\n（二）中级人民法院判处死刑的第一审案件，被告人上诉或者人民检察院抗诉，高级人民法院裁定维持的，应当在作出裁定后十日以内报请最高人民法院核准；\n（三）高级人民法院判处死刑的第一审案件，被告人未上诉、人民检察院未抗诉的，应当在上诉、抗诉期满后十日以内报请最高人民法院核准。\n高级人民法院复核死刑案件，应当讯问被告人。\n第四百二十四条　中级人民法院判处死刑缓期执行的第一审案件，被告人未上诉、人民检察院未抗诉的，应当报请高级人民法院核准。\n高级人民法院复核死刑缓期执行案件，应当讯问被告人。\n第四百二十五条　报请复核的死刑、死刑缓期执行案件，应当一案一报。报送的材料包括报请复核的报告，第一、二审裁判文书，案件综合报告各五份以及全部案卷、证据。案件综合报告，第一、二审裁判文书和审理报告应当附送电子文本。\n同案审理的案件应当报送全案案卷、证据。\n曾经发回重新审判的案件，原第一、二审案卷应当一并报送。\n第四百二十六条　报请复核死刑、死刑缓期执行的报告，应当写明案由、简要案情、审理过程和判决结果。\n案件综合报告应当包括以下内容：\n（一）被告人、被害人的基本情况。被告人有前科或者曾受过行政处罚、处分的，应当写明；\n（二）案件的由来和审理经过。案件曾经发回重新审判的，应当写明发回重新审判的原因、时间、案号等；\n（三）案件侦破情况。通过技术调查、侦查措施抓获被告人、侦破案件，以及与自首、立功认定有关的情况，应当写明；\n（四）第一审审理情况。包括控辩双方意见，第一审认定的犯罪事实，合议庭和审判委员会意见；\n（五）第二审审理或者高级人民法院复核情况。包括上诉理由、人民检察院的意见，第二审审理或者高级人民法院复核认定的事实，证据采信情况及理由，控辩双方意见及采纳情况；\n（六）需要说明的问题。包括共同犯罪案件中另案处理的同案犯的处理情况，案件有无重大社会影响，以及当事人的反应等情况；\n（七）处理意见。写明合议庭和审判委员会的意见。\n第四百二十七条　复核死刑、死刑缓期执行案件，应当全面审查以下内容：\n（一）被告人的年龄，被告人有无刑事责任能力、是否系怀孕的妇女；\n（二）原判认定的事实是否清楚，证据是否确实、充分；\n（三）犯罪情节、后果及危害程度；\n（四）原判适用法律是否正确，是否必须判处死刑，是否必须立即执行；\n（五）有无法定、酌定从重、从轻或者减轻处罚情节；\n（六）诉讼程序是否合法；\n（七）应当审查的其他情况。\n复核死刑、死刑缓期执行案件，应当重视审查被告人及其辩护人的辩解、辩护意见。\n第四百二十八条　高级人民法院复核死刑缓期执行案件，应当按照下列情形分别处理：\n（一）原判认定事实和适用法律正确、量刑适当、诉讼程序合法的，应当裁定核准；\n（二）原判认定的某一具体事实或者引用的法律条款等存在瑕疵，但判处被告人死刑缓期执行并无不当的，可以在纠正后作出核准的判决、裁定；\n（三）原判认定事实正确，但适用法律有错误，或者量刑过重的，应当改判；\n（四）原判事实不清、证据不足的，可以裁定不予核准，并撤销原判，发回重新审判，或者依法改判；\n（五）复核期间出现新的影响定罪量刑的事实、证据的，可以裁定不予核准，并撤销原判，发回重新审判，或者依照本解释第二百七十一条的规定审理后依法改判；\n（六）原审违反法定诉讼程序，可能影响公正审判的，应当裁定不予核准，并撤销原判，发回重新审判。\n复核死刑缓期执行案件，不得加重被告人的刑罚。\n第四百二十九条　最高人民法院复核死刑案件，应当按照下列情形分别处理：\n（一）原判认定事实和适用法律正确、量刑适当、诉讼程序合法的，应当裁定核准；\n（二）原判认定的某一具体事实或者引用的法律条款等存在瑕疵，但判处被告人死刑并无不当的，可以在纠正后作出核准的判决、裁定；\n（三）原判事实不清、证据不足的，应当裁定不予核准，并撤销原判，发回重新审判；\n（四）复核期间出现新的影响定罪量刑的事实、证据的，应当裁定不予核准，并撤销原判，发回重新审判；\n（五）原判认定事实正确、证据充分，但依法不应当判处死刑的，应当裁定不予核准，并撤销原判，发回重新审判；根据案件情况，必要时，也可以依法改判；\n（六）原审违反法定诉讼程序，可能影响公正审判的，应当裁定不予核准，并撤销原判，发回重新审判。\n第四百三十条　最高人民法院裁定不予核准死刑的，根据案件情况，可以发回第二审人民法院或者第一审人民法院重新审判。\n对最高人民法院发回第二审人民法院重新审判的案件，第二审人民法院一般不得发回第一审人民法院重新审判。\n第一审人民法院重新审判的，应当开庭审理。第二审人民法院重新审判的，可以直接改判；必须通过开庭查清事实、核实证据或者纠正原审程序违法的，应当开庭审理。\n第四百三十一条　高级人民法院依照复核程序审理后报请最高人民法院核准死刑，最高人民法院裁定不予核准，发回高级人民法院重新审判的，高级人民法院可以依照第二审程序提审或者发回重新审判。\n第四百三十二条　最高人民法院裁定不予核准死刑，发回重新审判的案件，原审人民法院应当另行组成合议庭审理，但本解释第四百二十九条第四项、第五项规定的案件除外。\n第四百三十三条　依照本解释第四百三十条、第四百三十一条发回重新审判的案件，第一审人民法院判处死刑、死刑缓期执行的，上一级人民法院依照第二审程序或者复核程序审理后，应当依法作出判决或者裁定，不得再发回重新审判。但是，第一审人民法院有刑事诉讼法第二百三十八条规定的情形或者违反刑事诉讼法第二百三十九条规定的除外。\n第四百三十四条　死刑复核期间，辩护律师要求当面反映意见的，最高人民法院有关合议庭应当在办公场所听取其意见，并制作笔录；辩护律师提出书面意见的，应当附卷。\n第四百三十五条　死刑复核期间，最高人民检察院提出意见的，最高人民法院应当审查，并将采纳情况及理由反馈最高人民检察院。\n第四百三十六条　最高人民法院应当根据有关规定向最高人民检察院通报死刑案件复核结果。\n第十八章　涉案财物处理\n第四百三十七条　人民法院对查封、扣押、冻结的涉案财物及其孳息，应当妥善保管，并制作清单，附卷备查；对人民检察院随案移送的实物，应当根据清单核查后妥善保管。任何单位和个人不得挪用或者自行处理。\n查封不动产、车辆、船舶、航空器等财物，应当扣押其权利证书，经拍照或者录像后原地封存，或者交持有人、被告人的近亲属保管，登记并写明财物的名称、型号、权属、地址等详细信息，并通知有关财物的登记、管理部门办理查封登记手续。\n扣押物品，应当登记并写明物品名称、型号、规格、数量、重量、质量、成色、纯度、颜色、新旧程度、缺损特征和来源等。扣押货币、有价证券，应当登记并写明货币、有价证券的名称、数额、面额等，货币应当存入银行专门账户，并登记银行存款凭证的名称、内容。扣押文物、金银、珠宝、名贵字画等贵重物品以及违禁品，应当拍照，需要鉴定的，应当及时鉴定。对扣押的物品应当根据有关规定及时估价。\n冻结存款、汇款、债券、股票、基金份额等财产，应当登记并写明编号、种类、面值、张数、金额等。\n第四百三十八条　对被害人的合法财产，权属明确的，应当依法及时返还，但须经拍照、鉴定、估价，并在案卷中注明返还的理由，将原物照片、清单和被害人的领取手续附卷备查；权属不明的，应当在人民法院判决、裁定生效后，按比例返还被害人，但已获退赔的部分应予扣除。\n第四百三十九条　审判期间，对不宜长期保存、易贬值或者市场价格波动大的财产，或者有效期即将届满的票据等，经权利人申请或者同意，并经院长批准，可以依法先行处置，所得款项由人民法院保管。\n涉案财物先行处置应当依法、公开、公平。\n第四百四十条　对作为证据使用的实物，应当随案移送。第一审判决、裁定宣告后，被告人上诉或者人民检察院抗诉的，第一审人民法院应当将上述证据移送第二审人民法院。\n第四百四十一条　对实物未随案移送的，应当根据情况，分别审查以下内容：\n（一）大宗的、不便搬运的物品，是否随案移送查封、扣押清单，并附原物照片和封存手续，注明存放地点等；\n（二）易腐烂、霉变和不易保管的物品，查封、扣押机关变卖处理后，是否随案移送原物照片、清单、变价处理的凭证（复印件）等；\n（三）枪支弹药、剧毒物品、易燃易爆物品以及其他违禁品、危险物品，查封、扣押机关根据有关规定处理后，是否随案移送原物照片和清单等。\n上述未随案移送的实物，应当依法鉴定、估价的，还应当审查是否附有鉴定、估价意见。\n对查封、扣押的货币、有价证券等，未移送实物的，应当审查是否附有原物照片、清单或者其他证明文件。\n第四百四十二条　法庭审理过程中，应当依照本解释第二百七十九条的规定，依法对查封、扣押、冻结的财物及其孳息进行审查。\n第四百四十三条　被告人将依法应当追缴的涉案财物用于投资或者置业的，对因此形成的财产及其收益，应当追缴。\n被告人将依法应当追缴的涉案财物与其他合法财产共同用于投资或者置业的，对因此形成的财产中与涉案财物对应的份额及其收益，应当追缴。\n第四百四十四条　对查封、扣押、冻结的财物及其孳息，应当在判决书中写明名称、金额、数量、存放地点及其处理方式等。涉案财物较多，不宜在判决主文中详细列明的，可以附清单。\n判决追缴违法所得或者责令退赔的，应当写明追缴、退赔的金额或者财物的名称、数量等情况；已经发还的，应当在判决书中写明。\n第四百四十五条　查封、扣押、冻结的财物及其孳息，经审查，确属违法所得或者依法应当追缴的其他涉案财物的，应当判决返还被害人，或者没收上缴国库，但法律另有规定的除外。\n对判决时尚未追缴到案或者尚未足额退赔的违法所得，应当判决继续追缴或者责令退赔。\n判决返还被害人的涉案财物，应当通知被害人认领；无人认领的，应当公告通知；公告满一年无人认领的，应当上缴国库；上缴国库后有人认领，经查证属实的，应当申请退库予以返还；原物已经拍卖、变卖的，应当返还价款。\n对侵犯国有财产的案件，被害单位已经终止且没有权利义务继受人，或者损失已经被核销的，查封、扣押、冻结的财物及其孳息应当上缴国库。\n第四百四十六条　第二审期间，发现第一审判决未对随案移送的涉案财物及其孳息作出处理的，可以裁定撤销原判，发回原审人民法院重新审判，由原审人民法院依法对涉案财物及其孳息一并作出处理。\n判决生效后，发现原判未对随案移送的涉案财物及其孳息作出处理的，由原审人民法院依法对涉案财物及其孳息另行作出处理。\n第四百四十七条　随案移送的或者人民法院查封、扣押的财物及其孳息，由第一审人民法院在判决生效后负责处理。\n实物未随案移送、由扣押机关保管的，人民法院应当在判决生效后十日以内，将判决书、裁定书送达扣押机关，并告知其在一个月以内将执行回单送回，确因客观原因无法按时完成的，应当说明原因。\n第四百四十八条　对冻结的存款、汇款、债券、股票、基金份额等财产判决没收的，第一审人民法院应当在判决生效后，将判决书、裁定书送达相关金融机构和财政部门，通知相关金融机构依法上缴国库并在接到执行通知书后十五日以内，将上缴国库的凭证、执行回单送回。\n第四百四十九条　查封、扣押、冻结的财物与本案无关但已列入清单的，应当由查封、扣押、冻结机关依法处理。\n查封、扣押、冻结的财物属于被告人合法所有的，应当在赔偿被害人损失、执行财产刑后及时返还被告人。\n第四百五十条　查封、扣押、冻结财物及其处理，本解释没有规定的，参照适用其他司法解释的有关规定。\n第十九章　审判监督程序\n第四百五十一条　当事人及其法定代理人、近亲属对已经发生法律效力的判决、裁定提出申诉的，人民法院应当审查处理。\n案外人认为已经发生法律效力的判决、裁定侵害其合法权益，提出申诉的，人民法院应当审查处理。\n申诉可以委托律师代为进行。\n第四百五十二条　向人民法院申诉，应当提交以下材料：\n（一）申诉状。应当写明当事人的基本情况、联系方式以及申诉的事实与理由；\n（二）原一、二审判决书、裁定书等法律文书。经过人民法院复查或者再审的，应当附有驳回申诉通知书、再审决定书、再审判决书、裁定书；\n（三）其他相关材料。以有新的证据证明原判决、裁定认定的事实确有错误为由申诉的，应当同时附有相关证据材料；申请人民法院调查取证的，应当附有相关线索或者材料。\n申诉符合前款规定的，人民法院应当出具收到申诉材料的回执。申诉不符合前款规定的，人民法院应当告知申诉人补充材料；申诉人拒绝补充必要材料且无正当理由的，不予审查。\n第四百五十三条　申诉由终审人民法院审查处理。但是，第二审人民法院裁定准许撤回上诉的案件，申诉人对第一审判决提出申诉的，可以由第一审人民法院审查处理。\n上一级人民法院对未经终审人民法院审查处理的申诉，可以告知申诉人向终审人民法院提出申诉，或者直接交终审人民法院审查处理，并告知申诉人；案件疑难、复杂、重大的，也可以直接审查处理。\n对未经终审人民法院及其上一级人民法院审查处理，直接向上级人民法院申诉的，上级人民法院应当告知申诉人向下级人民法院提出。\n第四百五十四条　最高人民法院或者上级人民法院可以指定终审人民法院以外的人民法院对申诉进行审查。被指定的人民法院审查后，应当制作审查报告，提出处理意见，层报最高人民法院或者上级人民法院审查处理。\n第四百五十五条　对死刑案件的申诉，可以由原核准的人民法院直接审查处理，也可以交由原审人民法院审查。原审人民法院应当制作审查报告，提出处理意见，层报原核准的人民法院审查处理。\n第四百五十六条　对立案审查的申诉案件，人民法院可以听取当事人和原办案单位的意见，也可以对原判据以定罪量刑的证据和新的证据进行核实。必要时，可以进行听证。\n第四百五十七条　对立案审查的申诉案件，应当在三个月以内作出决定，至迟不得超过六个月。因案件疑难、复杂、重大或者其他特殊原因需要延长审查期限的，参照本解释第二百一十条的规定处理。\n经审查，具有下列情形之一的，应当根据刑事诉讼法第二百五十三条的规定，决定重新审判：\n（一）有新的证据证明原判决、裁定认定的事实确有错误，可能影响定罪量刑的；\n（二）据以定罪量刑的证据不确实、不充分、依法应当排除的；\n（三）证明案件事实的主要证据之间存在矛盾的；\n（四）主要事实依据被依法变更或者撤销的；\n（五）认定罪名错误的；\n（六）量刑明显不当的；\n（七）对违法所得或者其他涉案财物的处理确有明显错误的；\n（八）违反法律关于溯及力规定的；\n（九）违反法定诉讼程序，可能影响公正裁判的；\n（十）审判人员在审理该案件时有贪污受贿、徇私舞弊、枉法裁判行为的。\n申诉不具有上述情形的，应当说服申诉人撤回申诉；对仍然坚持申诉的，应当书面通知驳回。\n第四百五十八条　具有下列情形之一，可能改变原判决、裁定据以定罪量刑的事实的证据，应当认定为刑事诉讼法第二百五十三条第一项规定的“新的证据”：\n（一）原判决、裁定生效后新发现的证据；\n（二）原判决、裁定生效前已经发现，但未予收集的证据；\n（三）原判决、裁定生效前已经收集，但未经质证的证据；\n（四）原判决、裁定所依据的鉴定意见，勘验、检查等笔录被改变或者否定的；\n（五）原判决、裁定所依据的被告人供述、证人证言等证据发生变化，影响定罪量刑，且有合理理由的。\n第四百五十九条　申诉人对驳回申诉不服的，可以向上一级人民法院申诉。上一级人民法院经审查认为申诉不符合刑事诉讼法第二百五十三条和本解释第四百五十七条第二款规定的，应当说服申诉人撤回申诉；对仍然坚持申诉的，应当驳回或者通知不予重新审判。\n第四百六十条　各级人民法院院长发现本院已经发生法律效力的判决、裁定确有错误的，应当提交审判委员会讨论决定是否再审。\n第四百六十一条　上级人民法院发现下级人民法院已经发生法律效力的判决、裁定确有错误的，可以指令下级人民法院再审；原判决、裁定认定事实正确但适用法律错误，或者案件疑难、复杂、重大，或者有不宜由原审人民法院审理情形的，也可以提审。\n上级人民法院指令下级人民法院再审的，一般应当指令原审人民法院以外的下级人民法院审理；由原审人民法院审理更有利于查明案件事实、纠正裁判错误的，可以指令原审人民法院审理。\n第四百六十二条　对人民检察院依照审判监督程序提出抗诉的案件，人民法院应当在收到抗诉书后一个月以内立案。但是，有下列情形之一的，应当区别情况予以处理：\n（一）不属于本院管辖的，应当将案件退回人民检察院；\n（二）按照抗诉书提供的住址无法向被抗诉的原审被告人送达抗诉书的，应当通知人民检察院在三日以内重新提供原审被告人的住址；逾期未提供的，将案件退回人民检察院；\n（三）以有新的证据为由提出抗诉，但未附相关证据材料或者有关证据不是指向原起诉事实的，应当通知人民检察院在三日以内补送相关材料；逾期未补送的，将案件退回人民检察院。\n决定退回的抗诉案件，人民检察院经补充相关材料后再次抗诉，经审查符合受理条件的，人民法院应当受理。\n第四百六十三条　对人民检察院依照审判监督程序提出抗诉的案件，接受抗诉的人民法院应当组成合议庭审理。对原判事实不清、证据不足，包括有新的证据证明原判可能有错误，需要指令下级人民法院再审的，应当在立案之日起一个月以内作出决定，并将指令再审决定书送达抗诉的人民检察院。\n第四百六十四条　对决定依照审判监督程序重新审判的案件，人民法院应当制作再审决定书。再审期间不停止原判决、裁定的执行，但被告人可能经再审改判无罪，或者可能经再审减轻原判刑罚而致刑期届满的，可以决定中止原判决、裁定的执行，必要时，可以对被告人采取取保候审、监视居住措施。\n第四百六十五条　依照审判监督程序重新审判的案件，人民法院应当重点针对申诉、抗诉和决定再审的理由进行审理。必要时，应当对原判决、裁定认定的事实、证据和适用法律进行全面审查。\n第四百六十六条　原审人民法院审理依照审判监督程序重新审判的案件，应当另行组成合议庭。\n原来是第一审案件，应当依照第一审程序进行审判，所作的判决、裁定可以上诉、抗诉；原来是第二审案件，或者是上级人民法院提审的案件，应当依照第二审程序进行审判，所作的判决、裁定是终审的判决、裁定。\n符合刑事诉讼法第二百九十六条、第二百九十七条规定的，可以缺席审判。\n第四百六十七条　对依照审判监督程序重新审判的案件，人民法院在依照第一审程序进行审判的过程中，发现原审被告人还有其他犯罪的，一般应当并案审理，但分案审理更为适宜的，可以分案审理。\n第四百六十八条　开庭审理再审案件，再审决定书或者抗诉书只针对部分原审被告人，其他同案原审被告人不出庭不影响审理的，可以不出庭参加诉讼。\n第四百六十九条　除人民检察院抗诉的以外，再审一般不得加重原审被告人的刑罚。再审决定书或者抗诉书只针对部分原审被告人的，不得加重其他同案原审被告人的刑罚。\n第四百七十条　人民法院审理人民检察院抗诉的再审案件，人民检察院在开庭审理前撤回抗诉的，应当裁定准许；人民检察院接到出庭通知后不派员出庭，且未说明原因的，可以裁定按撤回抗诉处理，并通知诉讼参与人。\n人民法院审理申诉人申诉的再审案件，申诉人在再审期间撤回申诉的，可以裁定准许；但认为原判确有错误的，应当不予准许，继续按照再审案件审理。申诉人经依法通知无正当理由拒不到庭，或者未经法庭许可中途退庭的，可以裁定按撤回申诉处理，但申诉人不是原审当事人的除外。\n第四百七十一条　开庭审理的再审案件，系人民法院决定再审的，由合议庭组成人员宣读再审决定书；系人民检察院抗诉的，由检察员宣读抗诉书；系申诉人申诉的，由申诉人或者其辩护人、诉讼代理人陈述申诉理由。\n第四百七十二条　再审案件经过重新审理后，应当按照下列情形分别处理：\n（一）原判决、裁定认定事实和适用法律正确、量刑适当的，应当裁定驳回申诉或者抗诉，维持原判决、裁定；\n（二）原判决、裁定定罪准确、量刑适当，但在认定事实、适用法律等方面有瑕疵的，应当裁定纠正并维持原判决、裁定；\n（三）原判决、裁定认定事实没有错误，但适用法律错误或者量刑不当的，应当撤销原判决、裁定，依法改判；\n（四）依照第二审程序审理的案件，原判决、裁定事实不清、证据不足的，可以在查清事实后改判，也可以裁定撤销原判，发回原审人民法院重新审判。\n原判决、裁定事实不清或者证据不足，经审理事实已经查清的，应当根据查清的事实依法裁判；事实仍无法查清，证据不足，不能认定被告人有罪的，应当撤销原判决、裁定，判决宣告被告人无罪。\n第四百七十三条　原判决、裁定认定被告人姓名等身份信息有误，但认定事实和适用法律正确、量刑适当的，作出生效判决、裁定的人民法院可以通过裁定对有关信息予以更正。\n第四百七十四条　对再审改判宣告无罪并依法享有申请国家赔偿权利的当事人，人民法院宣判时，应当告知其在判决发生法律效力后可以依法申请国家赔偿。\n第二十章　涉外刑事案件的审理和刑事司法协助\n第一节　涉外刑事案件的审理\n第四百七十五条　本解释所称的涉外刑事案件是指：\n（一）在中华人民共和国领域内，外国人犯罪或者我国公民对外国、外国人犯罪的案件；\n（二）符合刑法第七条、第十条规定情形的我国公民在中华人民共和国领域外犯罪的案件；\n（三）符合刑法第八条、第十条规定情形的外国人犯罪的案件；\n（四）符合刑法第九条规定情形的中华人民共和国在所承担国际条约义务范围内行使管辖权的案件。\n第四百七十六条　第一审涉外刑事案件，除刑事诉讼法第二十一条至第二十三条规定的以外，由基层人民法院管辖。必要时，中级人民法院可以指定辖区内若干基层人民法院集中管辖第一审涉外刑事案件，也可以依照刑事诉讼法第二十四条的规定，审理基层人民法院管辖的第一审涉外刑事案件。\n第四百七十七条　外国人的国籍，根据其入境时持用的有效证件确认；国籍不明的，根据公安机关或者有关国家驻华使领馆出具的证明确认。\n国籍无法查明的，以无国籍人对待，适用本章有关规定，在裁判文书中写明“国籍不明”。\n第四百七十八条　在刑事诉讼中，外国籍当事人享有我国法律规定的诉讼权利并承担相应义务。\n第四百七十九条　涉外刑事案件审判期间，人民法院应当将下列事项及时通报同级人民政府外事主管部门，并依照有关规定通知有关国家驻华使领馆：\n（一）人民法院决定对外国籍被告人采取强制措施的情况，包括外国籍当事人的姓名（包括译名）、性别、入境时间、护照或者证件号码、采取的强制措施及法律依据、羁押地点等；\n（二）开庭的时间、地点、是否公开审理等事项；\n（三）宣判的时间、地点。\n涉外刑事案件宣判后，应当将处理结果及时通报同级人民政府外事主管部门。\n对外国籍被告人执行死刑的，死刑裁决下达后执行前，应当通知其国籍国驻华使领馆。\n外国籍被告人在案件审理中死亡的，应当及时通报同级人民政府外事主管部门，并通知有关国家驻华使领馆。\n第四百八十条　需要向有关国家驻华使领馆通知有关事项的，应当层报高级人民法院，由高级人民法院按照下列规定通知：\n（一）外国籍当事人国籍国与我国签订有双边领事条约的，根据条约规定办理；未与我国签订双边领事条约，但参加《维也纳领事关系公约》的，根据公约规定办理；未与我国签订领事条约，也未参加《维也纳领事关系公约》，但与我国有外交关系的，可以根据外事主管部门的意见，按照互惠原则，根据有关规定和国际惯例办理；\n（二）在外国驻华领馆领区内发生的涉外刑事案件，通知有关外国驻该地区的领馆；在外国领馆领区外发生的涉外刑事案件，通知有关外国驻华使馆；与我国有外交关系，但未设使领馆的国家，可以通知其代管国家驻华使领馆；无代管国家、代管国家不明的，可以不通知；\n（三）双边领事条约规定通知时限的，应当在规定的期限内通知；没有规定的，应当根据或者参照《维也纳领事关系公约》和国际惯例尽快通知，至迟不得超过七日；\n（四）双边领事条约没有规定必须通知，外国籍当事人要求不通知其国籍国驻华使领馆的，可以不通知，但应当由其本人出具书面声明。\n高级人民法院向外国驻华使领馆通知有关事项，必要时，可以请人民政府外事主管部门协助。\n第四百八十一条　人民法院受理涉外刑事案件后，应当告知在押的外国籍被告人享有与其国籍国驻华使领馆联系，与其监护人、近亲属会见、通信，以及请求人民法院提供翻译的权利。\n第四百八十二条　涉外刑事案件审判期间，外国籍被告人在押，其国籍国驻华使领馆官员要求探视的，可以向受理案件的人民法院所在地的高级人民法院提出。人民法院应当根据我国与被告人国籍国签订的双边领事条约规定的时限予以安排；没有条约规定的，应当尽快安排。必要时，可以请人民政府外事主管部门协助。\n涉外刑事案件审判期间，外国籍被告人在押，其监护人、近亲属申请会见的，可以向受理案件的人民法院所在地的高级人民法院提出，并依照本解释第四百八十六条的规定提供与被告人关系的证明。人民法院经审查认为不妨碍案件审判的，可以批准。\n被告人拒绝接受探视、会见的，应当由其本人出具书面声明。拒绝出具书面声明的，应当记录在案；必要时，应当录音录像。\n探视、会见被告人应当遵守我国法律规定。\n第四百八十三条　人民法院审理涉外刑事案件，应当公开进行，但依法不应公开审理的除外。\n公开审理的涉外刑事案件，外国籍当事人国籍国驻华使领馆官员要求旁听的，可以向受理案件的人民法院所在地的高级人民法院提出申请，人民法院应当安排。\n第四百八十四条　人民法院审判涉外刑事案件，使用中华人民共和国通用的语言、文字，应当为外国籍当事人提供翻译。翻译人员应当在翻译文件上签名。\n人民法院的诉讼文书为中文本。外国籍当事人不通晓中文的，应当附有外文译本，译本不加盖人民法院印章，以中文本为准。\n外国籍当事人通晓中国语言、文字，拒绝他人翻译，或者不需要诉讼文书外文译本的，应当由其本人出具书面声明。拒绝出具书面声明的，应当记录在案；必要时，应当录音录像。\n第四百八十五条　外国籍被告人委托律师辩护，或者外国籍附带民事诉讼原告人、自诉人委托律师代理诉讼的，应当委托具有中华人民共和国律师资格并依法取得执业证书的律师。\n外国籍被告人在押的，其监护人、近亲属或者其国籍国驻华使领馆可以代为委托辩护人。其监护人、近亲属代为委托的，应当提供与被告人关系的有效证明。\n外国籍当事人委托其监护人、近亲属担任辩护人、诉讼代理人的，被委托人应当提供与当事人关系的有效证明。经审查，符合刑事诉讼法、有关司法解释规定的，人民法院应当准许。\n外国籍被告人没有委托辩护人的，人民法院可以通知法律援助机构为其指派律师提供辩护。被告人拒绝辩护人辩护的，应当由其出具书面声明，或者将其口头声明记录在案；必要时，应当录音录像。被告人属于应当提供法律援助情形的，依照本解释第五十条规定处理。\n第四百八十六条　外国籍当事人从中华人民共和国领域外寄交或者托交给中国律师或者中国公民的委托书，以及外国籍当事人的监护人、近亲属提供的与当事人关系的证明，必须经所在国公证机关证明，所在国中央外交主管机关或者其授权机关认证，并经中华人民共和国驻该国使领馆认证，或者履行中华人民共和国与该所在国订立的有关条约中规定的证明手续，但我国与该国之间有互免认证协定的除外。\n第四百八十七条　对涉外刑事案件的被告人，可以决定限制出境；对开庭审理案件时必须到庭的证人，可以要求暂缓出境。限制外国人出境的，应当通报同级人民政府外事主管部门和当事人国籍国驻华使领馆。\n人民法院决定限制外国人和中国公民出境的，应当书面通知被限制出境的人在案件审理终结前不得离境，并可以采取扣留护照或者其他出入境证件的办法限制其出境；扣留证件的，应当履行必要手续，并发给本人扣留证件的证明。\n需要对外国人和中国公民在口岸采取边控措施的，受理案件的人民法院应当按照规定制作边控对象通知书，并附有关法律文书，层报高级人民法院办理交控手续。紧急情况下，需要采取临时边控措施的，受理案件的人民法院可以先向有关口岸所在地出入境边防检查机关交控，但应当在七日以内按照规定层报高级人民法院办理手续。\n第四百八十八条　涉外刑事案件，符合刑事诉讼法第二百零八条第一款、第二百四十三条规定的，经有关人民法院批准或者决定，可以延长审理期限。\n第四百八十九条　涉外刑事案件宣判后，外国籍当事人国籍国驻华使领馆要求提供裁判文书的，可以向受理案件的人民法院所在地的高级人民法院提出，人民法院可以提供。\n第四百九十条　涉外刑事案件审理过程中的其他事项，依照法律、司法解释和其他有关规定办理。\n第二节　刑事司法协助\n第四百九十一条　请求和提供司法协助，应当依照《中华人民共和国国际刑事司法协助法》、我国与有关国家、地区签订的刑事司法协助条约、移管被判刑人条约和有关法律规定进行。\n对请求书的签署机关、请求书及所附材料的语言文字、有关办理期限和具体程序等事项，在不违反中华人民共和国法律的基本原则的情况下，可以按照刑事司法协助条约规定或者双方协商办理。\n第四百九十二条　外国法院请求的事项有损中华人民共和国的主权、安全、社会公共利益以及违反中华人民共和国法律的基本原则的，人民法院不予协助；属于有关法律规定的可以拒绝提供刑事司法协助情形的，可以不予协助。\n第四百九十三条　人民法院请求外国提供司法协助的，应当层报最高人民法院，经最高人民法院审核同意后交由有关对外联系机关及时向外国提出请求。\n外国法院请求我国提供司法协助，有关对外联系机关认为属于人民法院职权范围的，经最高人民法院审核同意后转有关人民法院办理。\n第四百九十四条　人民法院请求外国提供司法协助的请求书，应当依照刑事司法协助条约的规定提出；没有条约或者条约没有规定的，应当载明法律规定的相关信息并附相关材料。请求书及其所附材料应当以中文制作,并附有被请求国官方文字的译本。\n外国请求我国法院提供司法协助的请求书，应当依照刑事司法协助条约的规定提出；没有条约或者条约没有规定的，应当载明我国法律规定的相关信息并附相关材料。请求书及所附材料应当附有中文译本。\n第四百九十五条　人民法院向在中华人民共和国领域外居住的当事人送达刑事诉讼文书，可以采用下列方式：\n（一）根据受送达人所在国与中华人民共和国缔结或者共同参加的国际条约规定的方式送达；\n（二）通过外交途径送达;\n（三）对中国籍当事人，所在国法律允许或者经所在国同意的，可以委托我国驻受送达人所在国的使领馆代为送达；\n（四）当事人是自诉案件的自诉人或者附带民事诉讼原告人的，可以向有权代其接受送达的诉讼代理人送达；\n（五）当事人是外国单位的，可以向其在中华人民共和国领域内设立的代表机构或者有权接受送达的分支机构、业务代办人送达；\n（六）受送达人所在国法律允许的，可以邮寄送达；自邮寄之日起满三个月，送达回证未退回，但根据各种情况足以认定已经送达的，视为送达；\n（七）受送达人所在国法律允许的，可以采用传真、电子邮件等能够确认受送达人收悉的方式送达。\n第四百九十六条　人民法院通过外交途径向在中华人民共和国领域外居住的受送达人送达刑事诉讼文书的，所送达的文书应当经高级人民法院审查后报最高人民法院审核。最高人民法院认为可以发出的，由最高人民法院交外交部主管部门转递。\n外国法院通过外交途径请求人民法院送达刑事诉讼文书的，由该国驻华使馆将法律文书交我国外交部主管部门转最高人民法院。最高人民法院审核后认为属于人民法院职权范围，且可以代为送达的，应当转有关人民法院办理。\n第二十一章　执行程序\n第一节　死刑的执行\n第四百九十七条　被判处死刑缓期执行的罪犯，在死刑缓期执行期间犯罪的，应当由罪犯服刑地的中级人民法院依法审判，所作的判决可以上诉、抗诉。\n认定故意犯罪，情节恶劣，应当执行死刑的，在判决、裁定发生法律效力后，应当层报最高人民法院核准执行死刑。\n对故意犯罪未执行死刑的，不再报高级人民法院核准，死刑缓期执行的期间重新计算，并层报最高人民法院备案。备案不影响判决、裁定的生效和执行。\n最高人民法院经备案审查，认为原判不予执行死刑错误，确需改判的，应当依照审判监督程序予以纠正。\n第四百九十八条　死刑缓期执行的期间，从判决或者裁定核准死刑缓期执行的法律文书宣告或者送达之日起计算。\n死刑缓期执行期满，依法应当减刑的，人民法院应当及时减刑。死刑缓期执行期满减为无期徒刑、有期徒刑的，刑期自死刑缓期执行期满之日起计算。\n第四百九十九条　最高人民法院的执行死刑命令，由高级人民法院交付第一审人民法院执行。第一审人民法院接到执行死刑命令后，应当在七日以内执行。\n在死刑缓期执行期间故意犯罪，最高人民法院核准执行死刑的，由罪犯服刑地的中级人民法院执行。\n第五百条　下级人民法院在接到执行死刑命令后、执行前，发现有下列情形之一的，应当暂停执行，并立即将请求停止执行死刑的报告和相关材料层报最高人民法院：\n（一）罪犯可能有其他犯罪的；\n（二）共同犯罪的其他犯罪嫌疑人到案，可能影响罪犯量刑的；\n（三）共同犯罪的其他罪犯被暂停或者停止执行死刑，可能影响罪犯量刑的；\n（四）罪犯揭发重大犯罪事实或者有其他重大立功表现，可能需要改判的；\n（五）罪犯怀孕的；\n（六）判决、裁定可能有影响定罪量刑的其他错误的。\n最高人民法院经审查，认为可能影响罪犯定罪量刑的，应当裁定停止执行死刑；认为不影响的，应当决定继续执行死刑。\n第五百零一条　最高人民法院在执行死刑命令签发后、执行前，发现有前条第一款规定情形的，应当立即裁定停止执行死刑，并将有关材料移交下级人民法院。\n第五百零二条　下级人民法院接到最高人民法院停止执行死刑的裁定后，应当会同有关部门调查核实停止执行死刑的事由，并及时将调查结果和意见层报最高人民法院审核。\n第五百零三条　对下级人民法院报送的停止执行死刑的调查结果和意见，由最高人民法院原作出核准死刑判决、裁定的合议庭负责审查；必要时，另行组成合议庭进行审查。\n第五百零四条　最高人民法院对停止执行死刑的案件，应当按照下列情形分别处理：\n（一）确认罪犯怀孕的，应当改判；\n（二）确认罪犯有其他犯罪，依法应当追诉的，应当裁定不予核准死刑，撤销原判，发回重新审判；\n（三）确认原判决、裁定有错误或者罪犯有重大立功表现，需要改判的，应当裁定不予核准死刑，撤销原判，发回重新审判；\n（四）确认原判决、裁定没有错误，罪犯没有重大立功表现，或者重大立功表现不影响原判决、裁定执行的，应当裁定继续执行死刑，并由院长重新签发执行死刑的命令。\n第五百零五条　第一审人民法院在执行死刑前，应当告知罪犯有权会见其近亲属。罪犯申请会见并提供具体联系方式的，人民法院应当通知其近亲属。确实无法与罪犯近亲属取得联系，或者其近亲属拒绝会见的，应当告知罪犯。罪犯申请通过录音录像等方式留下遗言的，人民法院可以准许。\n罪犯近亲属申请会见的，人民法院应当准许并及时安排，但罪犯拒绝会见的除外。罪犯拒绝会见的，应当记录在案并及时告知其近亲属；必要时，应当录音录像。\n罪犯申请会见近亲属以外的亲友，经人民法院审查，确有正当理由的，在确保安全的情况下可以准许。\n罪犯申请会见未成年子女的，应当经未成年子女的监护人同意；会见可能影响未成年人身心健康的，人民法院可以通过视频方式安排会见，会见时监护人应当在场。\n会见一般在罪犯羁押场所进行。\n会见情况应当记录在案，附卷存档。\n第五百零六条　第一审人民法院在执行死刑三日以前，应当通知同级人民检察院派员临场监督。\n第五百零七条　死刑采用枪决或者注射等方法执行。\n采用注射方法执行死刑的，应当在指定的刑场或者羁押场所内执行。\n采用枪决、注射以外的其他方法执行死刑的，应当事先层报最高人民法院批准。\n第五百零八条　执行死刑前，指挥执行的审判人员应当对罪犯验明正身，讯问有无遗言、信札，并制作笔录，再交执行人员执行死刑。\n执行死刑应当公布，禁止游街示众或者其他有辱罪犯人格的行为。\n第五百零九条　执行死刑后，应当由法医验明罪犯确实死亡，在场书记员制作笔录。负责执行的人民法院应当在执行死刑后十五日以内将执行情况，包括罪犯被执行死刑前后的照片，上报最高人民法院。\n第五百一十条　执行死刑后，负责执行的人民法院应当办理以下事项：\n（一）对罪犯的遗书、遗言笔录，应当及时审查；涉及财产继承、债务清偿、家事嘱托等内容的，将遗书、遗言笔录交给家属，同时复制附卷备查；涉及案件线索等问题的，抄送有关机关；\n（二）通知罪犯家属在限期内领取罪犯骨灰；没有火化条件或者因民族、宗教等原因不宜火化的，通知领取尸体；过期不领取的，由人民法院通知有关单位处理，并要求有关单位出具处理情况的说明；对罪犯骨灰或者尸体的处理情况，应当记录在案；\n（三）对外国籍罪犯执行死刑后，通知外国驻华使领馆的程序和时限，根据有关规定办理。\n第二节　死刑缓期执行、无期徒刑、有期徒刑、拘役的交付执行\n第五百一十一条　被判处死刑缓期执行、无期徒刑、有期徒刑、拘役的罪犯，第一审人民法院应当在判决、裁定生效后十日以内，将判决书、裁定书、起诉书副本、自诉状复印件、执行通知书、结案登记表送达公安机关、监狱或者其他执行机关。\n第五百一十二条　同案审理的案件中，部分被告人被判处死刑，对未被判处死刑的同案被告人需要羁押执行刑罚的，应当根据前条规定及时交付执行。但是，该同案被告人参与实施有关死刑之罪的，应当在复核讯问被判处死刑的被告人后交付执行。\n第五百一十三条　执行通知书回执经看守所盖章后，应当附卷备查。\n第五百一十四条　罪犯在被交付执行前，因有严重疾病、怀孕或者正在哺乳自己婴儿的妇女、生活不能自理的原因，依法提出暂予监外执行的申请的，有关病情诊断、妊娠检查和生活不能自理的鉴别，由人民法院负责组织进行。\n第五百一十五条　被判处无期徒刑、有期徒刑或者拘役的罪犯，符合刑事诉讼法第二百六十五条第一款、第二款的规定，人民法院决定暂予监外执行的，应当制作暂予监外执行决定书，写明罪犯基本情况、判决确定的罪名和刑罚、决定暂予监外执行的原因、依据等。\n人民法院在作出暂予监外执行决定前，应当征求人民检察院的意见。\n人民检察院认为人民法院的暂予监外执行决定不当，在法定期限内提出书面意见的，人民法院应当立即对该决定重新核查，并在一个月以内作出决定。\n对暂予监外执行的罪犯，适用本解释第五百一十九条的有关规定，依法实行社区矫正。\n人民法院决定暂予监外执行的，由看守所或者执行取保候审、监视居住的公安机关自收到决定之日起十日以内将罪犯移送社区矫正机构。\n第五百一十六条　人民法院收到社区矫正机构的收监执行建议书后，经审查，确认暂予监外执行的罪犯具有下列情形之一的，应当作出收监执行的决定：\n（一）不符合暂予监外执行条件的；\n（二）未经批准离开所居住的市、县，经警告拒不改正，或者拒不报告行踪，脱离监管的；\n（三）因违反监督管理规定受到治安管理处罚，仍不改正的；\n（四）受到执行机关两次警告，仍不改正的；\n（五）保外就医期间不按规定提交病情复查情况，经警告拒不改正的；\n（六）暂予监外执行的情形消失后，刑期未满的；\n（七）保证人丧失保证条件或者因不履行义务被取消保证人资格，不能在规定期限内提出新的保证人的；\n（八）违反法律、行政法规和监督管理规定，情节严重的其他情形。\n第五百一十七条　人民法院应当在收到社区矫正机构的收监执行建议书后三十日以内作出决定。收监执行决定书一经作出，立即生效。\n人民法院应当将收监执行决定书送达社区矫正机构和公安机关，并抄送人民检察院，由公安机关将罪犯交付执行。\n第五百一十八条　被收监执行的罪犯有不计入执行刑期情形的，人民法院应当在作出收监决定时，确定不计入执行刑期的具体时间。\n第三节　管制、缓刑、剥夺政治权利的交付执行\n第五百一十九条　对被判处管制、宣告缓刑的罪犯，人民法院应当依法确定社区矫正执行地。社区矫正执行地为罪犯的居住地；罪犯在多个地方居住的，可以确定其经常居住地为执行地；罪犯的居住地、经常居住地无法确定或者不适宜执行社区矫正的，应当根据有利于罪犯接受矫正、更好地融入社会的原则，确定执行地。\n宣判时，应当告知罪犯自判决、裁定生效之日起十日以内到执行地社区矫正机构报到，以及不按期报到的后果。\n人民法院应当自判决、裁定生效之日起五日以内通知执行地社区矫正机构，并在十日以内将判决书、裁定书、执行通知书等法律文书送达执行地社区矫正机构，同时抄送人民检察院和执行地公安机关。人民法院与社区矫正执行地不在同一地方的，由执行地社区矫正机构将法律文书转送所在地的人民检察院和公安机关。\n第五百二十条　对单处剥夺政治权利的罪犯，人民法院应当在判决、裁定生效后十日以内，将判决书、裁定书、执行通知书等法律文书送达罪犯居住地的县级公安机关，并抄送罪犯居住地的县级人民检察院。\n第四节　刑事裁判涉财产部分和附带民事裁判的执行\n第五百二十一条　刑事裁判涉财产部分的执行，是指发生法律效力的刑事裁判中下列判项的执行：\n（一）罚金、没收财产；\n（二）追缴、责令退赔违法所得；\n（三）处置随案移送的赃款赃物；\n（四）没收随案移送的供犯罪所用本人财物；\n（五）其他应当由人民法院执行的相关涉财产的判项。\n第五百二十二条　刑事裁判涉财产部分和附带民事裁判应当由人民法院执行的，由第一审人民法院负责裁判执行的机构执行。\n第五百二十三条　罚金在判决规定的期限内一次或者分期缴纳。期满无故不缴纳或者未足额缴纳的，人民法院应当强制缴纳。经强制缴纳仍不能全部缴纳的，在任何时候，包括主刑执行完毕后，发现被执行人有可供执行的财产的，应当追缴。\n行政机关对被告人就同一事实已经处以罚款的，人民法院判处罚金时应当折抵，扣除行政处罚已执行的部分。\n第五百二十四条　因遭遇不能抗拒的灾祸等原因缴纳罚金确有困难，被执行人申请延期缴纳、酌情减少或者免除罚金的，应当提交相关证明材料。人民法院应当在收到申请后一个月以内作出裁定。符合法定条件的，应当准许；不符合条件的，驳回申请。\n第五百二十五条　判处没收财产的，判决生效后，应当立即执行。\n第五百二十六条　执行财产刑，应当参照被扶养人住所地政府公布的上年度当地居民最低生活费标准，保留被执行人及其所扶养人的生活必需费用。\n第五百二十七条　被判处财产刑，同时又承担附带民事赔偿责任的被执行人，应当先履行民事赔偿责任。\n第五百二十八条　执行刑事裁判涉财产部分、附带民事裁判过程中，当事人、利害关系人认为执行行为违反法律规定，或者案外人对被执行标的书面提出异议的，人民法院应当参照民事诉讼法的有关规定处理。\n第五百二十九条　执行刑事裁判涉财产部分、附带民事裁判过程中，具有下列情形之一的，人民法院应当裁定终结执行：\n（一）据以执行的判决、裁定被撤销的；\n（二）被执行人死亡或者被执行死刑，且无财产可供执行的；\n（三）被判处罚金的单位终止，且无财产可供执行的；\n（四）依照刑法第五十三条规定免除罚金的；\n（五）应当终结执行的其他情形。\n裁定终结执行后，发现被执行人的财产有被隐匿、转移等情形的，应当追缴。\n第五百三十条　被执行财产在外地的，第一审人民法院可以委托财产所在地的同级人民法院执行。\n第五百三十一条　刑事裁判涉财产部分、附带民事裁判全部或者部分被撤销的，已经执行的财产应当全部或者部分返还被执行人；无法返还的，应当依法赔偿。\n第五百三十二条　刑事裁判涉财产部分、附带民事裁判的执行，刑事诉讼法及有关刑事司法解释没有规定的，参照适用民事执行的有关规定。\n第五节　减刑、假释案件的审理\n第五百三十三条　被判处死刑缓期执行的罪犯，在死刑缓期执行期间，没有故意犯罪的，死刑缓期执行期满后，应当裁定减刑；死刑缓期执行期满后，尚未裁定减刑前又犯罪的，应当在依法减刑后，对其所犯新罪另行审判。\n第五百三十四条　对减刑、假释案件，应当按照下列情形分别处理：\n（一）对被判处死刑缓期执行的罪犯的减刑，由罪犯服刑地的高级人民法院在收到同级监狱管理机关审核同意的减刑建议书后一个月以内作出裁定；\n（二）对被判处无期徒刑的罪犯的减刑、假释，由罪犯服刑地的高级人民法院在收到同级监狱管理机关审核同意的减刑、假释建议书后一个月以内作出裁定，案情复杂或者情况特殊的，可以延长一个月；\n（三）对被判处有期徒刑和被减为有期徒刑的罪犯的减刑、假释，由罪犯服刑地的中级人民法院在收到执行机关提出的减刑、假释建议书后一个月以内作出裁定，案情复杂或者情况特殊的，可以延长一个月；\n（四）对被判处管制、拘役的罪犯的减刑，由罪犯服刑地的中级人民法院在收到同级执行机关审核同意的减刑建议书后一个月以内作出裁定。\n对社区矫正对象的减刑，由社区矫正执行地的中级以上人民法院在收到社区矫正机构减刑建议书后三十日以内作出裁定。\n第五百三十五条　受理减刑、假释案件，应当审查执行机关移送的材料是否包括下列内容：\n（一）减刑、假释建议书；\n（二）原审法院的裁判文书、执行通知书、历次减刑裁定书的复制件；\n（三）证明罪犯确有悔改、立功或者重大立功表现具体事实的书面材料；\n（四）罪犯评审鉴定表、奖惩审批表等；\n（五）罪犯假释后对所居住社区影响的调查评估报告；\n（六）刑事裁判涉财产部分、附带民事裁判的执行、履行情况；\n（七）根据案件情况需要移送的其他材料。\n人民检察院对报请减刑、假释案件提出意见的，执行机关应当一并移送受理减刑、假释案件的人民法院。\n经审查，材料不全的，应当通知提请减刑、假释的执行机关在三日以内补送；逾期未补送的，不予立案。\n第五百三十六条　审理减刑、假释案件，对罪犯积极履行刑事裁判涉财产部分、附带民事裁判确定的义务的，可以认定有悔改表现，在减刑、假释时从宽掌握；对确有履行能力而不履行或者不全部履行的，在减刑、假释时从严掌握。\n第五百三十七条　审理减刑、假释案件，应当在立案后五日以内对下列事项予以公示：\n（一）罪犯的姓名、年龄等个人基本情况；\n（二）原判认定的罪名和刑期；\n（三）罪犯历次减刑情况；\n（四）执行机关的减刑、假释建议和依据。\n公示应当写明公示期限和提出意见的方式。\n第五百三十八条　审理减刑、假释案件，应当组成合议庭，可以采用书面审理的方式，但下列案件应当开庭审理：\n（一）因罪犯有重大立功表现提请减刑的；\n（二）提请减刑的起始时间、间隔时间或者减刑幅度不符合一般规定的；\n（三）被提请减刑、假释罪犯系职务犯罪罪犯，组织、领导、参加、包庇、纵容黑社会性质组织罪犯，破坏金融管理秩序罪犯或者金融诈骗罪犯的；\n（四）社会影响重大或者社会关注度高的；\n（五）公示期间收到不同意见的；\n（六）人民检察院提出异议的；\n（七）有必要开庭审理的其他案件。\n第五百三十九条　人民法院作出减刑、假释裁定后，应当在七日以内送达提请减刑、假释的执行机关、同级人民检察院以及罪犯本人。人民检察院认为减刑、假释裁定不当，在法定期限内提出书面纠正意见的，人民法院应当在收到意见后另行组成合议庭审理，并在一个月以内作出裁定。\n对假释的罪犯，适用本解释第五百一十九条的有关规定，依法实行社区矫正。\n第五百四十条　减刑、假释裁定作出前，执行机关书面提请撤回减刑、假释建议的，人民法院可以决定是否准许。\n第五百四十一条　人民法院发现本院已经生效的减刑、假释裁定确有错误的，应当另行组成合议庭审理；发现下级人民法院已经生效的减刑、假释裁定确有错误的，可以指令下级人民法院另行组成合议庭审理，也可以自行组成合议庭审理。\n第六节　缓刑、假释的撤销\n第五百四十二条　罪犯在缓刑、假释考验期限内犯新罪或者被发现在判决宣告前还有其他罪没有判决，应当撤销缓刑、假释的，由审判新罪的人民法院撤销原判决、裁定宣告的缓刑、假释，并书面通知原审人民法院和执行机关。\n第五百四十三条　人民法院收到社区矫正机构的撤销缓刑建议书后，经审查，确认罪犯在缓刑考验期限内具有下列情形之一的，应当作出撤销缓刑的裁定：\n（一）违反禁止令，情节严重的；\n（二）无正当理由不按规定时间报到或者接受社区矫正期间脱离监管，超过一个月的；\n（三）因违反监督管理规定受到治安管理处罚，仍不改正的；\n（四）受到执行机关二次警告，仍不改正的；\n（五）违反法律、行政法规和监督管理规定，情节严重的其他情形。\n人民法院收到社区矫正机构的撤销假释建议书后，经审查，确认罪犯在假释考验期限内具有前款第二项、第四项规定情形之一，或者有其他违反监督管理规定的行为，尚未构成新的犯罪的，应当作出撤销假释的裁定。\n第五百四十四条　被提请撤销缓刑、假释的罪犯可能逃跑或者可能发生社会危险，社区矫正机构在提出撤销缓刑、假释建议的同时，提请人民法院决定对其予以逮捕的，人民法院应当在四十八小时以内作出是否逮捕的决定。决定逮捕的，由公安机关执行。逮捕后的羁押期限不得超过三十日。\n第五百四十五条　人民法院应当在收到社区矫正机构的撤销缓刑、假释建议书后三十日以内作出裁定。撤销缓刑、假释的裁定一经作出，立即生效。\n人民法院应当将撤销缓刑、假释裁定书送达社区矫正机构和公安机关，并抄送人民检察院，由公安机关将罪犯送交执行。执行以前被逮捕的，羁押一日折抵刑期一日。\n第二十二章　未成年人刑事案件诉讼程序\n第一节　一般规定\n第五百四十六条　人民法院审理未成年人刑事案件，应当贯彻教育、感化、挽救的方针，坚持教育为主、惩罚为辅的原则，加强对未成年人的特殊保护。\n第五百四十七条　人民法院应当加强同政府有关部门、人民团体、社会组织等的配合，推动未成年人刑事案件人民陪审、情况调查、安置帮教等工作的开展，充分保障未成年人的合法权益，积极参与社会治安综合治理。\n第五百四十八条　人民法院应当加强同政府有关部门、人民团体、社会组织等的配合，对遭受性侵害或者暴力伤害的未成年被害人及其家庭实施必要的心理干预、经济救助、法律援助、转学安置等保护措施。\n第五百四十九条　人民法院应当确定专门机构或者指定专门人员，负责审理未成年人刑事案件。审理未成年人刑事案件的人员应当经过专门培训，熟悉未成年人身心特点、善于做未成年人思想教育工作。\n参加审理未成年人刑事案件的人民陪审员，可以从熟悉未成年人身心特点、关心未成年人保护工作的人民陪审员名单中随机抽取确定。\n第五百五十条　被告人实施被指控的犯罪时不满十八周岁、人民法院立案时不满二十周岁的案件，由未成年人案件审判组织审理。\n下列案件可以由未成年人案件审判组织审理：\n（一）人民法院立案时不满二十二周岁的在校学生犯罪案件；\n（二）强奸、猥亵、虐待、遗弃未成年人等侵害未成年人人身权利的犯罪案件；\n（三）由未成年人案件审判组织审理更为适宜的其他案件。\n共同犯罪案件有未成年被告人的或者其他涉及未成年人的刑事案件，是否由未成年人案件审判组织审理，由院长根据实际情况决定。\n第五百五十一条　对分案起诉至同一人民法院的未成年人与成年人共同犯罪案件，可以由同一个审判组织审理；不宜由同一个审判组织审理的，可以分别审理。\n未成年人与成年人共同犯罪案件，由不同人民法院或者不同审判组织分别审理的，有关人民法院或者审判组织应当互相了解共同犯罪被告人的审判情况，注意全案的量刑平衡。\n第五百五十二条　对未成年人刑事案件，必要时，上级人民法院可以根据刑事诉讼法第二十七条的规定，指定下级人民法院将案件移送其他人民法院审判。\n第五百五十三条　对未成年被告人应当严格限制适用逮捕措施。\n人民法院决定逮捕，应当讯问未成年被告人，听取辩护律师的意见。\n对被逮捕且没有完成义务教育的未成年被告人，人民法院应当与教育行政部门互相配合，保证其接受义务教育。\n第五百五十四条　人民法院对无固定住所、无法提供保证人的未成年被告人适用取保候审的，应当指定合适成年人作为保证人，必要时可以安排取保候审的被告人接受社会观护。\n第五百五十五条　人民法院审理未成年人刑事案件，在讯问和开庭时，应当通知未成年被告人的法定代理人到场。法定代理人无法通知、不能到场或者是共犯的，也可以通知合适成年人到场,并将有关情况记录在案。\n到场的法定代理人或者其他人员，除依法行使刑事诉讼法第二百八十一条第二款规定的权利外，经法庭同意，可以参与对未成年被告人的法庭教育等工作。\n适用简易程序审理未成年人刑事案件，适用前两款规定。\n第五百五十六条　询问未成年被害人、证人，适用前条规定。\n审理未成年人遭受性侵害或者暴力伤害案件，在询问未成年被害人、证人时，应当采取同步录音录像等措施，尽量一次完成；未成年被害人、证人是女性的，应当由女性工作人员进行。\n第五百五十七条　开庭审理时被告人不满十八周岁的案件，一律不公开审理。经未成年被告人及其法定代理人同意，未成年被告人所在学校和未成年人保护组织可以派代表到场。到场代表的人数和范围，由法庭决定。经法庭同意，到场代表可以参与对未成年被告人的法庭教育工作。\n对依法公开审理，但可能需要封存犯罪记录的案件，不得组织人员旁听；有旁听人员的，应当告知其不得传播案件信息。\n第五百五十八条　开庭审理涉及未成年人的刑事案件，未成年被害人、证人一般不出庭作证；必须出庭的，应当采取保护其隐私的技术手段和心理干预等保护措施。\n第五百五十九条　审理涉及未成年人的刑事案件，不得向外界披露未成年人的姓名、住所、照片以及可能推断出未成年人身份的其他资料。\n查阅、摘抄、复制的案卷材料，涉及未成年人的，不得公开和传播。\n第五百六十条　人民法院发现有关单位未尽到未成年人教育、管理、救助、看护等保护职责的，应当向该单位提出司法建议。\n第五百六十一条　人民法院应当结合实际，根据涉及未成年人刑事案件的特点，开展未成年人法治宣传教育工作。\n第五百六十二条　审理未成年人刑事案件，本章没有规定的，适用本解释的有关规定。\n第二节　开庭准备\n第五百六十三条　人民法院向未成年被告人送达起诉书副本时，应当向其讲明被指控的罪行和有关法律规定，并告知其审判程序和诉讼权利、义务。\n第五百六十四条　审判时不满十八周岁的未成年被告人没有委托辩护人的，人民法院应当通知法律援助机构指派熟悉未成年人身心特点的律师为其提供辩护。\n第五百六十五条　未成年被害人及其法定代理人因经济困难或者其他原因没有委托诉讼代理人的，人民法院应当帮助其申请法律援助。\n第五百六十六条　对未成年人刑事案件，人民法院决定适用简易程序审理的，应当征求未成年被告人及其法定代理人、辩护人的意见。上述人员提出异议的，不适用简易程序。\n第五百六十七条　被告人实施被指控的犯罪时不满十八周岁，开庭时已满十八周岁、不满二十周岁的，人民法院开庭时，一般应当通知其近亲属到庭。经法庭同意，近亲属可以发表意见。近亲属无法通知、不能到场或者是共犯的，应当记录在案。\n第五百六十八条　对人民检察院移送的关于未成年被告人性格特点、家庭情况、社会交往、成长经历、犯罪原因、犯罪前后的表现、监护教育等情况的调查报告，以及辩护人提交的反映未成年被告人上述情况的书面材料，法庭应当接受。\n必要时，人民法院可以委托社区矫正机构、共青团、社会组织等对未成年被告人的上述情况进行调查，或者自行调查。\n第五百六十九条　人民法院根据情况，可以对未成年被告人、被害人、证人进行心理疏导；根据实际需要并经未成年被告人及其法定代理人同意，可以对未成年被告人进行心理测评。\n心理疏导、心理测评可以委托专门机构、专业人员进行。\n心理测评报告可以作为办理案件和教育未成年人的参考。\n第五百七十条　开庭前和休庭时，法庭根据情况，可以安排未成年被告人与其法定代理人或者合适成年人会见。\n第三节　审判\n第五百七十一条　人民法院应当在辩护台靠近旁听区一侧为未成年被告人的法定代理人或者合适成年人设置席位。\n审理可能判处五年有期徒刑以下刑罚或者过失犯罪的未成年人刑事案件，可以采取适合未成年人特点的方式设置法庭席位。\n第五百七十二条　未成年被告人或者其法定代理人当庭拒绝辩护人辩护的，适用本解释第三百一十一条第二款、第三款的规定。\n重新开庭后，未成年被告人或者其法定代理人再次当庭拒绝辩护人辩护的，不予准许。重新开庭时被告人已满十八周岁的，可以准许，但不得再另行委托辩护人或者要求另行指派律师，由其自行辩护。\n第五百七十三条　法庭审理过程中，审判人员应当根据未成年被告人的智力发育程度和心理状态，使用适合未成年人的语言表达方式。\n发现有对未成年被告人威胁、训斥、诱供或者讽刺等情形的，审判长应当制止。\n第五百七十四条　控辩双方提出对未成年被告人判处管制、宣告缓刑等量刑建议的，应当向法庭提供有关未成年被告人能够获得监护、帮教以及对所居住社区无重大不良影响的书面材料。\n第五百七十五条　对未成年被告人情况的调查报告，以及辩护人提交的有关未成年被告人情况的书面材料，法庭应当审查并听取控辩双方意见。上述报告和材料可以作为办理案件和教育未成年人的参考。\n人民法院可以通知作出调查报告的人员出庭说明情况，接受控辩双方和法庭的询问。\n第五百七十六条　法庭辩论结束后，法庭可以根据未成年人的生理、心理特点和案件情况，对未成年被告人进行法治教育；判决未成年被告人有罪的，宣判后，应当对未成年被告人进行法治教育。\n对未成年被告人进行教育，其法定代理人以外的成年亲属或者教师、辅导员等参与有利于感化、挽救未成年人的，人民法院应当邀请其参加有关活动。\n适用简易程序审理的案件，对未成年被告人进行法庭教育，适用前两款规定。\n第五百七十七条　未成年被告人最后陈述后，法庭应当询问其法定代理人是否补充陈述。\n第五百七十八条　对未成年人刑事案件，宣告判决应当公开进行。\n对依法应当封存犯罪记录的案件，宣判时，不得组织人员旁听；有旁听人员的，应当告知其不得传播案件信息。\n第五百七十九条　定期宣告判决的未成年人刑事案件，未成年被告人的法定代理人无法通知、不能到场或者是共犯的，法庭可以通知合适成年人到庭，并在宣判后向未成年被告人的成年亲属送达判决书。\n第四节　执行\n第五百八十条　将未成年罪犯送监执行刑罚或者送交社区矫正时，人民法院应当将有关未成年罪犯的调查报告及其在案件审理中的表现材料，连同有关法律文书，一并送达执行机关。\n第五百八十一条　犯罪时不满十八周岁，被判处五年有期徒刑以下刑罚以及免予刑事处罚的未成年人的犯罪记录，应当封存。\n司法机关或者有关单位向人民法院申请查询封存的犯罪记录的，应当提供查询的理由和依据。对查询申请，人民法院应当及时作出是否同意的决定。\n第五百八十二条　人民法院可以与未成年犯管教所等服刑场所建立联系，了解未成年罪犯的改造情况，协助做好帮教、改造工作，并可以对正在服刑的未成年罪犯进行回访考察。\n第五百八十三条　人民法院认为必要时，可以督促被收监服刑的未成年罪犯的父母或者其他监护人及时探视。\n第五百八十四条　对被判处管制、宣告缓刑、裁定假释、决定暂予监外执行的未成年罪犯，人民法院可以协助社区矫正机构制定帮教措施。\n第五百八十五条　人民法院可以适时走访被判处管制、宣告缓刑、免予刑事处罚、裁定假释、决定暂予监外执行等的未成年罪犯及其家庭，了解未成年罪犯的管理和教育情况，引导未成年罪犯的家庭承担管教责任，为未成年罪犯改过自新创造良好环境。\n第五百八十六条　被判处管制、宣告缓刑、免予刑事处罚、裁定假释、决定暂予监外执行等的未成年罪犯，具备就学、就业条件的，人民法院可以就其安置问题向有关部门提出建议，并附送必要的材料。\n第二十三章　当事人和解的公诉案件诉讼程序\n第五百八十七条　对符合刑事诉讼法第二百八十八条规定的公诉案件，事实清楚、证据充分的，人民法院应当告知当事人可以自行和解；当事人提出申请的，人民法院可以主持双方当事人协商以达成和解。\n根据案件情况，人民法院可以邀请人民调解员、辩护人、诉讼代理人、当事人亲友等参与促成双方当事人和解。\n第五百八十八条　符合刑事诉讼法第二百八十八条规定的公诉案件，被害人死亡的，其近亲属可以与被告人和解。近亲属有多人的，达成和解协议，应当经处于最先继承顺序的所有近亲属同意。\n被害人系无行为能力或者限制行为能力人的，其法定代理人、近亲属可以代为和解。\n第五百八十九条　被告人的近亲属经被告人同意，可以代为和解。\n被告人系限制行为能力人的，其法定代理人可以代为和解。\n被告人的法定代理人、近亲属依照前两款规定代为和解的，和解协议约定的赔礼道歉等事项，应当由被告人本人履行。\n第五百九十条　对公安机关、人民检察院主持制作的和解协议书，当事人提出异议的，人民法院应当审查。经审查，和解自愿、合法的，予以确认，无需重新制作和解协议书；和解违反自愿、合法原则的，应当认定无效。和解协议被认定无效后，双方当事人重新达成和解的，人民法院应当主持制作新的和解协议书。\n第五百九十一条　审判期间，双方当事人和解的，人民法院应当听取当事人及其法定代理人等有关人员的意见。双方当事人在庭外达成和解的，人民法院应当通知人民检察院，并听取其意见。经审查，和解自愿、合法的，应当主持制作和解协议书。\n第五百九十二条　和解协议书应当包括以下内容：\n（一）被告人承认自己所犯罪行，对犯罪事实没有异议，并真诚悔罪；\n（二）被告人通过向被害人赔礼道歉、赔偿损失等方式获得被害人谅解；涉及赔偿损失的，应当写明赔偿的数额、方式等；提起附带民事诉讼的，由附带民事诉讼原告人撤回起诉；\n（三）被害人自愿和解，请求或者同意对被告人依法从宽处罚。\n和解协议书应当由双方当事人和审判人员签名，但不加盖人民法院印章。\n和解协议书一式三份，双方当事人各持一份，另一份交人民法院附卷备查。\n对和解协议中的赔偿损失内容，双方当事人要求保密的，人民法院应当准许，并采取相应的保密措施。\n第五百九十三条　和解协议约定的赔偿损失内容，被告人应当在协议签署后即时履行。\n和解协议已经全部履行，当事人反悔的，人民法院不予支持，但有证据证明和解违反自愿、合法原则的除外。\n第五百九十四条　双方当事人在侦查、审查起诉期间已经达成和解协议并全部履行，被害人或者其法定代理人、近亲属又提起附带民事诉讼的，人民法院不予受理，但有证据证明和解违反自愿、合法原则的除外。\n第五百九十五条　被害人或者其法定代理人、近亲属提起附带民事诉讼后，双方愿意和解，但被告人不能即时履行全部赔偿义务的，人民法院应当制作附带民事调解书。\n第五百九十六条　对达成和解协议的案件，人民法院应当对被告人从轻处罚；符合非监禁刑适用条件的，应当适用非监禁刑；判处法定最低刑仍然过重的，可以减轻处罚；综合全案认为犯罪情节轻微不需要判处刑罚的，可以免予刑事处罚。\n共同犯罪案件，部分被告人与被害人达成和解协议的，可以依法对该部分被告人从宽处罚，但应当注意全案的量刑平衡。\n第五百九十七条　达成和解协议的，裁判文书应当叙明，并援引刑事诉讼法的相关条文。\n第二十四章　缺席审判程序\n第五百九十八条　对人民检察院依照刑事诉讼法第二百九十一条第一款的规定提起公诉的案件，人民法院应当重点审查以下内容：\n（一）是否属于可以适用缺席审判程序的案件范围；\n（二）是否属于本院管辖；\n（三）是否写明被告人的基本情况，包括明确的境外居住地、联系方式等；\n（四）是否写明被告人涉嫌有关犯罪的主要事实，并附证据材料；\n（五）是否写明被告人有无近亲属以及近亲属的姓名、身份、住址、联系方式等情况；\n（六）是否列明违法所得及其他涉案财产的种类、数量、价值、所在地等，并附证据材料；\n（七）是否附有查封、扣押、冻结违法所得及其他涉案财产的清单和相关法律手续。\n前款规定的材料需要翻译件的，人民法院应当要求人民检察院一并移送。\n第五百九十九条　对人民检察院依照刑事诉讼法第二百九十一条第一款的规定提起公诉的案件，人民法院审查后，应当按照下列情形分别处理：\n（一）符合缺席审判程序适用条件，属于本院管辖，且材料齐全的，应当受理；\n（二）不属于可以适用缺席审判程序的案件范围、不属于本院管辖或者不符合缺席审判程序的其他适用条件的，应当退回人民检察院；\n（三）材料不全的，应当通知人民检察院在三十日以内补送；三十日以内不能补送的，应当退回人民检察院。\n第六百条　对人民检察院依照刑事诉讼法第二百九十一条第一款的规定提起公诉的案件，人民法院立案后，应当将传票和起诉书副本送达被告人，传票应当载明被告人到案期限以及不按要求到案的法律后果等事项；应当将起诉书副本送达被告人近亲属，告知其有权代为委托辩护人，并通知其敦促被告人归案。\n第六百零一条　人民法院审理人民检察院依照刑事诉讼法第二百九十一条第一款的规定提起公诉的案件，被告人有权委托或者由近亲属代为委托一至二名辩护人。委托律师担任辩护人的，应当委托具有中华人民共和国律师资格并依法取得执业证书的律师；在境外委托的，应当依照本解释第四百八十六条的规定对授权委托进行公证、认证。\n被告人及其近亲属没有委托辩护人的，人民法院应当通知法律援助机构指派律师为被告人提供辩护。\n被告人及其近亲属拒绝法律援助机构指派的律师辩护的，依照本解释第五十条第二款的规定处理。\n第六百零二条　人民法院审理人民检察院依照刑事诉讼法第二百九十一条第一款的规定提起公诉的案件，被告人的近亲属申请参加诉讼的，应当在收到起诉书副本后、第一审开庭前提出，并提供与被告人关系的证明材料。有多名近亲属的，应当推选一至二人参加诉讼。\n对被告人的近亲属提出申请的，人民法院应当及时审查决定。\n第六百零三条　人民法院审理人民检察院依照刑事诉讼法第二百九十一条第一款的规定提起公诉的案件，参照适用公诉案件第一审普通程序的有关规定。被告人的近亲属参加诉讼的，可以发表意见，出示证据，申请法庭通知证人、鉴定人等出庭，进行辩论。\n第六百零四条　对人民检察院依照刑事诉讼法第二百九十一条第一款的规定提起公诉的案件，人民法院审理后应当参照本解释第二百九十五条的规定作出判决、裁定。\n作出有罪判决的，应当达到证据确实、充分的证明标准。\n经审理认定的罪名不属于刑事诉讼法第二百九十一条第一款规定的罪名的，应当终止审理。\n适用缺席审判程序审理案件，可以对违法所得及其他涉案财产一并作出处理。\n第六百零五条　因被告人患有严重疾病导致缺乏受审能力，无法出庭受审，中止审理超过六个月，被告人仍无法出庭，被告人及其法定代理人、近亲属申请或者同意恢复审理的，人民法院可以根据刑事诉讼法第二百九十六条的规定缺席审判。\n符合前款规定的情形，被告人无法表达意愿的，其法定代理人、近亲属可以代为申请或者同意恢复审理。\n第六百零六条　人民法院受理案件后被告人死亡的，应当裁定终止审理；但有证据证明被告人无罪，经缺席审理确认无罪的，应当判决宣告被告人无罪。\n前款所称“有证据证明被告人无罪，经缺席审理确认无罪”，包括案件事实清楚，证据确实、充分，依据法律认定被告人无罪的情形，以及证据不足，不能认定被告人有罪的情形。\n第六百零七条　人民法院按照审判监督程序重新审判的案件，被告人死亡的，可以缺席审理。有证据证明被告人无罪，经缺席审理确认被告人无罪的，应当判决宣告被告人无罪；虽然构成犯罪，但原判量刑畸重的，应当依法作出判决。\n第六百零八条　人民法院缺席审理案件，本章没有规定的，参照适用本解释的有关规定。\n第二十五章　犯罪嫌疑人、被告人逃匿、死亡案件违法所得的没收程序\n第六百零九条　刑事诉讼法第二百九十八条规定的“贪污贿赂犯罪、恐怖活动犯罪等”犯罪案件，是指下列案件：\n（一）贪污贿赂、失职渎职等职务犯罪案件；\n（二）刑法分则第二章规定的相关恐怖活动犯罪案件，以及恐怖活动组织、恐怖活动人员实施的杀人、爆炸、绑架等犯罪案件；\n（三）危害国家安全、走私、洗钱、金融诈骗、黑社会性质组织、毒品犯罪案件；\n（四）电信诈骗、网络诈骗犯罪案件。\n第六百一十条　在省、自治区、直辖市或者全国范围内具有较大影响的犯罪案件，或者犯罪嫌疑人、被告人逃匿境外的犯罪案件，应当认定为刑事诉讼法第二百九十八条第一款规定的“重大犯罪案件”。\n第六百一十一条　犯罪嫌疑人、被告人死亡，依照刑法规定应当追缴其违法所得及其他涉案财产，人民检察院提出没收违法所得申请的，人民法院应当依法受理。\n第六百一十二条　对人民检察院提出的没收违法所得申请，人民法院应当审查以下内容：\n（一）是否属于可以适用违法所得没收程序的案件范围；\n（二）是否属于本院管辖；\n（三）是否写明犯罪嫌疑人、被告人基本情况，以及涉嫌有关犯罪的情况，并附证据材料；\n（四）是否写明犯罪嫌疑人、被告人逃匿、被通缉、脱逃、下落不明、死亡等情况，并附证据材料；\n（五）是否列明违法所得及其他涉案财产的种类、数量、价值、所在地等，并附证据材料；\n（六）是否附有查封、扣押、冻结违法所得及其他涉案财产的清单和法律手续；\n（七）是否写明犯罪嫌疑人、被告人有无利害关系人，利害关系人的姓名、身份、住址、联系方式及其要求等情况；\n（八）是否写明申请没收的理由和法律依据；\n（九）其他依法需要审查的内容和材料。\n前款规定的材料需要翻译件的，人民法院应当要求人民检察院一并移送。\n第六百一十三条　对没收违法所得的申请，人民法院应当在三十日以内审查完毕，并按照下列情形分别处理：\n（一）属于没收违法所得申请受案范围和本院管辖，且材料齐全、有证据证明有犯罪事实的，应当受理；\n（二）不属于没收违法所得申请受案范围或者本院管辖的，应当退回人民检察院；\n（三）没收违法所得申请不符合“有证据证明有犯罪事实”标准要求的，应当通知人民检察院撤回申请；\n（四）材料不全的，应当通知人民检察院在七日以内补送；七日以内不能补送的，应当退回人民检察院。\n人民检察院尚未查封、扣押、冻结申请没收的财产或者查封、扣押、冻结期限即将届满，涉案财产有被隐匿、转移或者毁损、灭失危险的，人民法院可以查封、扣押、冻结申请没收的财产。\n第六百一十四条　人民法院受理没收违法所得的申请后，应当在十五日以内发布公告。公告应当载明以下内容：\n（一）案由、案件来源；\n（二）犯罪嫌疑人、被告人的基本情况；\n（三）犯罪嫌疑人、被告人涉嫌犯罪的事实；\n（四）犯罪嫌疑人、被告人逃匿、被通缉、脱逃、下落不明、死亡等情况；\n（五）申请没收的财产的种类、数量、价值、所在地等以及已查封、扣押、冻结财产的清单和法律手续；\n（六）申请没收的财产属于违法所得及其他涉案财产的相关事实；\n（七）申请没收的理由和法律依据；\n（八）利害关系人申请参加诉讼的期限、方式以及未按照该期限、方式申请参加诉讼可能承担的不利法律后果；\n（九）其他应当公告的情况。\n公告期为六个月，公告期间不适用中止、中断、延长的规定。\n第六百一十五条　公告应当在全国公开发行的报纸、信息网络媒体、最高人民法院的官方网站发布，并在人民法院公告栏发布。必要时，公告可以在犯罪地、犯罪嫌疑人、被告人居住地或者被申请没收财产所在地发布。最后发布的公告的日期为公告日期。发布公告的，应当采取拍照、录像等方式记录发布过程。\n人民法院已经掌握境内利害关系人联系方式的，应当直接送达含有公告内容的通知；直接送达有困难的，可以委托代为送达、邮寄送达。经受送达人同意的，可以采用传真、电子邮件等能够确认其收悉的方式告知公告内容，并记录在案。\n人民法院已经掌握境外犯罪嫌疑人、被告人、利害关系人联系方式，经受送达人同意的，可以采用传真、电子邮件等能够确认其收悉的方式告知公告内容，并记录在案；受送达人未表示同意，或者人民法院未掌握境外犯罪嫌疑人、被告人、利害关系人联系方式，其所在国、地区的主管机关明确提出应当向受送达人送达含有公告内容的通知的，人民法院可以决定是否送达。决定送达的，应当依照本解释第四百九十三条的规定请求所在国、地区提供司法协助。\n第六百一十六条　刑事诉讼法第二百九十九条第二款、第三百条第二款规定的“其他利害关系人”，是指除犯罪嫌疑人、被告人的近亲属以外的，对申请没收的财产主张权利的自然人和单位。\n第六百一十七条　犯罪嫌疑人、被告人的近亲属和其他利害关系人申请参加诉讼的，应当在公告期间内提出。犯罪嫌疑人、被告人的近亲属应当提供其与犯罪嫌疑人、被告人关系的证明材料，其他利害关系人应当提供证明其对违法所得及其他涉案财产主张权利的证据材料。\n利害关系人可以委托诉讼代理人参加诉讼。委托律师担任诉讼代理人的，应当委托具有中华人民共和国律师资格并依法取得执业证书的律师；在境外委托的，应当依照本解释第四百八十六条的规定对授权委托进行公证、认证。\n利害关系人在公告期满后申请参加诉讼，能够合理说明理由的，人民法院应当准许。\n第六百一十八条　犯罪嫌疑人、被告人逃匿境外，委托诉讼代理人申请参加诉讼，且违法所得或者其他涉案财产所在国、地区主管机关明确提出意见予以支持的，人民法院可以准许。\n人民法院准许参加诉讼的，犯罪嫌疑人、被告人的诉讼代理人依照本解释关于利害关系人的诉讼代理人的规定行使诉讼权利。\n第六百一十九条　公告期满后，人民法院应当组成合议庭对申请没收违法所得的案件进行审理。\n利害关系人申请参加或者委托诉讼代理人参加诉讼的，应当开庭审理。没有利害关系人申请参加诉讼的，或者利害关系人及其诉讼代理人无正当理由拒不到庭的，可以不开庭审理。\n人民法院确定开庭日期后，应当将开庭的时间、地点通知人民检察院、利害关系人及其诉讼代理人、证人、鉴定人、翻译人员。通知书应当依照本解释第六百一十五条第二款、第三款规定的方式，至迟在开庭审理三日以前送达；受送达人在境外的，至迟在开庭审理三十日以前送达。\n第六百二十条　开庭审理申请没收违法所得的案件，按照下列程序进行：\n（一）审判长宣布法庭调查开始后，先由检察员宣读申请书，后由利害关系人、诉讼代理人发表意见；\n（二）法庭应当依次就犯罪嫌疑人、被告人是否实施了贪污贿赂犯罪、恐怖活动犯罪等重大犯罪并已经通缉一年不能到案，或者是否已经死亡，以及申请没收的财产是否依法应当追缴进行调查；调查时，先由检察员出示证据，后由利害关系人、诉讼代理人出示证据，并进行质证；\n（三）法庭辩论阶段，先由检察员发言，后由利害关系人、诉讼代理人发言，并进行辩论。\n利害关系人接到通知后无正当理由拒不到庭，或者未经法庭许可中途退庭的，可以转为不开庭审理，但还有其他利害关系人参加诉讼的除外。\n第六百二十一条　对申请没收违法所得的案件，人民法院审理后，应当按照下列情形分别处理：\n（一）申请没收的财产属于违法所得及其他涉案财产的，除依法返还被害人的以外，应当裁定没收；\n（二）不符合刑事诉讼法第二百九十八条第一款规定的条件的，应当裁定驳回申请，解除查封、扣押、冻结措施。\n申请没收的财产具有高度可能属于违法所得及其他涉案财产的，应当认定为前款规定的“申请没收的财产属于违法所得及其他涉案财产”。巨额财产来源不明犯罪案件中，没有利害关系人对违法所得及其他涉案财产主张权利，或者利害关系人对违法所得及其他涉案财产虽然主张权利但提供的证据没有达到相应证明标准的，应当视为“申请没收的财产属于违法所得及其他涉案财产”。\n第六百二十二条　对没收违法所得或者驳回申请的裁定，犯罪嫌疑人、被告人的近亲属和其他利害关系人或者人民检察院可以在五日以内提出上诉、抗诉。\n第六百二十三条　对不服第一审没收违法所得或者驳回申请裁定的上诉、抗诉案件，第二审人民法院经审理，应当按照下列情形分别处理：\n（一）第一审裁定认定事实清楚和适用法律正确的，应当驳回上诉或者抗诉，维持原裁定；\n（二）第一审裁定认定事实清楚，但适用法律有错误的，应当改变原裁定；\n（三）第一审裁定认定事实不清的，可以在查清事实后改变原裁定，也可以撤销原裁定，发回原审人民法院重新审判；\n（四）第一审裁定违反法定诉讼程序，可能影响公正审判的，应当撤销原裁定，发回原审人民法院重新审判。\n第一审人民法院对发回重新审判的案件作出裁定后，第二审人民法院对不服第一审人民法院裁定的上诉、抗诉，应当依法作出裁定，不得再发回原审人民法院重新审判；但是，第一审人民法院在重新审判过程中违反法定诉讼程序，可能影响公正审判的除外。\n第六百二十四条　利害关系人非因故意或者重大过失在第一审期间未参加诉讼，在第二审期间申请参加诉讼的，人民法院应当准许，并撤销原裁定，发回原审人民法院重新审判。\n第六百二十五条　在审理申请没收违法所得的案件过程中，在逃的犯罪嫌疑人、被告人到案的，人民法院应当裁定终止审理。人民检察院向原受理申请的人民法院提起公诉的，可以由同一审判组织审理。\n第六百二十六条　在审理案件过程中，被告人脱逃或者死亡，符合刑事诉讼法第二百九十八条第一款规定的，人民检察院可以向人民法院提出没收违法所得的申请；符合刑事诉讼法第二百九十一条第一款规定的，人民检察院可以按照缺席审判程序向人民法院提起公诉。\n人民检察院向原受理案件的人民法院提出没收违法所得申请的，可以由同一审判组织审理。\n第六百二十七条　审理申请没收违法所得案件的期限，参照公诉案件第一审普通程序和第二审程序的审理期限执行。\n公告期间和请求刑事司法协助的时间不计入审理期限。\n第六百二十八条　没收违法所得裁定生效后，犯罪嫌疑人、被告人到案并对没收裁定提出异议，人民检察院向原作出裁定的人民法院提起公诉的，可以由同一审判组织审理。\n人民法院经审理，应当按照下列情形分别处理：\n（一）原裁定正确的，予以维持，不再对涉案财产作出判决；\n（二）原裁定确有错误的，应当撤销原裁定，并在判决中对有关涉案财产一并作出处理。\n人民法院生效的没收裁定确有错误的，除第一款规定的情形外，应当依照审判监督程序予以纠正。\n第六百二十九条　人民法院审理申请没收违法所得的案件，本章没有规定的，参照适用本解释的有关规定。\n第二十六章　依法不负刑事责任的精神病人的强制医疗程序\n第六百三十条　实施暴力行为，危害公共安全或者严重危害公民人身安全，社会危害性已经达到犯罪程度，但经法定程序鉴定依法不负刑事责任的精神病人，有继续危害社会可能的，可以予以强制医疗。\n第六百三十一条　人民检察院申请对依法不负刑事责任的精神病人强制医疗的案件，由被申请人实施暴力行为所在地的基层人民法院管辖；由被申请人居住地的人民法院审判更为适宜的，可以由被申请人居住地的基层人民法院管辖。\n第六百三十二条　对人民检察院提出的强制医疗申请，人民法院应当审查以下内容：\n（一）是否属于本院管辖；\n（二）是否写明被申请人的身份，实施暴力行为的时间、地点、手段、所造成的损害等情况，并附证据材料；\n（三）是否附有法医精神病鉴定意见和其他证明被申请人属于依法不负刑事责任的精神病人的证据材料；\n（四）是否列明被申请人的法定代理人的姓名、住址、联系方式；\n（五）需要审查的其他事项。\n第六百三十三条　对人民检察院提出的强制医疗申请，人民法院应当在七日以内审查完毕，并按照下列情形分别处理：\n（一）属于强制医疗程序受案范围和本院管辖，且材料齐全的，应当受理；\n（二）不属于本院管辖的，应当退回人民检察院；\n（三）材料不全的，应当通知人民检察院在三日以内补送；三日以内不能补送的，应当退回人民检察院。\n第六百三十四条　审理强制医疗案件，应当通知被申请人或者被告人的法定代理人到场；被申请人或者被告人的法定代理人经通知未到场的，可以通知被申请人或者被告人的其他近亲属到场。\n被申请人或者被告人没有委托诉讼代理人的，应当自受理强制医疗申请或者发现被告人符合强制医疗条件之日起三日以内，通知法律援助机构指派律师担任其诉讼代理人，为其提供法律帮助。\n第六百三十五条　审理强制医疗案件，应当组成合议庭，开庭审理。但是，被申请人、被告人的法定代理人请求不开庭审理，并经人民法院审查同意的除外。\n审理强制医疗案件，应当会见被申请人，听取被害人及其法定代理人的意见。\n第六百三十六条　开庭审理申请强制医疗的案件，按照下列程序进行：\n（一）审判长宣布法庭调查开始后，先由检察员宣读申请书，后由被申请人的法定代理人、诉讼代理人发表意见；\n（二）法庭依次就被申请人是否实施了危害公共安全或者严重危害公民人身安全的暴力行为、是否属于依法不负刑事责任的精神病人、是否有继续危害社会的可能进行调查；调查时，先由检察员出示证据，后由被申请人的法定代理人、诉讼代理人出示证据，并进行质证；必要时，可以通知鉴定人出庭对鉴定意见作出说明；\n（三）法庭辩论阶段，先由检察员发言，后由被申请人的法定代理人、诉讼代理人发言，并进行辩论。\n被申请人要求出庭，人民法院经审查其身体和精神状态，认为可以出庭的，应当准许。出庭的被申请人，在法庭调查、辩论阶段，可以发表意见。\n检察员宣读申请书后，被申请人的法定代理人、诉讼代理人无异议的，法庭调查可以简化。\n第六百三十七条　对申请强制医疗的案件，人民法院审理后，应当按照下列情形分别处理：\n（一）符合刑事诉讼法第三百零二条规定的强制医疗条件的，应当作出对被申请人强制医疗的决定；\n（二）被申请人属于依法不负刑事责任的精神病人，但不符合强制医疗条件的，应当作出驳回强制医疗申请的决定；被申请人已经造成危害结果的，应当同时责令其家属或者监护人严加看管和医疗；\n（三）被申请人具有完全或者部分刑事责任能力，依法应当追究刑事责任的，应当作出驳回强制医疗申请的决定，并退回人民检察院依法处理。\n第六百三十八条　第一审人民法院在审理刑事案件过程中，发现被告人可能符合强制医疗条件的，应当依照法定程序对被告人进行法医精神病鉴定。经鉴定，被告人属于依法不负刑事责任的精神病人的，应当适用强制医疗程序，对案件进行审理。\n开庭审理前款规定的案件，应当先由合议庭组成人员宣读对被告人的法医精神病鉴定意见，说明被告人可能符合强制医疗的条件，后依次由公诉人和被告人的法定代理人、诉讼代理人发表意见。经审判长许可，公诉人和被告人的法定代理人、诉讼代理人可以进行辩论。\n第六百三十九条　对前条规定的案件，人民法院审理后，应当按照下列情形分别处理：\n（一）被告人符合强制医疗条件的，应当判决宣告被告人不负刑事责任，同时作出对被告人强制医疗的决定；\n（二）被告人属于依法不负刑事责任的精神病人，但不符合强制医疗条件的，应当判决宣告被告人无罪或者不负刑事责任；被告人已经造成危害结果的，应当同时责令其家属或者监护人严加看管和医疗；\n（三）被告人具有完全或者部分刑事责任能力，依法应当追究刑事责任的，应当依照普通程序继续审理。\n第六百四十条　第二审人民法院在审理刑事案件过程中，发现被告人可能符合强制医疗条件的，可以依照强制医疗程序对案件作出处理，也可以裁定发回原审人民法院重新审判。\n第六百四十一条　人民法院决定强制医疗的，应当在作出决定后五日以内，向公安机关送达强制医疗决定书和强制医疗执行通知书，由公安机关将被决定强制医疗的人送交强制医疗。\n第六百四十二条　被决定强制医疗的人、被害人及其法定代理人、近亲属对强制医疗决定不服的，可以自收到决定书第二日起五日以内向上一级人民法院申请复议。复议期间不停止执行强制医疗的决定。\n第六百四十三条　对不服强制医疗决定的复议申请，上一级人民法院应当组成合议庭审理，并在一个月以内，按照下列情形分别作出复议决定：\n（一）被决定强制医疗的人符合强制医疗条件的，应当驳回复议申请，维持原决定；\n（二）被决定强制医疗的人不符合强制医疗条件的，应当撤销原决定；\n（三）原审违反法定诉讼程序，可能影响公正审判的，应当撤销原决定，发回原审人民法院重新审判。\n第六百四十四条　对本解释第六百三十九条第一项规定的判决、决定，人民检察院提出抗诉，同时被决定强制医疗的人、被害人及其法定代理人、近亲属申请复议的，上一级人民法院应当依照第二审程序一并处理。\n第六百四十五条　被强制医疗的人及其近亲属申请解除强制医疗的，应当向决定强制医疗的人民法院提出。\n被强制医疗的人及其近亲属提出的解除强制医疗申请被人民法院驳回，六个月后再次提出申请的，人民法院应当受理。\n第六百四十六条　强制医疗机构提出解除强制医疗意见，或者被强制医疗的人及其近亲属申请解除强制医疗的，人民法院应当审查是否附有对被强制医疗的人的诊断评估报告。\n强制医疗机构提出解除强制医疗意见，未附诊断评估报告的，人民法院应当要求其提供。\n被强制医疗的人及其近亲属向人民法院申请解除强制医疗，强制医疗机构未提供诊断评估报告的，申请人可以申请人民法院调取。必要时，人民法院可以委托鉴定机构对被强制医疗的人进行鉴定。\n第六百四十七条　强制医疗机构提出解除强制医疗意见，或者被强制医疗的人及其近亲属申请解除强制医疗的，人民法院应当组成合议庭进行审查，并在一个月以内，按照下列情形分别处理：\n（一）被强制医疗的人已不具有人身危险性，不需要继续强制医疗的，应当作出解除强制医疗的决定，并可责令被强制医疗的人的家属严加看管和医疗；\n（二）被强制医疗的人仍具有人身危险性，需要继续强制医疗的，应当作出继续强制医疗的决定。\n对前款规定的案件，必要时，人民法院可以开庭审理，通知人民检察院派员出庭。\n人民法院应当在作出决定后五日以内，将决定书送达强制医疗机构、申请解除强制医疗的人、被决定强制医疗的人和人民检察院。决定解除强制医疗的，应当通知强制医疗机构在收到决定书的当日解除强制医疗。\n第六百四十八条　人民检察院认为强制医疗决定或者解除强制医疗决定不当，在收到决定书后二十日以内提出书面纠正意见的，人民法院应当另行组成合议庭审理，并在一个月以内作出决定。\n第六百四十九条　审理强制医疗案件，本章没有规定的，参照适用本解释的有关规定。\n第二十七章　附则\n第六百五十条　人民法院讯问被告人，宣告判决，审理减刑、假释案件等，可以根据情况采取视频方式。\n第六百五十一条　向人民法院提出自诉、上诉、申诉、申请等的，应当以书面形式提出。书写有困难的，除另有规定的以外，可以口头提出，由人民法院工作人员制作笔录或者记录在案，并向口述人宣读或者交其阅读。\n第六百五十二条　诉讼期间制作、形成的工作记录、告知笔录等材料，应当由制作人员和其他有关人员签名、盖章。宣告或者送达裁判文书、通知书等诉讼文书的，应当由接受宣告或者送达的人在诉讼文书、送达回证上签名、盖章。\n诉讼参与人未签名、盖章的，应当捺指印；刑事被告人除签名、盖章外，还应当捺指印。\n当事人拒绝签名、盖章、捺指印的，办案人员应当在诉讼文书或者笔录材料中注明情况，有见证人见证或者有录音录像证明的，不影响相关诉讼文书或者笔录材料的效力。\n第六百五十三条　本解释的有关规定适用于军事法院等专门人民法院。\n第六百五十四条　本解释有关公安机关的规定，依照刑事诉讼法的有关规定，适用于国家安全机关、军队保卫部门、中国海警局和监狱。\n第六百五十五条　本解释自2021年3月1日起施行。最高人民法院2012年12月20日发布的《关于适用〈中华人民共和国刑事诉讼法〉的解释》（法释〔2012〕21号）同时废止。最高人民法院以前发布的司法解释和规范性文件，与本解释不一致的，以本解释为准。', 1, '2022-07-13 20:24:48', 1, '2022-07-13 20:24:48');
COMMIT;

-- ----------------------------
-- Table structure for lc_subject
-- ----------------------------
DROP TABLE IF EXISTS `lc_subject`;
CREATE TABLE `lc_subject` (
  `id` bigint(20) NOT NULL AUTO_INCREMENT,
  `parent_id` bigint(20) DEFAULT NULL,
  `name` varchar(50) DEFAULT NULL,
  `created_by` bigint(20) DEFAULT NULL,
  `created_time` datetime DEFAULT NULL,
  `lastmodified_by` bigint(20) DEFAULT NULL,
  `lastmodified_time` datetime DEFAULT NULL,
  PRIMARY KEY (`id`),
  KEY `FKlsa69jp0c73ahpmdkoqntitg` (`parent_id`),
  CONSTRAINT `FKlsa69jp0c73ahpmdkoqntitg` FOREIGN KEY (`parent_id`) REFERENCES `lc_subject` (`id`)
) ENGINE=InnoDB AUTO_INCREMENT=19 DEFAULT CHARSET=utf8;

-- ----------------------------
-- Records of lc_subject
-- ----------------------------
BEGIN;
INSERT INTO `lc_subject` VALUES (15, NULL, '环保', 1, '2022-07-10 09:25:07', 1, '2022-07-10 09:25:07');
INSERT INTO `lc_subject` VALUES (16, NULL, '涉税', 1, '2022-07-10 09:25:21', 1, '2022-07-10 09:25:21');
INSERT INTO `lc_subject` VALUES (17, NULL, '烟草', 1, '2022-07-10 09:25:36', 1, '2022-07-10 09:25:36');
INSERT INTO `lc_subject` VALUES (18, NULL, '消防', 1, '2022-07-10 09:25:46', 1, '2022-07-10 09:25:46');
COMMIT;

-- ----------------------------
-- Table structure for lc_subject_item
-- ----------------------------
DROP TABLE IF EXISTS `lc_subject_item`;
CREATE TABLE `lc_subject_item` (
  `id` bigint(20) NOT NULL AUTO_INCREMENT,
  `subject_id` bigint(20) DEFAULT NULL,
  `name` varchar(50) DEFAULT NULL,
  `law_title` varchar(200) DEFAULT NULL,
  `law_content` text,
  `created_by` bigint(20) DEFAULT NULL,
  `created_time` datetime DEFAULT NULL,
  `lastmodified_by` bigint(20) DEFAULT NULL,
  `lastmodified_time` datetime DEFAULT NULL,
  PRIMARY KEY (`id`)
) ENGINE=InnoDB AUTO_INCREMENT=22 DEFAULT CHARSET=utf8;

-- ----------------------------
-- Records of lc_subject_item
-- ----------------------------
BEGIN;
INSERT INTO `lc_subject_item` VALUES (1, 15, '无环评不停建', '环境保护法63.1.1', '      第六十三条 企业事业单位和其他生产经营者有下列行为之一，尚不构成犯罪的，除依照有关法律法规规定予以处罚外，由县级以上人民政府环境保护主管部门或者其他有关部门将案件移送公安机关，对其直接负责的主管人员和其他直接责任人员，处十日以上十五日以下拘留；情节较轻的，处五日以上十日以下拘留：\n\n（一）建设项目未依法进行环境影响评价，被责令停止建设，拒不执行的；\n\n（二）违反法律规定，未取得排污许可证排放污染物，被责令停止排污，拒不执行的；\n\n（三）通过暗管、渗井、渗坑、灌注或者篡改、伪造监测数据，或者不正常运行防治污染设施等逃避监管的方式违法排放污染物的；\n\n（四）生产、使用国家明令禁止生产、使用的农药，被责令改正，拒不改正的。', 1, '2022-07-10 09:29:21', 1, '2022-07-10 09:31:33');
INSERT INTO `lc_subject_item` VALUES (2, 15, '无许可不停排', '环境保护法63.1.2', '      第六十三条 企业事业单位和其他生产经营者有下列行为之一，尚不构成犯罪的，除依照有关法律法规规定予以处罚外，由县级以上人民政府环境保护主管部门或者其他有关部门将案件移送公安机关，对其直接负责的主管人员和其他直接责任人员，处十日以上十五日以下拘留；情节较轻的，处五日以上十日以下拘留：\n\n（一）建设项目未依法进行环境影响评价，被责令停止建设，拒不执行的；\n\n（二）违反法律规定，未取得排污许可证排放污染物，被责令停止排污，拒不执行的；\n\n（三）通过暗管、渗井、渗坑、灌注或者篡改、伪造监测数据，或者不正常运行防治污染设施等逃避监管的方式违法排放污染物的；\n\n（四）生产、使用国家明令禁止生产、使用的农药，被责令改正，拒不改正的。', 1, '2022-07-10 09:32:16', 1, '2022-07-10 09:32:25');
INSERT INTO `lc_subject_item` VALUES (3, 15, '逃避监管偷排', '环境保护法63.1.3', '      第六十三条 企业事业单位和其他生产经营者有下列行为之一，尚不构成犯罪的，除依照有关法律法规规定予以处罚外，由县级以上人民政府环境保护主管部门或者其他有关部门将案件移送公安机关，对其直接负责的主管人员和其他直接责任人员，处十日以上十五日以下拘留；情节较轻的，处五日以上十日以下拘留：\n\n（一）建设项目未依法进行环境影响评价，被责令停止建设，拒不执行的；\n\n（二）违反法律规定，未取得排污许可证排放污染物，被责令停止排污，拒不执行的；\n\n（三）通过暗管、渗井、渗坑、灌注或者篡改、伪造监测数据，或者不正常运行防治污染设施等逃避监管的方式违法排放污染物的；\n\n（四）生产、使用国家明令禁止生产、使用的农药，被责令改正，拒不改正的。', 1, '2022-07-10 09:33:14', 1, '2022-07-10 09:33:23');
INSERT INTO `lc_subject_item` VALUES (4, 15, '生产使用禁用农药', '环境保护法63.1.4', '      第六十三条 企业事业单位和其他生产经营者有下列行为之一，尚不构成犯罪的，除依照有关法律法规规定予以处罚外，由县级以上人民政府环境保护主管部门或者其他有关部门将案件移送公安机关，对其直接负责的主管人员和其他直接责任人员，处十日以上十五日以下拘留；情节较轻的，处五日以上十日以下拘留：\n\n（一）建设项目未依法进行环境影响评价，被责令停止建设，拒不执行的；\n\n（二）违反法律规定，未取得排污许可证排放污染物，被责令停止排污，拒不执行的；\n\n（三）通过暗管、渗井、渗坑、灌注或者篡改、伪造监测数据，或者不正常运行防治污染设施等逃避监管的方式违法排放污染物的；\n\n（四）生产、使用国家明令禁止生产、使用的农药，被责令改正，拒不改正的。', 1, '2022-07-10 09:33:46', 1, '2022-07-10 09:33:55');
INSERT INTO `lc_subject_item` VALUES (6, 16, '阻碍执行职务', '阻碍执行职务', '阻碍执行职务', 1, '2022-07-10 09:40:22', 1, '2022-07-10 09:40:22');
INSERT INTO `lc_subject_item` VALUES (7, 16, '逃税', '逃税', '逃税', 1, '2022-07-10 09:40:34', 1, '2022-07-10 09:40:34');
INSERT INTO `lc_subject_item` VALUES (8, 16, '虚开增值税专用发票', '虚开增值税专用发票', '虚开增值税专用发票', 1, '2022-07-10 09:40:45', 1, '2022-07-10 09:40:45');
INSERT INTO `lc_subject_item` VALUES (9, 17, '阻碍执行职务', '阻碍执行职务', '阻碍执行职务', 1, '2022-07-10 09:41:08', 1, '2022-07-10 09:41:08');
INSERT INTO `lc_subject_item` VALUES (10, 17, '非法经营', '非法经营', '非法经营', 1, '2022-07-10 09:41:20', 1, '2022-07-10 09:41:20');
INSERT INTO `lc_subject_item` VALUES (11, 17, '生产销售伪劣', '生产销售伪劣', '生产销售伪劣', 1, '2022-07-10 09:41:30', 1, '2022-07-10 09:41:30');
INSERT INTO `lc_subject_item` VALUES (12, 17, '假冒注册商标', '假冒注册商标', '假冒注册商标', 1, '2022-07-10 09:41:42', 1, '2022-07-10 09:41:42');
INSERT INTO `lc_subject_item` VALUES (13, 18, '违反规定进入危险场所', '消防法63.1.1', '   第六十三条 违反本法规定，有下列行为之一的，处警告或者五百元以下罚款；情节严重的，处五日以下拘留：\n\n（一）违反消防安全规定进入生产、储存易燃易爆危险品场所的；\n\n（二）违反规定使用明火作业或者在具有火灾、爆炸危险的场所吸烟、使用明火的。', 1, '2022-07-10 09:42:58', 1, '2022-07-10 09:42:58');
INSERT INTO `lc_subject_item` VALUES (14, 18, '危险场所使用明火', '消防法63.1.2', '  第六十三条 违反本法规定，有下列行为之一的，处警告或者五百元以下罚款；情节严重的，处五日以下拘留：\n\n（一）违反消防安全规定进入生产、储存易燃易爆危险品场所的；\n\n（二）违反规定使用明火作业或者在具有火灾、爆炸危险的场所吸烟、使用明火的。', 1, '2022-07-10 09:43:35', 1, '2022-07-10 09:43:35');
INSERT INTO `lc_subject_item` VALUES (15, 18, '过失火灾', '消防法64.1.1', '  第六十四条 违反本法规定，有下列行为之一，尚不构成犯罪的，处十日以上十五日以下拘留，可以并处五百元以下罚款；情节较轻的，处警告或者五百元以下罚款：\n\n（一）指使或者强令他人违反消防安全规定，冒险作业的；\n\n（二）过失引起火灾的；\n\n（三）在火灾发生后阻拦报警，或者负有报告职责的人员不及时报警的；\n\n（四）扰乱火灾现场秩序，或者拒不执行火灾现场指挥员指挥，影响灭火救援的；\n\n（五）故意破坏或者伪造火灾现场的；\n\n（六）擅自拆封或者使用被消防救援机构查封的场所、部位的。', 1, '2022-07-10 09:44:11', 1, '2022-07-10 09:44:11');
INSERT INTO `lc_subject_item` VALUES (16, 18, '冒险作业', '消防法64.1.2', '  第六十四条 违反本法规定，有下列行为之一，尚不构成犯罪的，处十日以上十五日以下拘留，可以并处五百元以下罚款；情节较轻的，处警告或者五百元以下罚款：\n\n（一）指使或者强令他人违反消防安全规定，冒险作业的；\n\n（二）过失引起火灾的；\n\n（三）在火灾发生后阻拦报警，或者负有报告职责的人员不及时报警的；\n\n（四）扰乱火灾现场秩序，或者拒不执行火灾现场指挥员指挥，影响灭火救援的；\n\n（五）故意破坏或者伪造火灾现场的；\n\n（六）擅自拆封或者使用被消防救援机构查封的场所、部位的。', 1, '2022-07-10 09:44:51', 1, '2022-07-10 09:44:51');
INSERT INTO `lc_subject_item` VALUES (17, 18, '不及时报警', '消防法64.1.3', '  第六十四条 违反本法规定，有下列行为之一，尚不构成犯罪的，处十日以上十五日以下拘留，可以并处五百元以下罚款；情节较轻的，处警告或者五百元以下罚款：\n\n（一）指使或者强令他人违反消防安全规定，冒险作业的；\n\n（二）过失引起火灾的；\n\n（三）在火灾发生后阻拦报警，或者负有报告职责的人员不及时报警的；\n\n（四）扰乱火灾现场秩序，或者拒不执行火灾现场指挥员指挥，影响灭火救援的；\n\n（五）故意破坏或者伪造火灾现场的；\n\n（六）擅自拆封或者使用被消防救援机构查封的场所、部位的。', 1, '2022-07-10 09:45:57', 1, '2022-07-10 09:45:57');
INSERT INTO `lc_subject_item` VALUES (18, 18, '扰乱火场秩序', '消防法64.1.4', '  第六十四条 违反本法规定，有下列行为之一，尚不构成犯罪的，处十日以上十五日以下拘留，可以并处五百元以下罚款；情节较轻的，处警告或者五百元以下罚款：\n\n（一）指使或者强令他人违反消防安全规定，冒险作业的；\n\n（二）过失引起火灾的；\n\n（三）在火灾发生后阻拦报警，或者负有报告职责的人员不及时报警的；\n\n（四）扰乱火灾现场秩序，或者拒不执行火灾现场指挥员指挥，影响灭火救援的；\n\n（五）故意破坏或者伪造火灾现场的；\n\n（六）擅自拆封或者使用被消防救援机构查封的场所、部位的。', 1, '2022-07-10 09:46:25', 1, '2022-07-10 09:46:25');
INSERT INTO `lc_subject_item` VALUES (19, 18, '破坏、伪造现场', '消防法64.1.5', '  第六十四条 违反本法规定，有下列行为之一，尚不构成犯罪的，处十日以上十五日以下拘留，可以并处五百元以下罚款；情节较轻的，处警告或者五百元以下罚款：\n\n（一）指使或者强令他人违反消防安全规定，冒险作业的；\n\n（二）过失引起火灾的；\n\n（三）在火灾发生后阻拦报警，或者负有报告职责的人员不及时报警的；\n\n（四）扰乱火灾现场秩序，或者拒不执行火灾现场指挥员指挥，影响灭火救援的；\n\n（五）故意破坏或者伪造火灾现场的；\n\n（六）擅自拆封或者使用被消防救援机构查封的场所、部位的。', 1, '2022-07-10 09:47:07', 1, '2022-07-10 09:47:07');
INSERT INTO `lc_subject_item` VALUES (20, 18, '擅自解封', '消防法64.1.6', '  第六十四条 违反本法规定，有下列行为之一，尚不构成犯罪的，处十日以上十五日以下拘留，可以并处五百元以下罚款；情节较轻的，处警告或者五百元以下罚款：\n\n（一）指使或者强令他人违反消防安全规定，冒险作业的；\n\n（二）过失引起火灾的；\n\n（三）在火灾发生后阻拦报警，或者负有报告职责的人员不及时报警的；\n\n（四）扰乱火灾现场秩序，或者拒不执行火灾现场指挥员指挥，影响灭火救援的；\n\n（五）故意破坏或者伪造火灾现场的；\n\n（六）擅自拆封或者使用被消防救援机构查封的场所、部位的。', 1, '2022-07-10 09:47:56', 1, '2022-07-10 09:47:56');
INSERT INTO `lc_subject_item` VALUES (21, 18, '不组织疏散', '消防法68', '    第六十八条 人员密集场所发生火灾，该场所的现场工作人员不履行组织、引导在场人员疏散的义务，情节严重，尚不构成犯罪的，处五日以上十日以下拘留。', 1, '2022-07-10 09:48:42', 1, '2022-07-10 09:48:42');
COMMIT;

-- ----------------------------
-- Table structure for sys_role
-- ----------------------------
DROP TABLE IF EXISTS `sys_role`;
CREATE TABLE `sys_role` (
  `id` bigint(20) NOT NULL AUTO_INCREMENT,
  `code` varchar(20) DEFAULT NULL,
  `name` varchar(50) DEFAULT NULL,
  `memo` varchar(2000) DEFAULT NULL,
  `created_by` bigint(20) DEFAULT NULL,
  `created_time` datetime DEFAULT NULL,
  `lastmodified_by` bigint(20) DEFAULT NULL,
  `lastmodified_time` datetime DEFAULT NULL,
  PRIMARY KEY (`id`)
) ENGINE=InnoDB AUTO_INCREMENT=3 DEFAULT CHARSET=utf8;

-- ----------------------------
-- Records of sys_role
-- ----------------------------
BEGIN;
INSERT INTO `sys_role` VALUES (1, 'ADMIN', '管理员', '管理员', 1, '2022-06-27 10:13:29', 1, '2022-06-27 10:13:34');
INSERT INTO `sys_role` VALUES (2, 'USER', '用户', '用户', 1, '2022-06-27 10:14:09', 1, '2022-06-27 10:14:14');
COMMIT;

-- ----------------------------
-- Table structure for sys_user
-- ----------------------------
DROP TABLE IF EXISTS `sys_user`;
CREATE TABLE `sys_user` (
  `id` bigint(20) NOT NULL AUTO_INCREMENT,
  `name` varchar(50) DEFAULT NULL,
  `gender` varchar(2) DEFAULT NULL,
  `dept_name` varchar(50) DEFAULT NULL,
  `mobile` varchar(50) DEFAULT NULL,
  `password` varchar(255) DEFAULT NULL,
  `memo` varchar(2000) DEFAULT NULL,
  `role` varchar(500) DEFAULT NULL,
  `status` tinyint(4) DEFAULT NULL,
  `created_by` bigint(20) DEFAULT NULL,
  `created_time` datetime DEFAULT NULL,
  `lastmodified_by` bigint(20) DEFAULT NULL,
  `lastmodified_time` datetime DEFAULT NULL,
  PRIMARY KEY (`id`)
) ENGINE=InnoDB AUTO_INCREMENT=5 DEFAULT CHARSET=utf8;

-- ----------------------------
-- Records of sys_user
-- ----------------------------
BEGIN;
INSERT INTO `sys_user` VALUES (1, '管理员', '男', '行政部', '13000000000', '$2a$10$aMETWsbh1YdAiju3TrrD6OO/nLQpvZz.8JBqi4qvCb/ed/OzsWsXG', NULL, 'ADMIN,USER', 1, 1, '2022-06-08 21:26:23', 1, '2022-07-15 09:55:18');
INSERT INTO `sys_user` VALUES (2, 'test1', '男', '井店镇派出所', '13000000002', '$2a$10$bYFKJ8xCrDXQ2ytmV3SeAe0b2gvNtbNHVvhx7/AGrBBT77N.R4Msa', '123', 'USER', 2, 1, '2022-06-12 13:02:35', 1, '2022-06-27 14:31:17');
INSERT INTO `sys_user` VALUES (3, '秦始皇', '男', '长安派出所', '13000000001', '$2a$10$FE1CTfWlD0zCa6YJ/BmifOb9ZVvJy2kx9Yy.EXCJsR4Yc1hun9F7y', '我是长安派出所的秦始皇，请审批', 'USER', 1, 1, '2022-06-27 14:06:27', 1, '2022-06-27 14:31:17');
INSERT INTO `sys_user` VALUES (4, '刘邦', '男', '泗水亭长', '13000000003', '$2a$10$C3CBkHLjWi9NFZ0dctgbtupzXR7eZqMYeR/NnKcyqlB12rmuuyOCS', '我是泗水亭长，请审批', 'USER', 0, 1, '2022-06-27 14:07:11', 1, '2022-06-27 14:07:11');
COMMIT;

SET FOREIGN_KEY_CHECKS = 1;
